/*******************************************************************************
 * Size: 72 px
 * Bpp: 1
 * Opts: --bpp 1 --size 72 --no-compress --stride 1 --align 1 --font Roboto-ExtraBold.ttf --range 32-255 --format lvgl -o roboto_extra_bold_72.c
 ******************************************************************************/

#ifdef __has_include
    #if __has_include("lvgl.h")
        #ifndef LV_LVGL_H_INCLUDE_SIMPLE
            #define LV_LVGL_H_INCLUDE_SIMPLE
        #endif
    #endif
#endif

#ifdef LV_LVGL_H_INCLUDE_SIMPLE
    #include "lvgl.h"
#else
    #include "lvgl/lvgl.h"
#endif



#ifndef ROBOTO_EXTRA_BOLD_72
#define ROBOTO_EXTRA_BOLD_72 1
#endif

#if ROBOTO_EXTRA_BOLD_72

/*-----------------
 *    BITMAPS
 *----------------*/

/*Store the image of the glyphs*/
static LV_ATTRIBUTE_LARGE_CONST const uint8_t glyph_bitmap[] = {
    /* U+0020 " " */
    0x0,

    /* U+0021 "!" */
    0xff, 0xff, 0xff, 0xff, 0xff, 0xff, 0xff, 0xf7,
    0xff, 0x7f, 0xf7, 0xff, 0x7f, 0xe7, 0xfe, 0x7f,
    0xe7, 0xfe, 0x7f, 0xe7, 0xfe, 0x7f, 0xe7, 0xfe,
    0x7f, 0xe7, 0xfe, 0x7f, 0xe7, 0xfe, 0x7f, 0xe7,
    0xfe, 0x7f, 0xe7, 0xfe, 0x7f, 0xe7, 0xfe, 0x7f,
    0xe7, 0xfe, 0x7f, 0xe7, 0xfe, 0x7f, 0xe7, 0xfe,
    0x3f, 0xe3, 0xfe, 0x3f, 0xe0, 0x0, 0x0, 0x0,
    0x0, 0x0, 0x0, 0x0, 0x0, 0x0, 0x0, 0x3f,
    0xc7, 0xfe, 0x7f, 0xef, 0xff, 0xff, 0xff, 0xff,
    0xff, 0xf7, 0xfe, 0x7f, 0xe3, 0xfc, 0x4, 0x0,

    /* U+0022 "\"" */
    0xff, 0xf, 0xff, 0xf0, 0xff, 0xff, 0xf, 0xff,
    0xf0, 0xff, 0xff, 0xf, 0xff, 0xf0, 0xff, 0xff,
    0xf, 0xff, 0xf0, 0xff, 0xff, 0xf, 0xff, 0xf0,
    0xff, 0xfe, 0xf, 0xef, 0xe0, 0xfe, 0xfe, 0xf,
    0xef, 0xe0, 0xfe, 0xfe, 0xf, 0xef, 0xe0, 0xfe,
    0xfe, 0xf, 0xef, 0xe0, 0xfe, 0xfe, 0xf, 0xe0,

    /* U+0023 "#" */
    0x0, 0x3, 0xf8, 0x1f, 0xc0, 0x0, 0x7, 0xe0,
    0x3f, 0x80, 0x0, 0x1f, 0xc0, 0x7f, 0x0, 0x0,
    0x3f, 0x80, 0xfc, 0x0, 0x0, 0x7f, 0x3, 0xf8,
    0x0, 0x0, 0xfe, 0x7, 0xf0, 0x0, 0x1, 0xfc,
    0xf, 0xe0, 0x0, 0x3, 0xf0, 0x1f, 0xc0, 0x0,
    0xf, 0xe0, 0x3f, 0x80, 0x0, 0x1f, 0xc0, 0x7e,
    0x0, 0x0, 0x3f, 0x81, 0xfc, 0x0, 0x0, 0x7f,
    0x3, 0xf8, 0x0, 0x0, 0xfe, 0x7, 0xf0, 0x0,
    0x1, 0xf8, 0xf, 0xe0, 0x0, 0x7, 0xf0, 0x1f,
    0xc0, 0x1f, 0xff, 0xff, 0xff, 0xff, 0x3f, 0xff,
    0xff, 0xff, 0xfe, 0x7f, 0xff, 0xff, 0xff, 0xfc,
    0xff, 0xff, 0xff, 0xff, 0xf9, 0xff, 0xff, 0xff,
    0xff, 0xf3, 0xff, 0xff, 0xff, 0xff, 0xe0, 0x7,
    0xf0, 0x3f, 0x80, 0x0, 0xf, 0xe0, 0x7f, 0x0,
    0x0, 0x1f, 0xc0, 0xfe, 0x0, 0x0, 0x3f, 0x81,
    0xfc, 0x0, 0x0, 0xfe, 0x3, 0xf8, 0x0, 0x1,
    0xfc, 0x7, 0xf0, 0x0, 0x3, 0xf8, 0x1f, 0xc0,
    0x0, 0x7, 0xf0, 0x3f, 0x80, 0x0, 0xf, 0xe0,
    0x7f, 0x0, 0x0, 0x1f, 0xc0, 0xfe, 0x0, 0x7f,
    0xff, 0xff, 0xff, 0xfc, 0xff, 0xff, 0xff, 0xff,
    0xf9, 0xff, 0xff, 0xff, 0xff, 0xf3, 0xff, 0xff,
    0xff, 0xff, 0xe7, 0xff, 0xff, 0xff, 0xff, 0xcf,
    0xff, 0xff, 0xff, 0xff, 0x80, 0x3f, 0x80, 0xfe,
    0x0, 0x0, 0x7f, 0x1, 0xf8, 0x0, 0x0, 0xfe,
    0x7, 0xf0, 0x0, 0x1, 0xfc, 0xf, 0xe0, 0x0,
    0x3, 0xf8, 0x1f, 0xc0, 0x0, 0x7, 0xe0, 0x3f,
    0x80, 0x0, 0x1f, 0xc0, 0x7f, 0x0, 0x0, 0x3f,
    0x80, 0xfc, 0x0, 0x0, 0x7f, 0x3, 0xf8, 0x0,
    0x0, 0xfe, 0x7, 0xf0, 0x0, 0x1, 0xfc, 0xf,
    0xe0, 0x0, 0x3, 0xf0, 0x1f, 0xc0, 0x0, 0xf,
    0xe0, 0x3f, 0x80, 0x0, 0x1f, 0xc0, 0x7e, 0x0,
    0x0, 0x3f, 0x81, 0xfc, 0x0, 0x0,

    /* U+0024 "$" */
    0x0, 0x0, 0xfc, 0x0, 0x0, 0x0, 0x1f, 0x80,
    0x0, 0x0, 0x3, 0xf0, 0x0, 0x0, 0x0, 0x7e,
    0x0, 0x0, 0x0, 0xf, 0xc0, 0x0, 0x0, 0x1,
    0xf8, 0x0, 0x0, 0x0, 0x3f, 0x0, 0x0, 0x0,
    0x7, 0xe0, 0x0, 0x0, 0xf, 0xff, 0x80, 0x0,
    0xf, 0xff, 0xfc, 0x0, 0x3, 0xff, 0xff, 0xe0,
    0x0, 0xff, 0xff, 0xfe, 0x0, 0x3f, 0xff, 0xff,
    0xe0, 0xf, 0xff, 0xff, 0xfe, 0x3, 0xff, 0xff,
    0xff, 0xc0, 0xff, 0xff, 0xff, 0xfc, 0x1f, 0xff,
    0xf, 0xff, 0xc3, 0xff, 0x80, 0x7f, 0xf8, 0xff,
    0xf0, 0x7, 0xff, 0x1f, 0xfc, 0x0, 0xff, 0xe3,
    0xff, 0x80, 0xf, 0xfe, 0x7f, 0xf0, 0x1, 0xff,
    0xcf, 0xfe, 0x0, 0x3f, 0xf9, 0xff, 0xc0, 0x7,
    0xff, 0x3f, 0xf8, 0x0, 0x0, 0x7, 0xff, 0x80,
    0x0, 0x0, 0xff, 0xf8, 0x0, 0x0, 0xf, 0xff,
    0x80, 0x0, 0x1, 0xff, 0xfc, 0x0, 0x0, 0x1f,
    0xff, 0xe0, 0x0, 0x3, 0xff, 0xff, 0x0, 0x0,
    0x3f, 0xff, 0xf8, 0x0, 0x3, 0xff, 0xff, 0xc0,
    0x0, 0x3f, 0xff, 0xfe, 0x0, 0x1, 0xff, 0xff,
    0xe0, 0x0, 0x1f, 0xff, 0xfe, 0x0, 0x0, 0xff,
    0xff, 0xf0, 0x0, 0x7, 0xff, 0xfe, 0x0, 0x0,
    0x1f, 0xff, 0xe0, 0x0, 0x0, 0xff, 0xfe, 0x0,
    0x0, 0x7, 0xff, 0xc0, 0x0, 0x0, 0x7f, 0xf8,
    0x0, 0x0, 0x7, 0xff, 0x80, 0x0, 0x0, 0xff,
    0xff, 0xfe, 0x0, 0xf, 0xff, 0xff, 0xc0, 0x1,
    0xff, 0xff, 0xf8, 0x0, 0x3f, 0xff, 0xff, 0x0,
    0x7, 0xff, 0xff, 0xf0, 0x0, 0xff, 0xef, 0xfe,
    0x0, 0x3f, 0xfd, 0xff, 0xe0, 0x7, 0xff, 0x3f,
    0xfe, 0x1, 0xff, 0xe3, 0xff, 0xfd, 0xff, 0xfc,
    0x3f, 0xff, 0xff, 0xff, 0x7, 0xff, 0xff, 0xff,
    0xe0, 0x7f, 0xff, 0xff, 0xf8, 0x7, 0xff, 0xff,
    0xfe, 0x0, 0x3f, 0xff, 0xff, 0x0, 0x3, 0xff,
    0xff, 0xc0, 0x0, 0xf, 0xff, 0xc0, 0x0, 0x0,
    0x1f, 0x80, 0x0, 0x0, 0x3, 0xf0, 0x0, 0x0,
    0x0, 0x7e, 0x0, 0x0, 0x0, 0xf, 0xc0, 0x0,
    0x0, 0x1, 0xf8, 0x0, 0x0, 0x0, 0x3f, 0x0,
    0x0, 0x0, 0x7, 0xe0, 0x0, 0x0, 0x0, 0xfc,
    0x0, 0x0,

    /* U+0025 "%" */
    0x0, 0x0, 0x0, 0x0, 0x0, 0x0, 0x7, 0xfe,
    0x0, 0x0, 0x0, 0x0, 0x3f, 0xff, 0x0, 0x0,
    0x0, 0x0, 0xff, 0xff, 0x0, 0x0, 0x0, 0x3,
    0xff, 0xff, 0x0, 0x0, 0x0, 0xf, 0xff, 0xff,
    0x0, 0x0, 0x0, 0x1f, 0xff, 0xfe, 0x0, 0x18,
    0x0, 0x7f, 0x81, 0xfc, 0x0, 0x7c, 0x0, 0xff,
    0x3, 0xfc, 0x0, 0xfe, 0x1, 0xfc, 0x3, 0xf8,
    0x3, 0xf8, 0x3, 0xf8, 0x7, 0xf0, 0x7, 0xf0,
    0x7, 0xf0, 0xf, 0xe0, 0x1f, 0xc0, 0xf, 0xe0,
    0x1f, 0xc0, 0x7f, 0x0, 0x1f, 0xc0, 0x3f, 0x80,
    0xfe, 0x0, 0x3f, 0x80, 0x7f, 0x3, 0xf8, 0x0,
    0x7f, 0x0, 0xfe, 0xf, 0xe0, 0x0, 0xff, 0x3,
    0xfc, 0x1f, 0xc0, 0x0, 0xff, 0xf, 0xf0, 0x7f,
    0x0, 0x1, 0xff, 0xff, 0xe0, 0xfe, 0x0, 0x1,
    0xff, 0xff, 0x83, 0xf8, 0x0, 0x3, 0xff, 0xff,
    0xf, 0xe0, 0x0, 0x3, 0xff, 0xfc, 0x1f, 0xc0,
    0x0, 0x1, 0xff, 0xe0, 0x7f, 0x0, 0x0, 0x0,
    0xff, 0x1, 0xfc, 0x0, 0x0, 0x0, 0x0, 0x3,
    0xf8, 0x0, 0x0, 0x0, 0x0, 0xf, 0xe0, 0x0,
    0x0, 0x0, 0x0, 0x3f, 0x80, 0x0, 0x0, 0x0,
    0x0, 0x7f, 0x0, 0x0, 0x0, 0x0, 0x1, 0xfc,
    0x0, 0x0, 0x0, 0x0, 0x3, 0xf8, 0x0, 0x0,
    0x0, 0x0, 0xf, 0xe0, 0x3f, 0xc0, 0x0, 0x0,
    0x3f, 0x81, 0xff, 0xe0, 0x0, 0x0, 0x7f, 0xf,
    0xff, 0xf0, 0x0, 0x1, 0xfc, 0x3f, 0xff, 0xf0,
    0x0, 0x7, 0xf0, 0x7f, 0xff, 0xe0, 0x0, 0xf,
    0xe1, 0xff, 0xff, 0xe0, 0x0, 0x3f, 0x83, 0xfc,
    0x3f, 0xc0, 0x0, 0x7e, 0xf, 0xf0, 0x3f, 0xc0,
    0x1, 0xfc, 0x1f, 0xc0, 0x3f, 0x80, 0x7, 0xf0,
    0x3f, 0x80, 0x7f, 0x0, 0xf, 0xe0, 0x7f, 0x0,
    0xfe, 0x0, 0x3f, 0x80, 0xfe, 0x1, 0xfc, 0x0,
    0xfe, 0x1, 0xfc, 0x3, 0xf8, 0x1, 0xfc, 0x3,
    0xf8, 0x7, 0xf0, 0x7, 0xf0, 0x7, 0xf0, 0xf,
    0xe0, 0xf, 0xc0, 0xf, 0xf0, 0x1f, 0xc0, 0x3f,
    0x80, 0x1f, 0xe0, 0x7f, 0x80, 0x1e, 0x0, 0x1f,
    0xff, 0xfe, 0x0, 0x8, 0x0, 0x3f, 0xff, 0xfc,
    0x0, 0x0, 0x0, 0x3f, 0xff, 0xf0, 0x0, 0x0,
    0x0, 0x3f, 0xff, 0xc0, 0x0, 0x0, 0x0, 0x3f,
    0xff, 0x0, 0x0, 0x0, 0x0, 0x1f, 0xf8, 0x0,
    0x0, 0x0, 0x0, 0x3, 0x0, 0x0,

    /* U+0026 "&" */
    0x0, 0x0, 0x0, 0x0, 0x0, 0x0, 0x0, 0xff,
    0xf0, 0x0, 0x0, 0x0, 0x3f, 0xff, 0xc0, 0x0,
    0x0, 0x7, 0xff, 0xff, 0x0, 0x0, 0x0, 0xff,
    0xff, 0xf8, 0x0, 0x0, 0x1f, 0xff, 0xff, 0xc0,
    0x0, 0x3, 0xff, 0xff, 0xfc, 0x0, 0x0, 0x3f,
    0xff, 0xff, 0xe0, 0x0, 0x7, 0xff, 0xff, 0xfe,
    0x0, 0x0, 0x7f, 0xf0, 0x7f, 0xf0, 0x0, 0xf,
    0xfe, 0x3, 0xff, 0x0, 0x0, 0xff, 0xc0, 0x1f,
    0xf0, 0x0, 0xf, 0xfc, 0x1, 0xff, 0x0, 0x0,
    0xff, 0xc0, 0x1f, 0xf0, 0x0, 0xf, 0xfc, 0x1,
    0xff, 0x0, 0x0, 0xff, 0xc0, 0x3f, 0xf0, 0x0,
    0xf, 0xfe, 0x3, 0xfe, 0x0, 0x0, 0xff, 0xe0,
    0x7f, 0xe0, 0x0, 0x7, 0xff, 0x1f, 0xfe, 0x0,
    0x0, 0x7f, 0xf3, 0xff, 0xc0, 0x0, 0x3, 0xff,
    0xff, 0xf8, 0x0, 0x0, 0x3f, 0xff, 0xff, 0x0,
    0x0, 0x1, 0xff, 0xff, 0xe0, 0x0, 0x0, 0x1f,
    0xff, 0xfc, 0x0, 0x0, 0x0, 0xff, 0xff, 0x80,
    0x0, 0x0, 0x7, 0xff, 0xe0, 0x0, 0x0, 0x1,
    0xff, 0xfc, 0x0, 0x0, 0x0, 0x3f, 0xff, 0xe0,
    0x0, 0x0, 0x7, 0xff, 0xff, 0x0, 0xff, 0x80,
    0xff, 0xff, 0xf8, 0xf, 0xf8, 0x1f, 0xff, 0xff,
    0x80, 0xff, 0x83, 0xff, 0xff, 0xfc, 0xf, 0xf8,
    0x3f, 0xff, 0xff, 0xe0, 0xff, 0x87, 0xff, 0x9f,
    0xff, 0x1f, 0xf8, 0x7f, 0xf0, 0xff, 0xf9, 0xff,
    0xf, 0xff, 0x7, 0xff, 0xdf, 0xf0, 0xff, 0xe0,
    0x3f, 0xff, 0xff, 0xf, 0xfe, 0x1, 0xff, 0xff,
    0xf0, 0xff, 0xe0, 0x1f, 0xff, 0xfe, 0xf, 0xfe,
    0x0, 0xff, 0xff, 0xe0, 0xff, 0xe0, 0x7, 0xff,
    0xfe, 0xf, 0xfe, 0x0, 0x3f, 0xff, 0xc0, 0xff,
    0xf0, 0x1, 0xff, 0xf8, 0x7, 0xff, 0x80, 0xf,
    0xff, 0x80, 0x7f, 0xfc, 0x3, 0xff, 0xf8, 0x3,
    0xff, 0xff, 0xff, 0xff, 0xc0, 0x3f, 0xff, 0xff,
    0xff, 0xfe, 0x1, 0xff, 0xff, 0xff, 0xff, 0xe0,
    0xf, 0xff, 0xff, 0xff, 0xff, 0x0, 0x7f, 0xff,
    0xff, 0xff, 0xf8, 0x3, 0xff, 0xff, 0xf3, 0xff,
    0xc0, 0x1f, 0xff, 0xfc, 0x1f, 0xfe, 0x0, 0x3f,
    0xff, 0x0, 0xff, 0xf0, 0x0, 0x18, 0x0, 0x0,
    0x0,

    /* U+0027 "'" */
    0xff, 0xff, 0xff, 0xff, 0xff, 0xff, 0xff, 0xff,
    0xff, 0xff, 0xff, 0xff, 0xfe, 0xfe, 0xfe, 0xfe,
    0xfe, 0xfe, 0xfe, 0xfe,

    /* U+0028 "(" */
    0x0, 0x0, 0xc0, 0x0, 0x1c, 0x0, 0x7, 0xc0,
    0x0, 0xfe, 0x0, 0x1f, 0xe0, 0x3, 0xff, 0x0,
    0x7f, 0xe0, 0xf, 0xfc, 0x0, 0xff, 0x80, 0x1f,
    0xf0, 0x3, 0xfe, 0x0, 0x3f, 0xc0, 0x7, 0xfc,
    0x0, 0x7f, 0x80, 0xf, 0xf8, 0x0, 0xff, 0x0,
    0x1f, 0xf0, 0x1, 0xff, 0x0, 0x1f, 0xe0, 0x3,
    0xfe, 0x0, 0x3f, 0xe0, 0x3, 0xfe, 0x0, 0x3f,
    0xc0, 0x7, 0xfc, 0x0, 0x7f, 0xc0, 0x7, 0xfc,
    0x0, 0x7f, 0xc0, 0x7, 0xf8, 0x0, 0xff, 0x80,
    0xf, 0xf8, 0x0, 0xff, 0x80, 0xf, 0xf8, 0x0,
    0xff, 0x80, 0xf, 0xf8, 0x0, 0xff, 0x80, 0xf,
    0xf8, 0x0, 0xff, 0x80, 0xf, 0xf8, 0x0, 0xff,
    0x80, 0xf, 0xf8, 0x0, 0xff, 0x80, 0xf, 0xf8,
    0x0, 0xff, 0x80, 0xf, 0xf8, 0x0, 0xff, 0x80,
    0x7, 0xf8, 0x0, 0x7f, 0xc0, 0x7, 0xfc, 0x0,
    0x7f, 0xc0, 0x7, 0xfc, 0x0, 0x3f, 0xc0, 0x3,
    0xfe, 0x0, 0x3f, 0xe0, 0x3, 0xfe, 0x0, 0x1f,
    0xe0, 0x1, 0xff, 0x0, 0x1f, 0xf0, 0x0, 0xff,
    0x0, 0xf, 0xf8, 0x0, 0x7f, 0x80, 0x7, 0xfc,
    0x0, 0x3f, 0xc0, 0x3, 0xfe, 0x0, 0x1f, 0xf0,
    0x0, 0xff, 0x80, 0xf, 0xf8, 0x0, 0x7f, 0xc0,
    0x3, 0xff, 0x0, 0x1f, 0xe0, 0x0, 0xfe, 0x0,
    0x7, 0xc0, 0x0, 0x1c, 0x0, 0x0, 0xc0,

    /* U+0029 ")" */
    0x30, 0x0, 0x1, 0xc0, 0x0, 0xf, 0x80, 0x0,
    0xfe, 0x0, 0x7, 0xf8, 0x0, 0x7f, 0xe0, 0x0,
    0xff, 0x80, 0x3, 0xfe, 0x0, 0x1f, 0xf8, 0x0,
    0x7f, 0xc0, 0x1, 0xff, 0x0, 0xf, 0xfc, 0x0,
    0x3f, 0xe0, 0x0, 0xff, 0x80, 0x7, 0xfc, 0x0,
    0x3f, 0xf0, 0x0, 0xff, 0x80, 0x7, 0xfe, 0x0,
    0x1f, 0xf0, 0x0, 0xff, 0x80, 0x7, 0xfe, 0x0,
    0x3f, 0xf0, 0x0, 0xff, 0x80, 0x7, 0xfe, 0x0,
    0x3f, 0xf0, 0x1, 0xff, 0x80, 0xf, 0xfc, 0x0,
    0x7f, 0xe0, 0x1, 0xff, 0x0, 0xf, 0xfc, 0x0,
    0x7f, 0xe0, 0x3, 0xff, 0x0, 0x1f, 0xf8, 0x0,
    0xff, 0xc0, 0x7, 0xfe, 0x0, 0x3f, 0xf0, 0x1,
    0xff, 0x80, 0xf, 0xfc, 0x0, 0x7f, 0xe0, 0x3,
    0xff, 0x0, 0x1f, 0xf8, 0x0, 0xff, 0xc0, 0x7,
    0xfe, 0x0, 0x3f, 0xf0, 0x1, 0xff, 0x0, 0xf,
    0xf8, 0x0, 0xff, 0xc0, 0x7, 0xfe, 0x0, 0x3f,
    0xf0, 0x1, 0xff, 0x80, 0xf, 0xf8, 0x0, 0xff,
    0xc0, 0x7, 0xfe, 0x0, 0x3f, 0xe0, 0x1, 0xff,
    0x0, 0x1f, 0xf8, 0x0, 0xff, 0x80, 0x7, 0xfc,
    0x0, 0x7f, 0xc0, 0x3, 0xfe, 0x0, 0x3f, 0xe0,
    0x1, 0xff, 0x0, 0x1f, 0xf0, 0x1, 0xff, 0x0,
    0x1f, 0xf8, 0x0, 0xff, 0x80, 0xf, 0xf8, 0x1,
    0xff, 0x80, 0x7, 0xf8, 0x0, 0x3f, 0x80, 0x0,
    0xf8, 0x0, 0x7, 0x0, 0x0, 0x30, 0x0, 0x0,

    /* U+002A "*" */
    0x0, 0x7, 0xe0, 0x0, 0x0, 0x7, 0xe0, 0x0,
    0x0, 0x7, 0xe0, 0x0, 0x0, 0x7, 0xe0, 0x0,
    0x0, 0x7, 0xe0, 0x0, 0x0, 0x7, 0xe0, 0x0,
    0x0, 0x7, 0xe0, 0x0, 0x0, 0x7, 0xe0, 0x0,
    0x30, 0x7, 0xe0, 0x4, 0x3c, 0x7, 0xe0, 0x3c,
    0x7f, 0x7, 0xe0, 0xfc, 0x7f, 0xe7, 0xe3, 0xfe,
    0x7f, 0xff, 0xff, 0xfe, 0xff, 0xff, 0xff, 0xfe,
    0x7f, 0xff, 0xff, 0xff, 0xf, 0xff, 0xff, 0xf8,
    0x0, 0xff, 0xff, 0x80, 0x0, 0x1f, 0xfc, 0x0,
    0x0, 0x1f, 0xf8, 0x0, 0x0, 0x3f, 0xf8, 0x0,
    0x0, 0x7f, 0xfc, 0x0, 0x0, 0xfe, 0xfe, 0x0,
    0x1, 0xfe, 0x7f, 0x0, 0x1, 0xfc, 0x7f, 0x80,
    0x3, 0xf8, 0x3f, 0x80, 0x7, 0xf8, 0x3f, 0xc0,
    0xf, 0xf0, 0x1f, 0xe0, 0xf, 0xf0, 0xf, 0xf0,
    0x3, 0xe0, 0xf, 0xc0, 0x1, 0xc0, 0x7, 0x80,
    0x0, 0xc0, 0x6, 0x0,

    /* U+002B "+" */
    0x0, 0x7, 0xff, 0x0, 0x0, 0x0, 0x7f, 0xf0,
    0x0, 0x0, 0x7, 0xff, 0x0, 0x0, 0x0, 0x7f,
    0xf0, 0x0, 0x0, 0x7, 0xff, 0x0, 0x0, 0x0,
    0x7f, 0xf0, 0x0, 0x0, 0x7, 0xff, 0x0, 0x0,
    0x0, 0x7f, 0xf0, 0x0, 0x0, 0x7, 0xff, 0x0,
    0x0, 0x0, 0x7f, 0xf0, 0x0, 0x0, 0x7, 0xff,
    0x0, 0x0, 0x0, 0x7f, 0xf0, 0x0, 0x0, 0x7,
    0xff, 0x0, 0x0, 0x0, 0x7f, 0xf0, 0x0, 0x0,
    0x7, 0xff, 0x0, 0x0, 0x0, 0x7f, 0xf0, 0x0,
    0xff, 0xff, 0xff, 0xff, 0xff, 0xff, 0xff, 0xff,
    0xff, 0xff, 0xff, 0xff, 0xff, 0xff, 0xff, 0xff,
    0xff, 0xff, 0xff, 0xff, 0xff, 0xff, 0xff, 0xff,
    0xff, 0xff, 0xff, 0xff, 0xff, 0xff, 0xff, 0xff,
    0xff, 0xff, 0xff, 0xff, 0x0, 0x7, 0xff, 0x0,
    0x0, 0x0, 0x7f, 0xf0, 0x0, 0x0, 0x7, 0xff,
    0x0, 0x0, 0x0, 0x7f, 0xf0, 0x0, 0x0, 0x7,
    0xff, 0x0, 0x0, 0x0, 0x7f, 0xf0, 0x0, 0x0,
    0x7, 0xff, 0x0, 0x0, 0x0, 0x7f, 0xf0, 0x0,
    0x0, 0x7, 0xff, 0x0, 0x0, 0x0, 0x7f, 0xf0,
    0x0, 0x0, 0x7, 0xff, 0x0, 0x0, 0x0, 0x7f,
    0xf0, 0x0, 0x0, 0x7, 0xff, 0x0, 0x0, 0x0,
    0x7f, 0xf0, 0x0,

    /* U+002C "," */
    0xf, 0xf8, 0x7f, 0xc3, 0xfe, 0x1f, 0xf0, 0xff,
    0x87, 0xfc, 0x3f, 0xe1, 0xff, 0xf, 0xf8, 0x7f,
    0xc3, 0xfe, 0x1f, 0xe1, 0xff, 0xf, 0xf8, 0x7f,
    0x87, 0xfc, 0x3f, 0xc3, 0xfe, 0x1f, 0xe0, 0xfe,
    0x1, 0xf0, 0x3, 0x0,

    /* U+002D "-" */
    0xff, 0xff, 0xff, 0xff, 0xff, 0xff, 0xff, 0xff,
    0xff, 0xff, 0xff, 0xff, 0xff, 0xff, 0xff, 0xff,
    0xff, 0xff, 0xff, 0xff,

    /* U+002E "." */
    0x0, 0x3, 0xfc, 0x7f, 0xe7, 0xfe, 0xff, 0xff,
    0xff, 0xff, 0xff, 0xff, 0x7f, 0xe7, 0xfe, 0x3f,
    0xc0, 0x40,

    /* U+002F "/" */
    0x0, 0x0, 0x3f, 0xc0, 0x0, 0xf, 0xf0, 0x0,
    0x3, 0xfc, 0x0, 0x1, 0xfe, 0x0, 0x0, 0x7f,
    0x80, 0x0, 0x1f, 0xe0, 0x0, 0xf, 0xf0, 0x0,
    0x3, 0xfc, 0x0, 0x0, 0xff, 0x0, 0x0, 0x7f,
    0x80, 0x0, 0x1f, 0xe0, 0x0, 0x7, 0xf8, 0x0,
    0x3, 0xfc, 0x0, 0x0, 0xff, 0x0, 0x0, 0x3f,
    0xc0, 0x0, 0x1f, 0xe0, 0x0, 0x7, 0xf8, 0x0,
    0x1, 0xfe, 0x0, 0x0, 0xff, 0x0, 0x0, 0x3f,
    0xc0, 0x0, 0xf, 0xf0, 0x0, 0x7, 0xf8, 0x0,
    0x1, 0xfe, 0x0, 0x0, 0x7f, 0x80, 0x0, 0x3f,
    0xc0, 0x0, 0xf, 0xf0, 0x0, 0x3, 0xfc, 0x0,
    0x1, 0xfe, 0x0, 0x0, 0x7f, 0x80, 0x0, 0x1f,
    0xe0, 0x0, 0xf, 0xf8, 0x0, 0x3, 0xfc, 0x0,
    0x0, 0xff, 0x0, 0x0, 0x3f, 0xc0, 0x0, 0x1f,
    0xe0, 0x0, 0x7, 0xf8, 0x0, 0x1, 0xfe, 0x0,
    0x0, 0xff, 0x0, 0x0, 0x3f, 0xc0, 0x0, 0xf,
    0xf0, 0x0, 0x7, 0xf8, 0x0, 0x1, 0xfe, 0x0,
    0x0, 0x7f, 0x80, 0x0, 0x3f, 0xc0, 0x0, 0xf,
    0xf0, 0x0, 0x3, 0xfc, 0x0, 0x1, 0xfe, 0x0,
    0x0, 0x7f, 0x80, 0x0, 0x1f, 0xe0, 0x0, 0xf,
    0xf0, 0x0, 0x3, 0xfc, 0x0, 0x0, 0xff, 0x0,
    0x0, 0x7f, 0x80, 0x0, 0x1f, 0xe0, 0x0, 0x7,
    0xf8, 0x0, 0x3, 0xfc, 0x0, 0x0,

    /* U+0030 "0" */
    0x0, 0x0, 0x40, 0x0, 0x0, 0x3, 0xff, 0xe0,
    0x0, 0x1, 0xff, 0xff, 0x0, 0x0, 0xff, 0xff,
    0xf8, 0x0, 0x3f, 0xff, 0xff, 0x80, 0xf, 0xff,
    0xff, 0xf8, 0x3, 0xff, 0xff, 0xff, 0x80, 0xff,
    0xff, 0xff, 0xf0, 0x1f, 0xff, 0xff, 0xff, 0x7,
    0xff, 0x80, 0xff, 0xf0, 0xff, 0xe0, 0xf, 0xfe,
    0x1f, 0xfc, 0x1, 0xff, 0xc7, 0xff, 0x0, 0x1f,
    0xfc, 0xff, 0xe0, 0x3, 0xff, 0x9f, 0xfc, 0x0,
    0x7f, 0xf3, 0xff, 0x0, 0x7, 0xfe, 0xff, 0xe0,
    0x0, 0xff, 0xff, 0xfc, 0x0, 0x1f, 0xff, 0xff,
    0x80, 0x3, 0xff, 0xff, 0xf0, 0x0, 0x7f, 0xff,
    0xfe, 0x0, 0xf, 0xff, 0xff, 0xc0, 0x1, 0xff,
    0xff, 0xf8, 0x0, 0x3f, 0xff, 0xff, 0x0, 0x7,
    0xff, 0xff, 0xe0, 0x0, 0xff, 0xff, 0xfc, 0x0,
    0x1f, 0xff, 0xff, 0x80, 0x3, 0xff, 0xff, 0xf0,
    0x0, 0x7f, 0xff, 0xfe, 0x0, 0xf, 0xff, 0xff,
    0xc0, 0x1, 0xff, 0xff, 0xf8, 0x0, 0x3f, 0xff,
    0xff, 0x0, 0x7, 0xff, 0xff, 0xe0, 0x0, 0xff,
    0xff, 0xfc, 0x0, 0x1f, 0xff, 0xff, 0x80, 0x3,
    0xff, 0xff, 0xf0, 0x0, 0x7f, 0xff, 0xfe, 0x0,
    0xf, 0xff, 0xff, 0xc0, 0x1, 0xff, 0xdf, 0xf8,
    0x0, 0x3f, 0xf3, 0xff, 0x80, 0xf, 0xfe, 0x7f,
    0xf0, 0x1, 0xff, 0xcf, 0xfe, 0x0, 0x3f, 0xf8,
    0xff, 0xe0, 0xf, 0xfe, 0x1f, 0xfc, 0x1, 0xff,
    0xc3, 0xff, 0xc0, 0x7f, 0xf8, 0x3f, 0xff, 0xff,
    0xfe, 0x3, 0xff, 0xff, 0xff, 0xc0, 0x7f, 0xff,
    0xff, 0xf0, 0x7, 0xff, 0xff, 0xfc, 0x0, 0x7f,
    0xff, 0xff, 0x0, 0x7, 0xff, 0xff, 0xc0, 0x0,
    0x3f, 0xff, 0xe0, 0x0, 0x1, 0xff, 0xf0, 0x0,
    0x0, 0x1, 0x80, 0x0, 0x0,

    /* U+0031 "1" */
    0x0, 0x0, 0xe, 0x0, 0x0, 0x7c, 0x0, 0x7,
    0xf8, 0x0, 0x7f, 0xf0, 0x7, 0xff, 0xe0, 0x7f,
    0xff, 0xc3, 0xff, 0xff, 0xbf, 0xff, 0xff, 0xff,
    0xff, 0xff, 0xff, 0xff, 0xff, 0xff, 0xff, 0xff,
    0xff, 0xff, 0xff, 0xff, 0xff, 0xff, 0xf1, 0xff,
    0xff, 0x3, 0xff, 0xf0, 0x7, 0xff, 0x0, 0xf,
    0xfe, 0x0, 0x1f, 0xfc, 0x0, 0x3f, 0xf8, 0x0,
    0x7f, 0xf0, 0x0, 0xff, 0xe0, 0x1, 0xff, 0xc0,
    0x3, 0xff, 0x80, 0x7, 0xff, 0x0, 0xf, 0xfe,
    0x0, 0x1f, 0xfc, 0x0, 0x3f, 0xf8, 0x0, 0x7f,
    0xf0, 0x0, 0xff, 0xe0, 0x1, 0xff, 0xc0, 0x3,
    0xff, 0x80, 0x7, 0xff, 0x0, 0xf, 0xfe, 0x0,
    0x1f, 0xfc, 0x0, 0x3f, 0xf8, 0x0, 0x7f, 0xf0,
    0x0, 0xff, 0xe0, 0x1, 0xff, 0xc0, 0x3, 0xff,
    0x80, 0x7, 0xff, 0x0, 0xf, 0xfe, 0x0, 0x1f,
    0xfc, 0x0, 0x3f, 0xf8, 0x0, 0x7f, 0xf0, 0x0,
    0xff, 0xe0, 0x1, 0xff, 0xc0, 0x3, 0xff, 0x80,
    0x7, 0xff, 0x0, 0xf, 0xfe, 0x0, 0x1f, 0xfc,
    0x0, 0x3f, 0xf8, 0x0, 0x7f, 0xf0,

    /* U+0032 "2" */
    0x0, 0x0, 0x0, 0x0, 0x0, 0x1, 0xff, 0xf8,
    0x0, 0x0, 0x7f, 0xff, 0xf0, 0x0, 0x1f, 0xff,
    0xff, 0x80, 0x3, 0xff, 0xff, 0xfe, 0x0, 0x7f,
    0xff, 0xff, 0xf0, 0xf, 0xff, 0xff, 0xff, 0x1,
    0xff, 0xff, 0xff, 0xf8, 0x3f, 0xff, 0xff, 0xff,
    0xc3, 0xff, 0xc0, 0x7f, 0xfc, 0x7f, 0xf8, 0x3,
    0xff, 0xc7, 0xff, 0x0, 0x1f, 0xfe, 0x7f, 0xf0,
    0x1, 0xff, 0xef, 0xff, 0x0, 0xf, 0xfe, 0xff,
    0xe0, 0x0, 0xff, 0xef, 0xfe, 0x0, 0xf, 0xfe,
    0xff, 0xe0, 0x0, 0xff, 0xe0, 0x0, 0x0, 0xf,
    0xfe, 0x0, 0x0, 0x0, 0xff, 0xe0, 0x0, 0x0,
    0x1f, 0xfe, 0x0, 0x0, 0x1, 0xff, 0xc0, 0x0,
    0x0, 0x3f, 0xfc, 0x0, 0x0, 0x3, 0xff, 0xc0,
    0x0, 0x0, 0x7f, 0xf8, 0x0, 0x0, 0xf, 0xff,
    0x0, 0x0, 0x0, 0xff, 0xf0, 0x0, 0x0, 0x1f,
    0xfe, 0x0, 0x0, 0x3, 0xff, 0xe0, 0x0, 0x0,
    0x7f, 0xfc, 0x0, 0x0, 0xf, 0xff, 0x80, 0x0,
    0x1, 0xff, 0xf0, 0x0, 0x0, 0x3f, 0xfe, 0x0,
    0x0, 0x7, 0xff, 0xc0, 0x0, 0x0, 0x7f, 0xf8,
    0x0, 0x0, 0xf, 0xff, 0x80, 0x0, 0x1, 0xff,
    0xf0, 0x0, 0x0, 0x3f, 0xfe, 0x0, 0x0, 0x7,
    0xff, 0xc0, 0x0, 0x0, 0xff, 0xf8, 0x0, 0x0,
    0x1f, 0xff, 0x0, 0x0, 0x3, 0xff, 0xe0, 0x0,
    0x0, 0x7f, 0xfc, 0x0, 0x0, 0xf, 0xff, 0xc0,
    0x0, 0x1, 0xff, 0xf8, 0x0, 0x0, 0x1f, 0xff,
    0x0, 0x0, 0x3, 0xff, 0xff, 0xff, 0xff, 0x7f,
    0xff, 0xff, 0xff, 0xf7, 0xff, 0xff, 0xff, 0xff,
    0x7f, 0xff, 0xff, 0xff, 0xf7, 0xff, 0xff, 0xff,
    0xff, 0x7f, 0xff, 0xff, 0xff, 0xf7, 0xff, 0xff,
    0xff, 0xff, 0x7f, 0xff, 0xff, 0xff, 0xf0,

    /* U+0033 "3" */
    0x0, 0x0, 0x0, 0x0, 0x0, 0x1, 0xff, 0xfc,
    0x0, 0x0, 0x7f, 0xff, 0xf0, 0x0, 0x1f, 0xff,
    0xff, 0xc0, 0x3, 0xff, 0xff, 0xfe, 0x0, 0x7f,
    0xff, 0xff, 0xf0, 0xf, 0xff, 0xff, 0xff, 0x81,
    0xff, 0xff, 0xff, 0xfc, 0x3f, 0xff, 0xff, 0xff,
    0xe3, 0xff, 0xe0, 0x3f, 0xfe, 0x7f, 0xf8, 0x1,
    0xff, 0xe7, 0xff, 0x80, 0xf, 0xff, 0x7f, 0xf0,
    0x0, 0x7f, 0xf7, 0xff, 0x0, 0x7, 0xff, 0x0,
    0x0, 0x0, 0x7f, 0xf0, 0x0, 0x0, 0x7, 0xff,
    0x0, 0x0, 0x0, 0x7f, 0xf0, 0x0, 0x0, 0x7,
    0xff, 0x0, 0x0, 0x0, 0xff, 0xe0, 0x0, 0x0,
    0xf, 0xfe, 0x0, 0x0, 0x1, 0xff, 0xe0, 0x0,
    0x0, 0x7f, 0xfc, 0x0, 0xf, 0xff, 0xff, 0x80,
    0x0, 0xff, 0xff, 0xf0, 0x0, 0xf, 0xff, 0xfe,
    0x0, 0x0, 0xff, 0xff, 0x80, 0x0, 0xf, 0xff,
    0xf0, 0x0, 0x0, 0xff, 0xff, 0xc0, 0x0, 0xf,
    0xff, 0xff, 0x0, 0x0, 0xff, 0xff, 0xf8, 0x0,
    0xf, 0xff, 0xff, 0x80, 0x0, 0x0, 0x3f, 0xfc,
    0x0, 0x0, 0x1, 0xff, 0xe0, 0x0, 0x0, 0xf,
    0xfe, 0x0, 0x0, 0x0, 0xff, 0xe0, 0x0, 0x0,
    0x7, 0xff, 0x0, 0x0, 0x0, 0x7f, 0xf0, 0x0,
    0x0, 0x7, 0xff, 0x0, 0x0, 0x0, 0x7f, 0xff,
    0xfe, 0x0, 0x7, 0xff, 0xff, 0xe0, 0x0, 0x7f,
    0xff, 0xfe, 0x0, 0xf, 0xff, 0xff, 0xf0, 0x0,
    0xff, 0xe7, 0xff, 0x80, 0x1f, 0xfe, 0x7f, 0xfc,
    0x3, 0xff, 0xe3, 0xff, 0xff, 0xff, 0xfc, 0x3f,
    0xff, 0xff, 0xff, 0xc1, 0xff, 0xff, 0xff, 0xf8,
    0xf, 0xff, 0xff, 0xff, 0x0, 0x7f, 0xff, 0xff,
    0xe0, 0x3, 0xff, 0xff, 0xf8, 0x0, 0xf, 0xff,
    0xfe, 0x0, 0x0, 0x1f, 0xff, 0x80, 0x0, 0x0,
    0xc, 0x0, 0x0,

    /* U+0034 "4" */
    0x0, 0x0, 0x7, 0xff, 0x0, 0x0, 0x0, 0x3f,
    0xfc, 0x0, 0x0, 0x1, 0xff, 0xf0, 0x0, 0x0,
    0x7, 0xff, 0xc0, 0x0, 0x0, 0x3f, 0xff, 0x0,
    0x0, 0x0, 0xff, 0xfc, 0x0, 0x0, 0x7, 0xff,
    0xf0, 0x0, 0x0, 0x3f, 0xff, 0xc0, 0x0, 0x0,
    0xff, 0xff, 0x0, 0x0, 0x7, 0xff, 0xfc, 0x0,
    0x0, 0x1f, 0xff, 0xf0, 0x0, 0x0, 0xff, 0xff,
    0xc0, 0x0, 0x7, 0xff, 0xff, 0x0, 0x0, 0x1f,
    0xff, 0xfc, 0x0, 0x0, 0xff, 0xff, 0xf0, 0x0,
    0x7, 0xff, 0xff, 0xc0, 0x0, 0x1f, 0xf7, 0xff,
    0x0, 0x0, 0xff, 0xdf, 0xfc, 0x0, 0x3, 0xfe,
    0x7f, 0xf0, 0x0, 0x1f, 0xf1, 0xff, 0xc0, 0x0,
    0xff, 0xc7, 0xff, 0x0, 0x3, 0xfe, 0x1f, 0xfc,
    0x0, 0x1f, 0xf8, 0x7f, 0xf0, 0x0, 0x7f, 0xc1,
    0xff, 0xc0, 0x3, 0xff, 0x7, 0xff, 0x0, 0x1f,
    0xf8, 0x1f, 0xfc, 0x0, 0x7f, 0xc0, 0x7f, 0xf0,
    0x3, 0xff, 0x1, 0xff, 0xc0, 0x1f, 0xf8, 0x7,
    0xff, 0x0, 0x7f, 0xe0, 0x1f, 0xfc, 0x3, 0xff,
    0x0, 0x7f, 0xf0, 0xf, 0xfc, 0x1, 0xff, 0xc0,
    0x7f, 0xe0, 0x7, 0xff, 0x3, 0xff, 0xff, 0xff,
    0xff, 0xff, 0xff, 0xff, 0xff, 0xff, 0xff, 0xff,
    0xff, 0xff, 0xff, 0xff, 0xff, 0xff, 0xff, 0xff,
    0xff, 0xff, 0xff, 0xff, 0xff, 0xff, 0xff, 0xff,
    0xff, 0xff, 0xff, 0xff, 0xff, 0xff, 0x7f, 0xff,
    0xff, 0xff, 0xfc, 0x0, 0x0, 0x1f, 0xfc, 0x0,
    0x0, 0x0, 0x7f, 0xf0, 0x0, 0x0, 0x1, 0xff,
    0xc0, 0x0, 0x0, 0x7, 0xff, 0x0, 0x0, 0x0,
    0x1f, 0xfc, 0x0, 0x0, 0x0, 0x7f, 0xf0, 0x0,
    0x0, 0x1, 0xff, 0xc0, 0x0, 0x0, 0x7, 0xff,
    0x0, 0x0, 0x0, 0x1f, 0xfc, 0x0, 0x0, 0x0,
    0x7f, 0xf0, 0x0, 0x0, 0x1, 0xff, 0xc0,

    /* U+0035 "5" */
    0xf, 0xff, 0xff, 0xff, 0x81, 0xff, 0xff, 0xff,
    0xf0, 0x3f, 0xff, 0xff, 0xfe, 0x7, 0xff, 0xff,
    0xff, 0xc0, 0xff, 0xff, 0xff, 0xf8, 0x3f, 0xff,
    0xff, 0xff, 0x7, 0xff, 0xff, 0xff, 0xe0, 0xff,
    0xff, 0xff, 0xfc, 0x1f, 0xf8, 0x0, 0x0, 0x3,
    0xff, 0x0, 0x0, 0x0, 0x7f, 0xe0, 0x0, 0x0,
    0xf, 0xfc, 0x0, 0x0, 0x1, 0xff, 0x80, 0x0,
    0x0, 0x3f, 0xf0, 0x0, 0x0, 0xf, 0xfc, 0x0,
    0x0, 0x1, 0xff, 0x80, 0x0, 0x0, 0x3f, 0xf0,
    0x0, 0x0, 0x7, 0xfe, 0x0, 0x0, 0x0, 0xff,
    0xc7, 0xfc, 0x0, 0x1f, 0xfb, 0xff, 0xf0, 0x3,
    0xff, 0xff, 0xff, 0x80, 0x7f, 0xff, 0xff, 0xf8,
    0xf, 0xff, 0xff, 0xff, 0x81, 0xff, 0xff, 0xff,
    0xf8, 0x7f, 0xff, 0xff, 0xff, 0xf, 0xff, 0xff,
    0xff, 0xf1, 0xff, 0xe0, 0x7f, 0xfe, 0x7, 0xf0,
    0x3, 0xff, 0xe0, 0x4, 0x0, 0x3f, 0xfc, 0x0,
    0x0, 0x3, 0xff, 0x80, 0x0, 0x0, 0x7f, 0xf8,
    0x0, 0x0, 0x7, 0xff, 0x0, 0x0, 0x0, 0xff,
    0xe0, 0x0, 0x0, 0x1f, 0xfc, 0x0, 0x0, 0x3,
    0xff, 0x80, 0x0, 0x0, 0x7f, 0xf0, 0x0, 0x0,
    0xf, 0xfe, 0x0, 0x0, 0x1, 0xff, 0xff, 0xf8,
    0x0, 0x3f, 0xff, 0xff, 0x0, 0xf, 0xff, 0xff,
    0xe0, 0x1, 0xff, 0xdf, 0xfe, 0x0, 0x3f, 0xf9,
    0xff, 0xe0, 0xf, 0xff, 0x3f, 0xfe, 0x3, 0xff,
    0xc3, 0xff, 0xff, 0xff, 0xf8, 0x7f, 0xff, 0xff,
    0xfe, 0x7, 0xff, 0xff, 0xff, 0x80, 0x7f, 0xff,
    0xff, 0xf0, 0x7, 0xff, 0xff, 0xf8, 0x0, 0x3f,
    0xff, 0xfe, 0x0, 0x3, 0xff, 0xff, 0x80, 0x0,
    0xf, 0xff, 0x80, 0x0, 0x0, 0xc, 0x0, 0x0,

    /* U+0036 "6" */
    0x0, 0x0, 0x0, 0x30, 0x0, 0x0, 0x1, 0xff,
    0x0, 0x0, 0x0, 0xff, 0xf0, 0x0, 0x0, 0x3f,
    0xff, 0x0, 0x0, 0xf, 0xff, 0xf0, 0x0, 0x1,
    0xff, 0xff, 0x0, 0x0, 0x7f, 0xff, 0xf0, 0x0,
    0xf, 0xff, 0xff, 0x0, 0x1, 0xff, 0xff, 0xf0,
    0x0, 0x3f, 0xff, 0x80, 0x0, 0x3, 0xff, 0xe0,
    0x0, 0x0, 0x7f, 0xf8, 0x0, 0x0, 0xf, 0xff,
    0x0, 0x0, 0x0, 0xff, 0xe0, 0x0, 0x0, 0x1f,
    0xfc, 0x0, 0x0, 0x1, 0xff, 0x80, 0x0, 0x0,
    0x3f, 0xf8, 0x0, 0x0, 0x3, 0xff, 0x0, 0x0,
    0x0, 0x7f, 0xf0, 0x7f, 0x80, 0x7, 0xff, 0x1f,
    0xff, 0x0, 0x7f, 0xe7, 0xff, 0xfc, 0x7, 0xfe,
    0xff, 0xff, 0xe0, 0xff, 0xff, 0xff, 0xff, 0xf,
    0xff, 0xff, 0xff, 0xf8, 0xff, 0xff, 0xff, 0xff,
    0x8f, 0xff, 0xff, 0xff, 0xfc, 0xff, 0xfe, 0xf,
    0xff, 0xcf, 0xff, 0x80, 0x3f, 0xfe, 0xff, 0xf0,
    0x1, 0xff, 0xef, 0xff, 0x0, 0xf, 0xfe, 0xff,
    0xe0, 0x0, 0xff, 0xef, 0xfe, 0x0, 0xf, 0xff,
    0xff, 0xe0, 0x0, 0x7f, 0xff, 0xfe, 0x0, 0x7,
    0xff, 0xff, 0xe0, 0x0, 0x7f, 0xff, 0xfe, 0x0,
    0x7, 0xff, 0xff, 0xe0, 0x0, 0x7f, 0xff, 0xfe,
    0x0, 0x7, 0xff, 0x7f, 0xe0, 0x0, 0x7f, 0xf7,
    0xfe, 0x0, 0x7, 0xff, 0x7f, 0xf0, 0x0, 0xff,
    0xe7, 0xff, 0x0, 0xf, 0xfe, 0x3f, 0xf8, 0x1,
    0xff, 0xe3, 0xff, 0x80, 0x3f, 0xfc, 0x1f, 0xfe,
    0x7, 0xff, 0xc1, 0xff, 0xff, 0xff, 0xf8, 0xf,
    0xff, 0xff, 0xff, 0x80, 0x7f, 0xff, 0xff, 0xf0,
    0x3, 0xff, 0xff, 0xfe, 0x0, 0x1f, 0xff, 0xff,
    0xc0, 0x0, 0xff, 0xff, 0xf8, 0x0, 0x3, 0xff,
    0xfe, 0x0, 0x0, 0xf, 0xff, 0x80, 0x0, 0x0,
    0x6, 0x0, 0x0,

    /* U+0037 "7" */
    0xff, 0xff, 0xff, 0xff, 0xff, 0xff, 0xff, 0xff,
    0xff, 0xff, 0xff, 0xff, 0xff, 0xff, 0xff, 0xff,
    0xff, 0xff, 0xff, 0xff, 0xff, 0xff, 0xff, 0xff,
    0xff, 0xff, 0xff, 0xff, 0xff, 0xff, 0xff, 0xff,
    0xff, 0xff, 0xff, 0xff, 0xfe, 0x0, 0x0, 0x0,
    0x7f, 0xf0, 0x0, 0x0, 0x3, 0xff, 0x0, 0x0,
    0x0, 0x3f, 0xf8, 0x0, 0x0, 0x1, 0xff, 0x80,
    0x0, 0x0, 0x1f, 0xfc, 0x0, 0x0, 0x0, 0xff,
    0xe0, 0x0, 0x0, 0xf, 0xfe, 0x0, 0x0, 0x0,
    0x7f, 0xf0, 0x0, 0x0, 0x7, 0xff, 0x0, 0x0,
    0x0, 0x3f, 0xf8, 0x0, 0x0, 0x1, 0xff, 0xc0,
    0x0, 0x0, 0x1f, 0xfc, 0x0, 0x0, 0x0, 0xff,
    0xe0, 0x0, 0x0, 0xf, 0xfe, 0x0, 0x0, 0x0,
    0x7f, 0xf0, 0x0, 0x0, 0x7, 0xff, 0x0, 0x0,
    0x0, 0x3f, 0xf8, 0x0, 0x0, 0x3, 0xff, 0xc0,
    0x0, 0x0, 0x1f, 0xfc, 0x0, 0x0, 0x0, 0xff,
    0xe0, 0x0, 0x0, 0xf, 0xfe, 0x0, 0x0, 0x0,
    0x7f, 0xf0, 0x0, 0x0, 0x7, 0xff, 0x0, 0x0,
    0x0, 0x3f, 0xf8, 0x0, 0x0, 0x3, 0xff, 0xc0,
    0x0, 0x0, 0x1f, 0xfc, 0x0, 0x0, 0x1, 0xff,
    0xe0, 0x0, 0x0, 0xf, 0xfe, 0x0, 0x0, 0x0,
    0xff, 0xf0, 0x0, 0x0, 0x7, 0xff, 0x0, 0x0,
    0x0, 0x3f, 0xf8, 0x0, 0x0, 0x3, 0xff, 0xc0,
    0x0, 0x0, 0x1f, 0xfc, 0x0, 0x0, 0x1, 0xff,
    0xe0, 0x0, 0x0, 0xf, 0xfe, 0x0, 0x0, 0x0,
    0xff, 0xf0, 0x0, 0x0, 0x7, 0xff, 0x0, 0x0,
    0x0, 0x7f, 0xf8, 0x0, 0x0, 0x3, 0xff, 0xc0,
    0x0, 0x0, 0x1f, 0xfc, 0x0, 0x0, 0x1, 0xff,
    0xe0, 0x0, 0x0, 0xf, 0xfe, 0x0, 0x0, 0x0,
    0xff, 0xf0, 0x0, 0x0, 0x7, 0xff, 0x80, 0x0,
    0x0,

    /* U+0038 "8" */
    0x0, 0x0, 0x40, 0x0, 0x0, 0x3, 0xff, 0xe0,
    0x0, 0x3, 0xff, 0xff, 0x80, 0x0, 0xff, 0xff,
    0xfc, 0x0, 0x7f, 0xff, 0xff, 0xc0, 0x1f, 0xff,
    0xff, 0xfc, 0x7, 0xff, 0xff, 0xff, 0xc0, 0xff,
    0xff, 0xff, 0xf8, 0x3f, 0xff, 0xff, 0xff, 0x87,
    0xff, 0x80, 0xff, 0xf0, 0xff, 0xe0, 0xf, 0xfe,
    0x3f, 0xfc, 0x1, 0xff, 0xe7, 0xff, 0x0, 0x1f,
    0xfc, 0xff, 0xe0, 0x3, 0xff, 0x9f, 0xfc, 0x0,
    0x7f, 0xf3, 0xff, 0x80, 0xf, 0xfe, 0x7f, 0xf0,
    0x1, 0xff, 0xcf, 0xfe, 0x0, 0x3f, 0xf8, 0xff,
    0xe0, 0xf, 0xfe, 0x1f, 0xfc, 0x1, 0xff, 0xc3,
    0xff, 0xc0, 0x7f, 0xf8, 0x3f, 0xfe, 0x3f, 0xfe,
    0x3, 0xff, 0xff, 0xff, 0x80, 0x3f, 0xff, 0xff,
    0xe0, 0x3, 0xff, 0xff, 0xf8, 0x0, 0x3f, 0xff,
    0xfe, 0x0, 0x7, 0xff, 0xff, 0xc0, 0x3, 0xff,
    0xff, 0xfe, 0x0, 0xff, 0xff, 0xff, 0xe0, 0x3f,
    0xff, 0xff, 0xfe, 0xf, 0xff, 0xef, 0xff, 0xe1,
    0xff, 0xe0, 0x3f, 0xfc, 0x7f, 0xf8, 0x3, 0xff,
    0xcf, 0xfe, 0x0, 0x3f, 0xfb, 0xff, 0xc0, 0x7,
    0xff, 0x7f, 0xf0, 0x0, 0x7f, 0xff, 0xfe, 0x0,
    0xf, 0xff, 0xff, 0xc0, 0x1, 0xff, 0xff, 0xf8,
    0x0, 0x3f, 0xff, 0xff, 0x0, 0x7, 0xff, 0xff,
    0xe0, 0x0, 0xff, 0xff, 0xfe, 0x0, 0x3f, 0xff,
    0xff, 0xc0, 0x7, 0xff, 0xbf, 0xfc, 0x1, 0xff,
    0xe7, 0xff, 0xc0, 0x7f, 0xfc, 0xff, 0xff, 0xff,
    0xff, 0xf, 0xff, 0xff, 0xff, 0xe0, 0xff, 0xff,
    0xff, 0xf8, 0xf, 0xff, 0xff, 0xfe, 0x0, 0xff,
    0xff, 0xff, 0x80, 0xf, 0xff, 0xff, 0xe0, 0x0,
    0x7f, 0xff, 0xf0, 0x0, 0x3, 0xff, 0xf8, 0x0,
    0x0, 0x1, 0xc0, 0x0, 0x0,

    /* U+0039 "9" */
    0x0, 0x0, 0x40, 0x0, 0x0, 0x3, 0xff, 0xc0,
    0x0, 0x1, 0xff, 0xfe, 0x0, 0x0, 0x7f, 0xff,
    0xf0, 0x0, 0x3f, 0xff, 0xff, 0x0, 0xf, 0xff,
    0xff, 0xf0, 0x3, 0xff, 0xff, 0xff, 0x0, 0x7f,
    0xff, 0xff, 0xf0, 0x1f, 0xff, 0xff, 0xff, 0x7,
    0xff, 0x80, 0xff, 0xe0, 0xff, 0xe0, 0xf, 0xfe,
    0x3f, 0xfc, 0x1, 0xff, 0xc7, 0xff, 0x0, 0x1f,
    0xfc, 0xff, 0xe0, 0x3, 0xff, 0xbf, 0xf8, 0x0,
    0x7f, 0xf7, 0xff, 0x0, 0x7, 0xfe, 0xff, 0xe0,
    0x0, 0xff, 0xff, 0xfc, 0x0, 0x1f, 0xff, 0xff,
    0x80, 0x3, 0xff, 0xff, 0xf0, 0x0, 0x7f, 0xff,
    0xfe, 0x0, 0xf, 0xff, 0xff, 0xc0, 0x1, 0xff,
    0xff, 0xfc, 0x0, 0x3f, 0xff, 0xff, 0x80, 0x7,
    0xff, 0x7f, 0xf0, 0x0, 0xff, 0xef, 0xff, 0x0,
    0x3f, 0xfd, 0xff, 0xf0, 0xf, 0xff, 0x9f, 0xff,
    0x7, 0xff, 0xf3, 0xff, 0xff, 0xff, 0xfe, 0x3f,
    0xff, 0xff, 0xff, 0xc7, 0xff, 0xff, 0xff, 0xf8,
    0x7f, 0xff, 0xff, 0xff, 0x7, 0xff, 0xff, 0xff,
    0xc0, 0x7f, 0xff, 0x9f, 0xf8, 0x3, 0xff, 0xe3,
    0xff, 0x0, 0xf, 0xe0, 0xff, 0xe0, 0x0, 0x0,
    0x1f, 0xf8, 0x0, 0x0, 0x3, 0xff, 0x0, 0x0,
    0x0, 0xff, 0xe0, 0x0, 0x0, 0x1f, 0xf8, 0x0,
    0x0, 0x7, 0xff, 0x0, 0x0, 0x1, 0xff, 0xc0,
    0x0, 0x0, 0x7f, 0xf8, 0x0, 0x0, 0x1f, 0xfe,
    0x0, 0x0, 0x1f, 0xff, 0x80, 0x1, 0xff, 0xff,
    0xe0, 0x0, 0x3f, 0xff, 0xf8, 0x0, 0x7, 0xff,
    0xfe, 0x0, 0x0, 0xff, 0xff, 0x80, 0x0, 0x1f,
    0xff, 0xe0, 0x0, 0x3, 0xff, 0xf0, 0x0, 0x0,
    0x7f, 0xf8, 0x0, 0x0, 0xf, 0xf8, 0x0, 0x0,
    0x1, 0x80, 0x0, 0x0, 0x0,

    /* U+003A ":" */
    0x1f, 0x83, 0xfc, 0x7f, 0xef, 0xff, 0xff, 0xff,
    0xff, 0xff, 0xff, 0xff, 0x7f, 0xe3, 0xfc, 0x1f,
    0x80, 0x0, 0x0, 0x0, 0x0, 0x0, 0x0, 0x0,
    0x0, 0x0, 0x0, 0x0, 0x0, 0x0, 0x0, 0x0,
    0x0, 0x0, 0x0, 0x0, 0x0, 0x0, 0x0, 0x0,
    0x0, 0x0, 0x0, 0x3, 0xfc, 0x7f, 0xe7, 0xfe,
    0xff, 0xff, 0xff, 0xff, 0xff, 0xff, 0x7f, 0xe7,
    0xfe, 0x3f, 0xc0, 0x40,

    /* U+003B ";" */
    0x7, 0xe0, 0x3f, 0xc1, 0xff, 0x8f, 0xff, 0x3f,
    0xfc, 0xff, 0xf3, 0xff, 0xcf, 0xff, 0x1f, 0xf8,
    0x3f, 0xc0, 0x7e, 0x0, 0x0, 0x0, 0x0, 0x0,
    0x0, 0x0, 0x0, 0x0, 0x0, 0x0, 0x0, 0x0,
    0x0, 0x0, 0x0, 0x0, 0x0, 0x0, 0x0, 0x0,
    0x0, 0x0, 0x0, 0x0, 0x0, 0x0, 0x0, 0x0,
    0x0, 0x0, 0x0, 0x0, 0x0, 0xff, 0x83, 0xfe,
    0xf, 0xf8, 0x3f, 0xe0, 0xff, 0x83, 0xfe, 0xf,
    0xf8, 0x3f, 0xe0, 0xff, 0x83, 0xfe, 0xf, 0xf8,
    0x3f, 0xe0, 0xff, 0x7, 0xfc, 0x1f, 0xf0, 0x7f,
    0x83, 0xfe, 0xf, 0xf0, 0x7f, 0x81, 0xfe, 0x3,
    0xf0, 0x3, 0x80, 0x0, 0x0,

    /* U+003C "<" */
    0x0, 0x0, 0x0, 0x6, 0x0, 0x0, 0x0, 0x3c,
    0x0, 0x0, 0x3, 0xf8, 0x0, 0x0, 0x1f, 0xf0,
    0x0, 0x0, 0xff, 0xe0, 0x0, 0xf, 0xff, 0xc0,
    0x0, 0x7f, 0xff, 0x80, 0x3, 0xff, 0xff, 0x0,
    0x3f, 0xff, 0xfe, 0x1, 0xff, 0xff, 0xfc, 0x1f,
    0xff, 0xff, 0xf0, 0xff, 0xff, 0xff, 0x7, 0xff,
    0xff, 0xf0, 0x1f, 0xff, 0xff, 0x0, 0x3f, 0xff,
    0xf0, 0x0, 0x7f, 0xff, 0x80, 0x0, 0xff, 0xf8,
    0x0, 0x1, 0xff, 0xe0, 0x0, 0x3, 0xff, 0xf8,
    0x0, 0x7, 0xff, 0xfc, 0x0, 0xf, 0xff, 0xff,
    0x0, 0x1f, 0xff, 0xff, 0xc0, 0xf, 0xff, 0xff,
    0xf0, 0x3, 0xff, 0xff, 0xfc, 0x1, 0xff, 0xff,
    0xfe, 0x0, 0xff, 0xff, 0xfc, 0x0, 0x3f, 0xff,
    0xf8, 0x0, 0x1f, 0xff, 0xf0, 0x0, 0x7, 0xff,
    0xe0, 0x0, 0x3, 0xff, 0xc0, 0x0, 0x1, 0xff,
    0x80, 0x0, 0x0, 0x7f, 0x0, 0x0, 0x0, 0x3e,
    0x0, 0x0, 0x0, 0x1c,

    /* U+003D "=" */
    0xff, 0xff, 0xff, 0xff, 0xff, 0xff, 0xff, 0xff,
    0xff, 0xff, 0xff, 0xff, 0xff, 0xff, 0xff, 0xff,
    0xff, 0xff, 0xff, 0xff, 0xff, 0xff, 0xff, 0xff,
    0xff, 0xff, 0xff, 0xff, 0xff, 0xff, 0xff, 0xff,
    0x0, 0x0, 0x0, 0x0, 0x0, 0x0, 0x0, 0x0,
    0x0, 0x0, 0x0, 0x0, 0x0, 0x0, 0x0, 0x0,
    0x0, 0x0, 0x0, 0x0, 0x0, 0x0, 0x0, 0x0,
    0x0, 0x0, 0x0, 0x0, 0x0, 0x0, 0x0, 0x0,
    0xff, 0xff, 0xff, 0xff, 0xff, 0xff, 0xff, 0xff,
    0xff, 0xff, 0xff, 0xff, 0xff, 0xff, 0xff, 0xff,
    0xff, 0xff, 0xff, 0xff, 0xff, 0xff, 0xff, 0xff,
    0xff, 0xff, 0xff, 0xff, 0xff, 0xff, 0xff, 0xff,

    /* U+003E ">" */
    0x80, 0x0, 0x0, 0x1, 0xe0, 0x0, 0x0, 0x3,
    0xf0, 0x0, 0x0, 0x7, 0xfc, 0x0, 0x0, 0xf,
    0xfe, 0x0, 0x0, 0x1f, 0xff, 0x0, 0x0, 0x3f,
    0xff, 0xc0, 0x0, 0x7f, 0xff, 0xe0, 0x0, 0xff,
    0xff, 0xf8, 0x1, 0xff, 0xff, 0xfc, 0x1, 0xff,
    0xff, 0xfe, 0x0, 0x7f, 0xff, 0xff, 0x80, 0x1f,
    0xff, 0xff, 0xc0, 0x7, 0xff, 0xff, 0xc0, 0x3,
    0xff, 0xff, 0x80, 0x0, 0xff, 0xff, 0x0, 0x0,
    0x3f, 0xfe, 0x0, 0x0, 0x3f, 0xfc, 0x0, 0x3,
    0xff, 0xf8, 0x0, 0x3f, 0xff, 0xf0, 0x3, 0xff,
    0xff, 0xe0, 0x1f, 0xff, 0xff, 0xc1, 0xff, 0xff,
    0xfe, 0x1f, 0xff, 0xff, 0xe0, 0xff, 0xff, 0xff,
    0x1, 0xff, 0xff, 0xf8, 0x3, 0xff, 0xff, 0x80,
    0x7, 0xff, 0xfc, 0x0, 0xf, 0xff, 0xc0, 0x0,
    0x1f, 0xfe, 0x0, 0x0, 0x3f, 0xe0, 0x0, 0x0,
    0x7f, 0x0, 0x0, 0x0, 0xf8, 0x0, 0x0, 0x1,
    0x80, 0x0, 0x0, 0x0,

    /* U+003F "?" */
    0x0, 0x0, 0x0, 0x0, 0x0, 0x7f, 0xfe, 0x0,
    0x1, 0xff, 0xff, 0x80, 0x7, 0xff, 0xff, 0xe0,
    0xf, 0xff, 0xff, 0xf0, 0x1f, 0xff, 0xff, 0xf8,
    0x3f, 0xff, 0xff, 0xfc, 0x3f, 0xff, 0xff, 0xfc,
    0x7f, 0xff, 0xff, 0xfe, 0x7f, 0xf8, 0x1f, 0xfe,
    0xff, 0xf0, 0xf, 0xff, 0xff, 0xf0, 0x7, 0xff,
    0xff, 0xe0, 0x7, 0xff, 0xff, 0xe0, 0x7, 0xff,
    0xff, 0xe0, 0x7, 0xff, 0x0, 0x0, 0x7, 0xff,
    0x0, 0x0, 0x7, 0xff, 0x0, 0x0, 0xf, 0xff,
    0x0, 0x0, 0xf, 0xfe, 0x0, 0x0, 0x1f, 0xfe,
    0x0, 0x0, 0x3f, 0xfe, 0x0, 0x0, 0x3f, 0xfc,
    0x0, 0x0, 0x7f, 0xfc, 0x0, 0x0, 0xff, 0xf8,
    0x0, 0x1, 0xff, 0xf0, 0x0, 0x3, 0xff, 0xe0,
    0x0, 0x7, 0xff, 0xc0, 0x0, 0x7, 0xff, 0x80,
    0x0, 0xf, 0xff, 0x0, 0x0, 0xf, 0xfe, 0x0,
    0x0, 0xf, 0xfe, 0x0, 0x0, 0x1f, 0xfc, 0x0,
    0x0, 0x1f, 0xfc, 0x0, 0x0, 0x1f, 0xf8, 0x0,
    0x0, 0x1f, 0xf8, 0x0, 0x0, 0x1f, 0xf8, 0x0,
    0x0, 0x1f, 0xf8, 0x0, 0x0, 0x0, 0x0, 0x0,
    0x0, 0x0, 0x0, 0x0, 0x0, 0x0, 0x0, 0x0,
    0x0, 0x0, 0x0, 0x0, 0x0, 0x0, 0x0, 0x0,
    0x0, 0x0, 0x0, 0x0, 0x0, 0xf, 0xf0, 0x0,
    0x0, 0x1f, 0xf8, 0x0, 0x0, 0x1f, 0xf8, 0x0,
    0x0, 0x3f, 0xfc, 0x0, 0x0, 0x3f, 0xfc, 0x0,
    0x0, 0x3f, 0xfc, 0x0, 0x0, 0x3f, 0xfc, 0x0,
    0x0, 0x1f, 0xf8, 0x0, 0x0, 0x1f, 0xf8, 0x0,
    0x0, 0xf, 0xf0, 0x0, 0x0, 0x1, 0x0, 0x0,

    /* U+0040 "@" */
    0x0, 0x0, 0x0, 0x7f, 0xf8, 0x0, 0x0, 0x0,
    0x0, 0x0, 0xff, 0xff, 0xf0, 0x0, 0x0, 0x0,
    0x0, 0x7f, 0xff, 0xff, 0xc0, 0x0, 0x0, 0x0,
    0x3f, 0xff, 0xff, 0xfe, 0x0, 0x0, 0x0, 0x1f,
    0xff, 0xff, 0xff, 0xf0, 0x0, 0x0, 0xf, 0xff,
    0xff, 0xff, 0xff, 0x0, 0x0, 0x3, 0xff, 0xf0,
    0x3, 0xff, 0xf0, 0x0, 0x0, 0xff, 0xe0, 0x0,
    0x7, 0xff, 0x0, 0x0, 0x3f, 0xf0, 0x0, 0x0,
    0x3f, 0xf0, 0x0, 0xf, 0xfc, 0x0, 0x0, 0x1,
    0xff, 0x0, 0x3, 0xfe, 0x0, 0x0, 0x0, 0x1f,
    0xf0, 0x0, 0xff, 0x80, 0x0, 0x0, 0x1, 0xfe,
    0x0, 0x3f, 0xe0, 0x0, 0x0, 0x0, 0x1f, 0xe0,
    0x7, 0xf8, 0x0, 0x0, 0x0, 0x1, 0xfc, 0x1,
    0xfe, 0x0, 0x0, 0x0, 0x0, 0x3f, 0xc0, 0x3f,
    0x80, 0x0, 0x7f, 0x80, 0x3, 0xf8, 0xf, 0xf0,
    0x0, 0x7f, 0xfe, 0x0, 0x7f, 0x81, 0xfc, 0x0,
    0x1f, 0xff, 0xf0, 0x7, 0xf0, 0x7f, 0x80, 0xf,
    0xff, 0xff, 0x0, 0xfe, 0xf, 0xe0, 0x3, 0xff,
    0xff, 0xf0, 0xf, 0xe3, 0xfc, 0x0, 0x7f, 0xff,
    0xfe, 0x1, 0xfc, 0x7f, 0x0, 0x1f, 0xf8, 0x3f,
    0x80, 0x3f, 0x8f, 0xe0, 0x7, 0xfc, 0x7, 0xf0,
    0x7, 0xf3, 0xfc, 0x1, 0xff, 0x0, 0xfe, 0x0,
    0xfe, 0x7f, 0x0, 0x3f, 0xc0, 0x1f, 0xc0, 0xf,
    0xef, 0xe0, 0xf, 0xf8, 0x3, 0xf8, 0x1, 0xfd,
    0xfc, 0x1, 0xfe, 0x0, 0xff, 0x0, 0x3f, 0xff,
    0x80, 0x3f, 0xc0, 0x1f, 0xe0, 0x7, 0xff, 0xe0,
    0xf, 0xf0, 0x3, 0xfc, 0x0, 0xff, 0xfc, 0x1,
    0xfe, 0x0, 0x7f, 0x80, 0x1f, 0xff, 0x80, 0x3f,
    0xc0, 0xf, 0xf0, 0x3, 0xff, 0xf0, 0x7, 0xf8,
    0x1, 0xfe, 0x0, 0x7f, 0xfe, 0x1, 0xff, 0x0,
    0x3f, 0x80, 0xf, 0xff, 0xc0, 0x3f, 0xc0, 0x7,
    0xf0, 0x1, 0xff, 0xf8, 0x7, 0xf8, 0x0, 0xfe,
    0x0, 0x3f, 0xff, 0x0, 0xff, 0x0, 0x1f, 0xc0,
    0x7, 0xff, 0xe0, 0x1f, 0xe0, 0x3, 0xf8, 0x1,
    0xfd, 0xfc, 0x3, 0xfc, 0x0, 0xff, 0x0, 0x3f,
    0xbf, 0x80, 0x7f, 0x80, 0x1f, 0xe0, 0x7, 0xf7,
    0xf0, 0xf, 0xf0, 0x3, 0xfc, 0x1, 0xfe, 0xfe,
    0x1, 0xff, 0x0, 0x7f, 0x80, 0x3f, 0x9f, 0xc0,
    0x3f, 0xe0, 0x1f, 0xf0, 0xf, 0xf1, 0xfc, 0x3,
    0xfc, 0x7, 0xfe, 0x3, 0xfc, 0x3f, 0x80, 0x7f,
    0xc1, 0xff, 0xe0, 0xff, 0x87, 0xf0, 0xf, 0xff,
    0xff, 0xff, 0xff, 0xe0, 0xfe, 0x0, 0xff, 0xff,
    0xff, 0xff, 0xf8, 0x1f, 0xe0, 0x1f, 0xff, 0xf7,
    0xff, 0xfe, 0x1, 0xfc, 0x1, 0xff, 0xfc, 0x7f,
    0xff, 0x80, 0x3f, 0x80, 0x1f, 0xff, 0x7, 0xff,
    0xe0, 0x7, 0xf8, 0x0, 0xff, 0x80, 0x3f, 0xf0,
    0x0, 0x7f, 0x0, 0x1, 0x0, 0x0, 0xc0, 0x0,
    0xf, 0xf0, 0x0, 0x0, 0x0, 0x0, 0x0, 0x0,
    0xff, 0x0, 0x0, 0x0, 0x0, 0x0, 0x0, 0x1f,
    0xe0, 0x0, 0x0, 0x0, 0x0, 0x0, 0x1, 0xfe,
    0x0, 0x0, 0x0, 0x0, 0x0, 0x0, 0x3f, 0xe0,
    0x0, 0x0, 0x0, 0x0, 0x0, 0x3, 0xff, 0x0,
    0x0, 0x0, 0x0, 0x0, 0x0, 0x3f, 0xf0, 0x0,
    0x0, 0x0, 0x0, 0x0, 0x3, 0xff, 0xc0, 0x0,
    0xc, 0x0, 0x0, 0x0, 0x3f, 0xff, 0x0, 0x1f,
    0xc0, 0x0, 0x0, 0x3, 0xff, 0xff, 0xff, 0xf8,
    0x0, 0x0, 0x0, 0x3f, 0xff, 0xff, 0xff, 0x0,
    0x0, 0x0, 0x1, 0xff, 0xff, 0xff, 0xe0, 0x0,
    0x0, 0x0, 0xf, 0xff, 0xff, 0xfc, 0x0, 0x0,
    0x0, 0x0, 0x3f, 0xff, 0xfc, 0x0, 0x0, 0x0,
    0x0, 0x0, 0x7f, 0xf8, 0x0, 0x0, 0x0,

    /* U+0041 "A" */
    0x0, 0x0, 0x1f, 0xfc, 0x0, 0x0, 0x0, 0x0,
    0x1f, 0xfe, 0x0, 0x0, 0x0, 0x0, 0xf, 0xff,
    0x80, 0x0, 0x0, 0x0, 0x7, 0xff, 0xc0, 0x0,
    0x0, 0x0, 0x7, 0xff, 0xe0, 0x0, 0x0, 0x0,
    0x3, 0xff, 0xf8, 0x0, 0x0, 0x0, 0x3, 0xff,
    0xfc, 0x0, 0x0, 0x0, 0x1, 0xff, 0xfe, 0x0,
    0x0, 0x0, 0x0, 0xff, 0xff, 0x80, 0x0, 0x0,
    0x0, 0xff, 0xff, 0xc0, 0x0, 0x0, 0x0, 0x7f,
    0xff, 0xf0, 0x0, 0x0, 0x0, 0x3f, 0xff, 0xf8,
    0x0, 0x0, 0x0, 0x3f, 0xff, 0xfc, 0x0, 0x0,
    0x0, 0x1f, 0xff, 0xff, 0x0, 0x0, 0x0, 0xf,
    0xfd, 0xff, 0x80, 0x0, 0x0, 0xf, 0xfe, 0xff,
    0xc0, 0x0, 0x0, 0x7, 0xfe, 0x7f, 0xf0, 0x0,
    0x0, 0x7, 0xff, 0x1f, 0xf8, 0x0, 0x0, 0x3,
    0xff, 0x8f, 0xfe, 0x0, 0x0, 0x1, 0xff, 0x87,
    0xff, 0x0, 0x0, 0x1, 0xff, 0xc1, 0xff, 0x80,
    0x0, 0x0, 0xff, 0xe0, 0xff, 0xe0, 0x0, 0x0,
    0x7f, 0xe0, 0x7f, 0xf0, 0x0, 0x0, 0x7f, 0xf0,
    0x3f, 0xf8, 0x0, 0x0, 0x3f, 0xf8, 0xf, 0xfe,
    0x0, 0x0, 0x1f, 0xfc, 0x7, 0xff, 0x0, 0x0,
    0x1f, 0xfc, 0x3, 0xff, 0x80, 0x0, 0xf, 0xfe,
    0x0, 0xff, 0xe0, 0x0, 0xf, 0xff, 0x0, 0x7f,
    0xf0, 0x0, 0x7, 0xff, 0x0, 0x3f, 0xfc, 0x0,
    0x3, 0xff, 0x80, 0xf, 0xfe, 0x0, 0x3, 0xff,
    0xc0, 0x7, 0xff, 0x0, 0x1, 0xff, 0xc0, 0x3,
    0xff, 0xc0, 0x0, 0xff, 0xff, 0xff, 0xff, 0xe0,
    0x0, 0xff, 0xff, 0xff, 0xff, 0xf0, 0x0, 0x7f,
    0xff, 0xff, 0xff, 0xfc, 0x0, 0x7f, 0xff, 0xff,
    0xff, 0xfe, 0x0, 0x3f, 0xff, 0xff, 0xff, 0xff,
    0x0, 0x1f, 0xff, 0xff, 0xff, 0xff, 0xc0, 0x1f,
    0xff, 0xff, 0xff, 0xff, 0xe0, 0xf, 0xff, 0xff,
    0xff, 0xff, 0xf8, 0x7, 0xff, 0x0, 0x0, 0x3f,
    0xfc, 0x7, 0xff, 0x80, 0x0, 0xf, 0xfe, 0x3,
    0xff, 0xc0, 0x0, 0x7, 0xff, 0x81, 0xff, 0xc0,
    0x0, 0x3, 0xff, 0xc1, 0xff, 0xe0, 0x0, 0x1,
    0xff, 0xe0, 0xff, 0xf0, 0x0, 0x0, 0x7f, 0xf8,
    0xff, 0xf8, 0x0, 0x0, 0x3f, 0xfc, 0x7f, 0xf8,
    0x0, 0x0, 0x1f, 0xff, 0x3f, 0xfc, 0x0, 0x0,
    0x7, 0xff, 0xbf, 0xfe, 0x0, 0x0, 0x3, 0xff,
    0xdf, 0xfe, 0x0, 0x0, 0x1, 0xff, 0xf0,

    /* U+0042 "B" */
    0xff, 0xff, 0xff, 0x80, 0x1, 0xff, 0xff, 0xff,
    0xf0, 0x3, 0xff, 0xff, 0xff, 0xf8, 0x7, 0xff,
    0xff, 0xff, 0xfc, 0xf, 0xff, 0xff, 0xff, 0xfc,
    0x1f, 0xff, 0xff, 0xff, 0xfc, 0x3f, 0xff, 0xff,
    0xff, 0xfc, 0x7f, 0xff, 0xff, 0xff, 0xf8, 0xff,
    0xe0, 0x3, 0xff, 0xf9, 0xff, 0xc0, 0x0, 0xff,
    0xf3, 0xff, 0x80, 0x0, 0xff, 0xf7, 0xff, 0x0,
    0x1, 0xff, 0xef, 0xfe, 0x0, 0x1, 0xff, 0xdf,
    0xfc, 0x0, 0x3, 0xff, 0xbf, 0xf8, 0x0, 0x7,
    0xff, 0x7f, 0xf0, 0x0, 0xf, 0xfe, 0xff, 0xe0,
    0x0, 0x1f, 0xfd, 0xff, 0xc0, 0x0, 0x3f, 0xfb,
    0xff, 0x80, 0x0, 0xff, 0xe7, 0xff, 0x0, 0x1,
    0xff, 0xcf, 0xfe, 0x0, 0x7, 0xff, 0x1f, 0xfc,
    0x0, 0x7f, 0xfe, 0x3f, 0xff, 0xff, 0xff, 0xf8,
    0x7f, 0xff, 0xff, 0xff, 0xe0, 0xff, 0xff, 0xff,
    0xff, 0x1, 0xff, 0xff, 0xff, 0xfc, 0x3, 0xff,
    0xff, 0xff, 0xfe, 0x7, 0xff, 0xff, 0xff, 0xff,
    0xf, 0xff, 0xff, 0xff, 0xff, 0x1f, 0xfc, 0x0,
    0x1f, 0xff, 0x3f, 0xf8, 0x0, 0xf, 0xfe, 0x7f,
    0xf0, 0x0, 0xf, 0xfe, 0xff, 0xe0, 0x0, 0x1f,
    0xfd, 0xff, 0xc0, 0x0, 0x1f, 0xff, 0xff, 0x80,
    0x0, 0x3f, 0xff, 0xff, 0x0, 0x0, 0x7f, 0xff,
    0xfe, 0x0, 0x0, 0xff, 0xff, 0xfc, 0x0, 0x1,
    0xff, 0xff, 0xf8, 0x0, 0x3, 0xff, 0xff, 0xf0,
    0x0, 0x7, 0xff, 0xff, 0xe0, 0x0, 0x1f, 0xff,
    0xff, 0xc0, 0x0, 0x3f, 0xfb, 0xff, 0x80, 0x1,
    0xff, 0xf7, 0xff, 0x0, 0x7, 0xff, 0xef, 0xff,
    0xff, 0xff, 0xff, 0x9f, 0xff, 0xff, 0xff, 0xff,
    0x3f, 0xff, 0xff, 0xff, 0xfc, 0x7f, 0xff, 0xff,
    0xff, 0xf0, 0xff, 0xff, 0xff, 0xff, 0xc1, 0xff,
    0xff, 0xff, 0xfe, 0x3, 0xff, 0xff, 0xff, 0xf0,
    0x7, 0xff, 0xff, 0xfe, 0x0, 0x0,

    /* U+0043 "C" */
    0x0, 0x0, 0x4, 0x0, 0x0, 0x0, 0x0, 0xff,
    0xfe, 0x0, 0x0, 0x0, 0xff, 0xff, 0xf0, 0x0,
    0x0, 0xff, 0xff, 0xff, 0x0, 0x0, 0x7f, 0xff,
    0xff, 0xe0, 0x0, 0x7f, 0xff, 0xff, 0xfc, 0x0,
    0x3f, 0xff, 0xff, 0xff, 0x80, 0xf, 0xff, 0xff,
    0xff, 0xf0, 0x7, 0xff, 0xff, 0xff, 0xfe, 0x3,
    0xff, 0xe0, 0x7, 0xff, 0x81, 0xff, 0xe0, 0x0,
    0xff, 0xf0, 0x7f, 0xf0, 0x0, 0x1f, 0xfc, 0x3f,
    0xfc, 0x0, 0x3, 0xff, 0x8f, 0xfe, 0x0, 0x0,
    0xff, 0xe3, 0xff, 0x80, 0x0, 0x1f, 0xfd, 0xff,
    0xc0, 0x0, 0x7, 0xff, 0x7f, 0xf0, 0x0, 0x1,
    0xff, 0xdf, 0xfc, 0x0, 0x0, 0x7f, 0xf7, 0xfe,
    0x0, 0x0, 0x0, 0x3, 0xff, 0x80, 0x0, 0x0,
    0x0, 0xff, 0xe0, 0x0, 0x0, 0x0, 0x3f, 0xf8,
    0x0, 0x0, 0x0, 0xf, 0xfe, 0x0, 0x0, 0x0,
    0x3, 0xff, 0x80, 0x0, 0x0, 0x0, 0xff, 0xe0,
    0x0, 0x0, 0x0, 0x3f, 0xf8, 0x0, 0x0, 0x0,
    0xf, 0xfe, 0x0, 0x0, 0x0, 0x3, 0xff, 0x80,
    0x0, 0x0, 0x0, 0xff, 0xe0, 0x0, 0x0, 0x0,
    0x3f, 0xf8, 0x0, 0x0, 0x0, 0xf, 0xfe, 0x0,
    0x0, 0x0, 0x3, 0xff, 0x80, 0x0, 0x0, 0x0,
    0xff, 0xe0, 0x0, 0x0, 0x0, 0x3f, 0xf8, 0x0,
    0x0, 0x0, 0xf, 0xfe, 0x0, 0x0, 0x0, 0x1,
    0xff, 0x80, 0x0, 0x0, 0x0, 0x7f, 0xf0, 0x0,
    0x1, 0xff, 0xdf, 0xfc, 0x0, 0x0, 0x7f, 0xf7,
    0xff, 0x0, 0x0, 0x1f, 0xfc, 0xff, 0xc0, 0x0,
    0x7, 0xff, 0x3f, 0xf8, 0x0, 0x3, 0xff, 0x8f,
    0xfe, 0x0, 0x0, 0xff, 0xe1, 0xff, 0xc0, 0x0,
    0x7f, 0xf8, 0x7f, 0xf8, 0x0, 0x3f, 0xfc, 0xf,
    0xff, 0x80, 0x3f, 0xff, 0x1, 0xff, 0xff, 0xff,
    0xff, 0x80, 0x7f, 0xff, 0xff, 0xff, 0xc0, 0xf,
    0xff, 0xff, 0xff, 0xf0, 0x1, 0xff, 0xff, 0xff,
    0xf8, 0x0, 0x1f, 0xff, 0xff, 0xf8, 0x0, 0x3,
    0xff, 0xff, 0xfc, 0x0, 0x0, 0x3f, 0xff, 0xfc,
    0x0, 0x0, 0x3, 0xff, 0xf8, 0x0, 0x0, 0x0,
    0x3, 0x0, 0x0, 0x0,

    /* U+0044 "D" */
    0xff, 0xff, 0xf8, 0x0, 0x1, 0xff, 0xff, 0xfe,
    0x0, 0x3, 0xff, 0xff, 0xff, 0x80, 0x7, 0xff,
    0xff, 0xff, 0x80, 0xf, 0xff, 0xff, 0xff, 0xc0,
    0x1f, 0xff, 0xff, 0xff, 0xc0, 0x3f, 0xff, 0xff,
    0xff, 0xc0, 0x7f, 0xff, 0xff, 0xff, 0xc0, 0xff,
    0xe0, 0xf, 0xff, 0xc1, 0xff, 0xc0, 0x7, 0xff,
    0xc3, 0xff, 0x80, 0x7, 0xff, 0x87, 0xff, 0x0,
    0x7, 0xff, 0x8f, 0xfe, 0x0, 0x7, 0xff, 0x1f,
    0xfc, 0x0, 0x7, 0xff, 0x3f, 0xf8, 0x0, 0xf,
    0xfe, 0x7f, 0xf0, 0x0, 0xf, 0xfe, 0xff, 0xe0,
    0x0, 0x1f, 0xfd, 0xff, 0xc0, 0x0, 0x3f, 0xfb,
    0xff, 0x80, 0x0, 0x7f, 0xf7, 0xff, 0x0, 0x0,
    0x7f, 0xff, 0xfe, 0x0, 0x0, 0xff, 0xff, 0xfc,
    0x0, 0x1, 0xff, 0xff, 0xf8, 0x0, 0x3, 0xff,
    0xff, 0xf0, 0x0, 0x7, 0xff, 0xff, 0xe0, 0x0,
    0xf, 0xff, 0xff, 0xc0, 0x0, 0x1f, 0xff, 0xff,
    0x80, 0x0, 0x3f, 0xff, 0xff, 0x0, 0x0, 0x7f,
    0xff, 0xfe, 0x0, 0x0, 0xff, 0xff, 0xfc, 0x0,
    0x1, 0xff, 0xff, 0xf8, 0x0, 0x3, 0xff, 0xff,
    0xf0, 0x0, 0x7, 0xff, 0xff, 0xe0, 0x0, 0xf,
    0xff, 0xff, 0xc0, 0x0, 0x3f, 0xfb, 0xff, 0x80,
    0x0, 0x7f, 0xf7, 0xff, 0x0, 0x0, 0xff, 0xef,
    0xfe, 0x0, 0x1, 0xff, 0xdf, 0xfc, 0x0, 0x7,
    0xff, 0x3f, 0xf8, 0x0, 0xf, 0xfe, 0x7f, 0xf0,
    0x0, 0x3f, 0xf8, 0xff, 0xe0, 0x0, 0xff, 0xf1,
    0xff, 0xc0, 0x3, 0xff, 0xc3, 0xff, 0x80, 0xf,
    0xff, 0x87, 0xff, 0x0, 0x7f, 0xfe, 0xf, 0xff,
    0xff, 0xff, 0xf8, 0x1f, 0xff, 0xff, 0xff, 0xe0,
    0x3f, 0xff, 0xff, 0xff, 0x80, 0x7f, 0xff, 0xff,
    0xfe, 0x0, 0xff, 0xff, 0xff, 0xf8, 0x1, 0xff,
    0xff, 0xff, 0xc0, 0x3, 0xff, 0xff, 0xfe, 0x0,
    0x7, 0xff, 0xff, 0xc0, 0x0, 0x0,

    /* U+0045 "E" */
    0xff, 0xff, 0xff, 0xff, 0xff, 0xff, 0xff, 0xff,
    0xff, 0xff, 0xff, 0xff, 0xff, 0xff, 0xff, 0xff,
    0xff, 0xff, 0xff, 0xff, 0xff, 0xff, 0xff, 0xff,
    0xff, 0xff, 0xff, 0xff, 0xff, 0xff, 0xff, 0xff,
    0xff, 0xff, 0xff, 0xff, 0xe0, 0x0, 0x0, 0x1f,
    0xfc, 0x0, 0x0, 0x3, 0xff, 0x80, 0x0, 0x0,
    0x7f, 0xf0, 0x0, 0x0, 0xf, 0xfe, 0x0, 0x0,
    0x1, 0xff, 0xc0, 0x0, 0x0, 0x3f, 0xf8, 0x0,
    0x0, 0x7, 0xff, 0x0, 0x0, 0x0, 0xff, 0xe0,
    0x0, 0x0, 0x1f, 0xfc, 0x0, 0x0, 0x3, 0xff,
    0x80, 0x0, 0x0, 0x7f, 0xf0, 0x0, 0x0, 0xf,
    0xfe, 0x0, 0x0, 0x1, 0xff, 0xc0, 0x0, 0x0,
    0x3f, 0xff, 0xff, 0xff, 0xc7, 0xff, 0xff, 0xff,
    0xf8, 0xff, 0xff, 0xff, 0xff, 0x1f, 0xff, 0xff,
    0xff, 0xe3, 0xff, 0xff, 0xff, 0xfc, 0x7f, 0xff,
    0xff, 0xff, 0x8f, 0xff, 0xff, 0xff, 0xf1, 0xff,
    0xff, 0xff, 0xfe, 0x3f, 0xf8, 0x0, 0x0, 0x7,
    0xff, 0x0, 0x0, 0x0, 0xff, 0xe0, 0x0, 0x0,
    0x1f, 0xfc, 0x0, 0x0, 0x3, 0xff, 0x80, 0x0,
    0x0, 0x7f, 0xf0, 0x0, 0x0, 0xf, 0xfe, 0x0,
    0x0, 0x1, 0xff, 0xc0, 0x0, 0x0, 0x3f, 0xf8,
    0x0, 0x0, 0x7, 0xff, 0x0, 0x0, 0x0, 0xff,
    0xe0, 0x0, 0x0, 0x1f, 0xfc, 0x0, 0x0, 0x3,
    0xff, 0x80, 0x0, 0x0, 0x7f, 0xf0, 0x0, 0x0,
    0xf, 0xff, 0xff, 0xff, 0xff, 0xff, 0xff, 0xff,
    0xff, 0xff, 0xff, 0xff, 0xff, 0xff, 0xff, 0xff,
    0xff, 0xff, 0xff, 0xff, 0xff, 0xff, 0xff, 0xff,
    0xff, 0xff, 0xff, 0xff, 0xff, 0xff, 0xff, 0xff,
    0xff, 0xff, 0xff, 0xf0,

    /* U+0046 "F" */
    0xff, 0xff, 0xff, 0xff, 0xff, 0xff, 0xff, 0xff,
    0xff, 0xff, 0xff, 0xff, 0xff, 0xff, 0xff, 0xff,
    0xff, 0xff, 0xff, 0xff, 0xff, 0xff, 0xff, 0xff,
    0xff, 0xff, 0xff, 0xff, 0xff, 0xff, 0xff, 0xff,
    0xff, 0xff, 0xff, 0xe0, 0x0, 0x0, 0x3f, 0xf8,
    0x0, 0x0, 0xf, 0xfe, 0x0, 0x0, 0x3, 0xff,
    0x80, 0x0, 0x0, 0xff, 0xe0, 0x0, 0x0, 0x3f,
    0xf8, 0x0, 0x0, 0xf, 0xfe, 0x0, 0x0, 0x3,
    0xff, 0x80, 0x0, 0x0, 0xff, 0xe0, 0x0, 0x0,
    0x3f, 0xf8, 0x0, 0x0, 0xf, 0xfe, 0x0, 0x0,
    0x3, 0xff, 0x80, 0x0, 0x0, 0xff, 0xe0, 0x0,
    0x0, 0x3f, 0xf8, 0x0, 0x0, 0xf, 0xfe, 0x0,
    0x0, 0x3, 0xff, 0xff, 0xff, 0xfc, 0xff, 0xff,
    0xff, 0xff, 0x3f, 0xff, 0xff, 0xff, 0xcf, 0xff,
    0xff, 0xff, 0xf3, 0xff, 0xff, 0xff, 0xfc, 0xff,
    0xff, 0xff, 0xff, 0x3f, 0xff, 0xff, 0xff, 0xcf,
    0xff, 0xff, 0xff, 0xf3, 0xff, 0x80, 0x0, 0x0,
    0xff, 0xe0, 0x0, 0x0, 0x3f, 0xf8, 0x0, 0x0,
    0xf, 0xfe, 0x0, 0x0, 0x3, 0xff, 0x80, 0x0,
    0x0, 0xff, 0xe0, 0x0, 0x0, 0x3f, 0xf8, 0x0,
    0x0, 0xf, 0xfe, 0x0, 0x0, 0x3, 0xff, 0x80,
    0x0, 0x0, 0xff, 0xe0, 0x0, 0x0, 0x3f, 0xf8,
    0x0, 0x0, 0xf, 0xfe, 0x0, 0x0, 0x3, 0xff,
    0x80, 0x0, 0x0, 0xff, 0xe0, 0x0, 0x0, 0x3f,
    0xf8, 0x0, 0x0, 0xf, 0xfe, 0x0, 0x0, 0x3,
    0xff, 0x80, 0x0, 0x0, 0xff, 0xe0, 0x0, 0x0,
    0x3f, 0xf8, 0x0, 0x0, 0xf, 0xfe, 0x0, 0x0,
    0x3, 0xff, 0x80, 0x0, 0x0,

    /* U+0047 "G" */
    0x0, 0x0, 0x4, 0x0, 0x0, 0x0, 0x0, 0x7f,
    0xff, 0x0, 0x0, 0x0, 0xff, 0xff, 0xf0, 0x0,
    0x0, 0xff, 0xff, 0xff, 0x0, 0x0, 0x7f, 0xff,
    0xff, 0xf0, 0x0, 0x3f, 0xff, 0xff, 0xfe, 0x0,
    0x3f, 0xff, 0xff, 0xff, 0xc0, 0xf, 0xff, 0xff,
    0xff, 0xf0, 0x7, 0xff, 0xff, 0xff, 0xfe, 0x3,
    0xff, 0xe0, 0x7, 0xff, 0xc1, 0xff, 0xf0, 0x0,
    0xff, 0xf0, 0x7f, 0xf8, 0x0, 0x1f, 0xfe, 0x3f,
    0xfc, 0x0, 0x3, 0xff, 0x8f, 0xfe, 0x0, 0x0,
    0xff, 0xe3, 0xff, 0x80, 0x0, 0x1f, 0xf9, 0xff,
    0xc0, 0x0, 0x7, 0xff, 0x7f, 0xf0, 0x0, 0x1,
    0xff, 0xdf, 0xfc, 0x0, 0x0, 0x7f, 0xf7, 0xff,
    0x0, 0x0, 0x0, 0x3, 0xff, 0x80, 0x0, 0x0,
    0x0, 0xff, 0xe0, 0x0, 0x0, 0x0, 0x3f, 0xf8,
    0x0, 0x0, 0x0, 0xf, 0xfe, 0x0, 0x0, 0x0,
    0x3, 0xff, 0x80, 0x0, 0x0, 0x0, 0xff, 0xe0,
    0x0, 0x0, 0x0, 0x3f, 0xf8, 0x0, 0x0, 0x0,
    0xf, 0xfe, 0x0, 0x3f, 0xff, 0xff, 0xff, 0x80,
    0xf, 0xff, 0xff, 0xff, 0xe0, 0x3, 0xff, 0xff,
    0xff, 0xf8, 0x0, 0xff, 0xff, 0xff, 0xfe, 0x0,
    0x3f, 0xff, 0xff, 0xff, 0x80, 0xf, 0xff, 0xff,
    0xff, 0xe0, 0x3, 0xff, 0xff, 0xff, 0xf8, 0x0,
    0xff, 0xff, 0xff, 0xfe, 0x0, 0x0, 0x1f, 0xfd,
    0xff, 0xc0, 0x0, 0x7, 0xff, 0x7f, 0xf0, 0x0,
    0x1, 0xff, 0xdf, 0xfc, 0x0, 0x0, 0x7f, 0xf7,
    0xff, 0x80, 0x0, 0x1f, 0xfc, 0xff, 0xe0, 0x0,
    0x7, 0xff, 0x3f, 0xf8, 0x0, 0x1, 0xff, 0xcf,
    0xff, 0x0, 0x0, 0x7f, 0xf1, 0xff, 0xe0, 0x0,
    0x1f, 0xfc, 0x3f, 0xfc, 0x0, 0xf, 0xff, 0xf,
    0xff, 0xc0, 0x7, 0xff, 0xc1, 0xff, 0xff, 0xff,
    0xff, 0xf0, 0x3f, 0xff, 0xff, 0xff, 0xfc, 0x7,
    0xff, 0xff, 0xff, 0xff, 0x0, 0xff, 0xff, 0xff,
    0xff, 0x0, 0x1f, 0xff, 0xff, 0xff, 0x80, 0x3,
    0xff, 0xff, 0xff, 0x80, 0x0, 0x3f, 0xff, 0xff,
    0x80, 0x0, 0x1, 0xff, 0xfe, 0x0, 0x0, 0x0,
    0x1, 0x80, 0x0, 0x0,

    /* U+0048 "H" */
    0xff, 0xe0, 0x0, 0x1, 0xff, 0xff, 0xf8, 0x0,
    0x0, 0x7f, 0xff, 0xfe, 0x0, 0x0, 0x1f, 0xff,
    0xff, 0x80, 0x0, 0x7, 0xff, 0xff, 0xe0, 0x0,
    0x1, 0xff, 0xff, 0xf8, 0x0, 0x0, 0x7f, 0xff,
    0xfe, 0x0, 0x0, 0x1f, 0xff, 0xff, 0x80, 0x0,
    0x7, 0xff, 0xff, 0xe0, 0x0, 0x1, 0xff, 0xff,
    0xf8, 0x0, 0x0, 0x7f, 0xff, 0xfe, 0x0, 0x0,
    0x1f, 0xff, 0xff, 0x80, 0x0, 0x7, 0xff, 0xff,
    0xe0, 0x0, 0x1, 0xff, 0xff, 0xf8, 0x0, 0x0,
    0x7f, 0xff, 0xfe, 0x0, 0x0, 0x1f, 0xff, 0xff,
    0x80, 0x0, 0x7, 0xff, 0xff, 0xe0, 0x0, 0x1,
    0xff, 0xff, 0xf8, 0x0, 0x0, 0x7f, 0xff, 0xfe,
    0x0, 0x0, 0x1f, 0xff, 0xff, 0x80, 0x0, 0x7,
    0xff, 0xff, 0xe0, 0x0, 0x1, 0xff, 0xff, 0xf8,
    0x0, 0x0, 0x7f, 0xff, 0xff, 0xff, 0xff, 0xff,
    0xff, 0xff, 0xff, 0xff, 0xff, 0xff, 0xff, 0xff,
    0xff, 0xff, 0xff, 0xff, 0xff, 0xff, 0xff, 0xff,
    0xff, 0xff, 0xff, 0xff, 0xff, 0xff, 0xff, 0xff,
    0xff, 0xff, 0xff, 0xff, 0xff, 0xff, 0xff, 0xff,
    0xff, 0xff, 0xff, 0xff, 0xff, 0xff, 0xfe, 0x0,
    0x0, 0x1f, 0xff, 0xff, 0x80, 0x0, 0x7, 0xff,
    0xff, 0xe0, 0x0, 0x1, 0xff, 0xff, 0xf8, 0x0,
    0x0, 0x7f, 0xff, 0xfe, 0x0, 0x0, 0x1f, 0xff,
    0xff, 0x80, 0x0, 0x7, 0xff, 0xff, 0xe0, 0x0,
    0x1, 0xff, 0xff, 0xf8, 0x0, 0x0, 0x7f, 0xff,
    0xfe, 0x0, 0x0, 0x1f, 0xff, 0xff, 0x80, 0x0,
    0x7, 0xff, 0xff, 0xe0, 0x0, 0x1, 0xff, 0xff,
    0xf8, 0x0, 0x0, 0x7f, 0xff, 0xfe, 0x0, 0x0,
    0x1f, 0xff, 0xff, 0x80, 0x0, 0x7, 0xff, 0xff,
    0xe0, 0x0, 0x1, 0xff, 0xff, 0xf8, 0x0, 0x0,
    0x7f, 0xff, 0xfe, 0x0, 0x0, 0x1f, 0xff, 0xff,
    0x80, 0x0, 0x7, 0xff, 0xff, 0xe0, 0x0, 0x1,
    0xff, 0xff, 0xf8, 0x0, 0x0, 0x7f, 0xff, 0xfe,
    0x0, 0x0, 0x1f, 0xff, 0xff, 0x80, 0x0, 0x7,
    0xff,

    /* U+0049 "I" */
    0xff, 0xff, 0xff, 0xff, 0xff, 0xff, 0xff, 0xff,
    0xff, 0xff, 0xff, 0xff, 0xff, 0xff, 0xff, 0xff,
    0xff, 0xff, 0xff, 0xff, 0xff, 0xff, 0xff, 0xff,
    0xff, 0xff, 0xff, 0xff, 0xff, 0xff, 0xff, 0xff,
    0xff, 0xff, 0xff, 0xff, 0xff, 0xff, 0xff, 0xff,
    0xff, 0xff, 0xff, 0xff, 0xff, 0xff, 0xff, 0xff,
    0xff, 0xff, 0xff, 0xff, 0xff, 0xff, 0xff, 0xff,
    0xff, 0xff, 0xff, 0xff, 0xff, 0xff, 0xff, 0xff,
    0xff, 0xff, 0xff, 0xff, 0xff, 0xff, 0xff, 0xf0,

    /* U+004A "J" */
    0x0, 0x0, 0x0, 0xff, 0xe0, 0x0, 0x0, 0x1f,
    0xfc, 0x0, 0x0, 0x3, 0xff, 0x80, 0x0, 0x0,
    0x7f, 0xf0, 0x0, 0x0, 0xf, 0xfe, 0x0, 0x0,
    0x1, 0xff, 0xc0, 0x0, 0x0, 0x3f, 0xf8, 0x0,
    0x0, 0x7, 0xff, 0x0, 0x0, 0x0, 0xff, 0xe0,
    0x0, 0x0, 0x1f, 0xfc, 0x0, 0x0, 0x3, 0xff,
    0x80, 0x0, 0x0, 0x7f, 0xf0, 0x0, 0x0, 0xf,
    0xfe, 0x0, 0x0, 0x1, 0xff, 0xc0, 0x0, 0x0,
    0x3f, 0xf8, 0x0, 0x0, 0x7, 0xff, 0x0, 0x0,
    0x0, 0xff, 0xe0, 0x0, 0x0, 0x1f, 0xfc, 0x0,
    0x0, 0x3, 0xff, 0x80, 0x0, 0x0, 0x7f, 0xf0,
    0x0, 0x0, 0xf, 0xfe, 0x0, 0x0, 0x1, 0xff,
    0xc0, 0x0, 0x0, 0x3f, 0xf8, 0x0, 0x0, 0x7,
    0xff, 0x0, 0x0, 0x0, 0xff, 0xe0, 0x0, 0x0,
    0x1f, 0xfc, 0x0, 0x0, 0x3, 0xff, 0x80, 0x0,
    0x0, 0x7f, 0xf0, 0x0, 0x0, 0xf, 0xfe, 0x0,
    0x0, 0x1, 0xff, 0xc0, 0x0, 0x0, 0x3f, 0xf8,
    0x0, 0x0, 0x7, 0xff, 0x0, 0x0, 0x0, 0xff,
    0xe0, 0x0, 0x0, 0x1f, 0xfc, 0x0, 0x0, 0x3,
    0xff, 0x80, 0x0, 0x0, 0x7f, 0xf0, 0x0, 0x0,
    0xf, 0xff, 0xff, 0xc0, 0x1, 0xff, 0xff, 0xf8,
    0x0, 0x3f, 0xff, 0xff, 0x0, 0x7, 0xff, 0xff,
    0xe0, 0x1, 0xff, 0xdf, 0xfe, 0x0, 0x3f, 0xf9,
    0xff, 0xc0, 0xf, 0xff, 0x3f, 0xfc, 0x3, 0xff,
    0xc7, 0xff, 0xff, 0xff, 0xf8, 0x7f, 0xff, 0xff,
    0xfe, 0x7, 0xff, 0xff, 0xff, 0x80, 0x7f, 0xff,
    0xff, 0xf0, 0x7, 0xff, 0xff, 0xf8, 0x0, 0x7f,
    0xff, 0xfe, 0x0, 0x3, 0xff, 0xff, 0x0, 0x0,
    0x1f, 0xff, 0x80, 0x0, 0x0, 0xc, 0x0, 0x0,

    /* U+004B "K" */
    0xff, 0xe0, 0x0, 0x1f, 0xff, 0xbf, 0xf8, 0x0,
    0xf, 0xff, 0xcf, 0xfe, 0x0, 0x3, 0xff, 0xf3,
    0xff, 0x80, 0x1, 0xff, 0xf8, 0xff, 0xe0, 0x0,
    0xff, 0xfc, 0x3f, 0xf8, 0x0, 0x3f, 0xfe, 0xf,
    0xfe, 0x0, 0x1f, 0xff, 0x83, 0xff, 0x80, 0xf,
    0xff, 0xc0, 0xff, 0xe0, 0x7, 0xff, 0xe0, 0x3f,
    0xf8, 0x1, 0xff, 0xf0, 0xf, 0xfe, 0x0, 0xff,
    0xfc, 0x3, 0xff, 0x80, 0x7f, 0xfe, 0x0, 0xff,
    0xe0, 0x1f, 0xff, 0x0, 0x3f, 0xf8, 0xf, 0xff,
    0x80, 0xf, 0xfe, 0x7, 0xff, 0xc0, 0x3, 0xff,
    0x83, 0xff, 0xf0, 0x0, 0xff, 0xe0, 0xff, 0xf8,
    0x0, 0x3f, 0xf8, 0x7f, 0xfc, 0x0, 0xf, 0xfe,
    0x3f, 0xfe, 0x0, 0x3, 0xff, 0x8f, 0xff, 0x80,
    0x0, 0xff, 0xe7, 0xff, 0xc0, 0x0, 0x3f, 0xfb,
    0xff, 0xe0, 0x0, 0xf, 0xfe, 0xff, 0xf0, 0x0,
    0x3, 0xff, 0xff, 0xfc, 0x0, 0x0, 0xff, 0xff,
    0xff, 0x80, 0x0, 0x3f, 0xff, 0xff, 0xe0, 0x0,
    0xf, 0xff, 0xff, 0xfc, 0x0, 0x3, 0xff, 0xff,
    0xff, 0x80, 0x0, 0xff, 0xff, 0xff, 0xe0, 0x0,
    0x3f, 0xff, 0xff, 0xfc, 0x0, 0xf, 0xff, 0xff,
    0xff, 0x80, 0x3, 0xff, 0xff, 0xff, 0xe0, 0x0,
    0xff, 0xff, 0x7f, 0xfc, 0x0, 0x3f, 0xff, 0x9f,
    0xff, 0x0, 0xf, 0xff, 0xc3, 0xff, 0xe0, 0x3,
    0xff, 0xe0, 0xff, 0xfc, 0x0, 0xff, 0xf0, 0x1f,
    0xff, 0x0, 0x3f, 0xf8, 0x3, 0xff, 0xe0, 0xf,
    0xfe, 0x0, 0xff, 0xfc, 0x3, 0xff, 0x80, 0x1f,
    0xff, 0x0, 0xff, 0xe0, 0x7, 0xff, 0xe0, 0x3f,
    0xf8, 0x0, 0xff, 0xf8, 0xf, 0xfe, 0x0, 0x1f,
    0xff, 0x3, 0xff, 0x80, 0x7, 0xff, 0xe0, 0xff,
    0xe0, 0x0, 0xff, 0xf8, 0x3f, 0xf8, 0x0, 0x3f,
    0xff, 0xf, 0xfe, 0x0, 0x7, 0xff, 0xc3, 0xff,
    0x80, 0x0, 0xff, 0xf8, 0xff, 0xe0, 0x0, 0x3f,
    0xff, 0x3f, 0xf8, 0x0, 0x7, 0xff, 0xcf, 0xfe,
    0x0, 0x1, 0xff, 0xfb, 0xff, 0x80, 0x0, 0x3f,
    0xff,

    /* U+004C "L" */
    0xff, 0xe0, 0x0, 0x0, 0x3f, 0xf8, 0x0, 0x0,
    0xf, 0xfe, 0x0, 0x0, 0x3, 0xff, 0x80, 0x0,
    0x0, 0xff, 0xe0, 0x0, 0x0, 0x3f, 0xf8, 0x0,
    0x0, 0xf, 0xfe, 0x0, 0x0, 0x3, 0xff, 0x80,
    0x0, 0x0, 0xff, 0xe0, 0x0, 0x0, 0x3f, 0xf8,
    0x0, 0x0, 0xf, 0xfe, 0x0, 0x0, 0x3, 0xff,
    0x80, 0x0, 0x0, 0xff, 0xe0, 0x0, 0x0, 0x3f,
    0xf8, 0x0, 0x0, 0xf, 0xfe, 0x0, 0x0, 0x3,
    0xff, 0x80, 0x0, 0x0, 0xff, 0xe0, 0x0, 0x0,
    0x3f, 0xf8, 0x0, 0x0, 0xf, 0xfe, 0x0, 0x0,
    0x3, 0xff, 0x80, 0x0, 0x0, 0xff, 0xe0, 0x0,
    0x0, 0x3f, 0xf8, 0x0, 0x0, 0xf, 0xfe, 0x0,
    0x0, 0x3, 0xff, 0x80, 0x0, 0x0, 0xff, 0xe0,
    0x0, 0x0, 0x3f, 0xf8, 0x0, 0x0, 0xf, 0xfe,
    0x0, 0x0, 0x3, 0xff, 0x80, 0x0, 0x0, 0xff,
    0xe0, 0x0, 0x0, 0x3f, 0xf8, 0x0, 0x0, 0xf,
    0xfe, 0x0, 0x0, 0x3, 0xff, 0x80, 0x0, 0x0,
    0xff, 0xe0, 0x0, 0x0, 0x3f, 0xf8, 0x0, 0x0,
    0xf, 0xfe, 0x0, 0x0, 0x3, 0xff, 0x80, 0x0,
    0x0, 0xff, 0xe0, 0x0, 0x0, 0x3f, 0xf8, 0x0,
    0x0, 0xf, 0xfe, 0x0, 0x0, 0x3, 0xff, 0x80,
    0x0, 0x0, 0xff, 0xe0, 0x0, 0x0, 0x3f, 0xf8,
    0x0, 0x0, 0xf, 0xfe, 0x0, 0x0, 0x3, 0xff,
    0x80, 0x0, 0x0, 0xff, 0xff, 0xff, 0xff, 0xff,
    0xff, 0xff, 0xff, 0xff, 0xff, 0xff, 0xff, 0xff,
    0xff, 0xff, 0xff, 0xff, 0xff, 0xff, 0xff, 0xff,
    0xff, 0xff, 0xff, 0xff, 0xff, 0xff, 0xff, 0xff,
    0xff, 0xff, 0xff, 0xff, 0xff,

    /* U+004D "M" */
    0xff, 0xfe, 0x0, 0x0, 0x1, 0xff, 0xff, 0xff,
    0xfc, 0x0, 0x0, 0x3, 0xff, 0xff, 0xff, 0xfc,
    0x0, 0x0, 0x7, 0xff, 0xff, 0xff, 0xf8, 0x0,
    0x0, 0x1f, 0xff, 0xff, 0xff, 0xf0, 0x0, 0x0,
    0x3f, 0xff, 0xff, 0xff, 0xf0, 0x0, 0x0, 0x7f,
    0xff, 0xff, 0xff, 0xe0, 0x0, 0x1, 0xff, 0xff,
    0xff, 0xff, 0xc0, 0x0, 0x3, 0xff, 0xff, 0xff,
    0xff, 0xc0, 0x0, 0x7, 0xff, 0xff, 0xff, 0xff,
    0x80, 0x0, 0x1f, 0xff, 0xff, 0xff, 0xff, 0x0,
    0x0, 0x3f, 0xff, 0xff, 0xff, 0xff, 0x0, 0x0,
    0x7f, 0xff, 0xff, 0xff, 0xfe, 0x0, 0x1, 0xff,
    0xff, 0xff, 0xff, 0xfc, 0x0, 0x3, 0xff, 0xff,
    0xff, 0xff, 0xfc, 0x0, 0x7, 0xff, 0xff, 0xff,
    0xef, 0xf8, 0x0, 0x1f, 0xff, 0xff, 0xff, 0xdf,
    0xf0, 0x0, 0x3f, 0xef, 0xff, 0xff, 0x9f, 0xf0,
    0x0, 0x7f, 0xdf, 0xff, 0xff, 0xbf, 0xe0, 0x1,
    0xff, 0xbf, 0xff, 0xff, 0x7f, 0xc0, 0x3, 0xfe,
    0x7f, 0xff, 0xfe, 0x7f, 0xc0, 0x7, 0xfc, 0xff,
    0xff, 0xfc, 0xff, 0x80, 0x1f, 0xf9, 0xff, 0xff,
    0xf9, 0xff, 0x0, 0x3f, 0xe3, 0xff, 0xff, 0xf1,
    0xff, 0x0, 0x7f, 0xc7, 0xff, 0xff, 0xe3, 0xfe,
    0x1, 0xff, 0x8f, 0xff, 0xff, 0xc7, 0xfc, 0x3,
    0xfe, 0x1f, 0xff, 0xff, 0x87, 0xfc, 0x7, 0xfc,
    0x3f, 0xff, 0xff, 0xf, 0xf8, 0x1f, 0xf8, 0x7f,
    0xff, 0xfe, 0x1f, 0xf0, 0x3f, 0xe1, 0xff, 0xff,
    0xfc, 0x1f, 0xf0, 0x7f, 0xc3, 0xff, 0xff, 0xf8,
    0x3f, 0xe1, 0xff, 0x7, 0xff, 0xff, 0xf0, 0x7f,
    0xc3, 0xfe, 0xf, 0xff, 0xff, 0xe0, 0x7f, 0xc7,
    0xfc, 0x1f, 0xff, 0xff, 0xc0, 0xff, 0x9f, 0xf0,
    0x3f, 0xff, 0xff, 0x81, 0xff, 0x3f, 0xe0, 0x7f,
    0xff, 0xff, 0x1, 0xff, 0x7f, 0xc0, 0xff, 0xff,
    0xfe, 0x3, 0xff, 0xff, 0x1, 0xff, 0xff, 0xfc,
    0x7, 0xff, 0xfe, 0x3, 0xff, 0xff, 0xf8, 0x7,
    0xff, 0xfc, 0x7, 0xff, 0xff, 0xf0, 0xf, 0xff,
    0xf0, 0xf, 0xff, 0xff, 0xe0, 0x1f, 0xff, 0xe0,
    0x1f, 0xff, 0xff, 0xc0, 0x1f, 0xff, 0xc0, 0x3f,
    0xff, 0xff, 0x80, 0x3f, 0xff, 0x0, 0x7f, 0xff,
    0xff, 0x0, 0x7f, 0xfe, 0x0, 0xff, 0xff, 0xfe,
    0x0, 0x7f, 0xfc, 0x1, 0xff, 0xff, 0xfc, 0x0,
    0xff, 0xf0, 0x3, 0xff, 0xff, 0xf8, 0x1, 0xff,
    0xe0, 0x7, 0xff, 0xff, 0xf0, 0x1, 0xff, 0xc0,
    0xf, 0xff, 0xff, 0xe0, 0x3, 0xff, 0x0, 0x1f,
    0xff, 0xff, 0xc0, 0x3, 0xfe, 0x0, 0x3f, 0xff,
    0xff, 0x80, 0x7, 0xfc, 0x0, 0x7f, 0xff, 0xff,
    0x0, 0xf, 0xf0, 0x0, 0xff, 0xf0,

    /* U+004E "N" */
    0xff, 0xe0, 0x0, 0x1, 0xff, 0xff, 0xfc, 0x0,
    0x0, 0x7f, 0xff, 0xff, 0x0, 0x0, 0x1f, 0xff,
    0xff, 0xe0, 0x0, 0x7, 0xff, 0xff, 0xfc, 0x0,
    0x1, 0xff, 0xff, 0xff, 0x0, 0x0, 0x7f, 0xff,
    0xff, 0xe0, 0x0, 0x1f, 0xff, 0xff, 0xf8, 0x0,
    0x7, 0xff, 0xff, 0xff, 0x0, 0x1, 0xff, 0xff,
    0xff, 0xe0, 0x0, 0x7f, 0xff, 0xff, 0xf8, 0x0,
    0x1f, 0xff, 0xff, 0xff, 0x0, 0x7, 0xff, 0xff,
    0xff, 0xc0, 0x1, 0xff, 0xff, 0xff, 0xf8, 0x0,
    0x7f, 0xff, 0xff, 0xff, 0x0, 0x1f, 0xff, 0xff,
    0xff, 0xc0, 0x7, 0xff, 0xff, 0xff, 0xf8, 0x1,
    0xff, 0xff, 0xff, 0xfe, 0x0, 0x7f, 0xff, 0xff,
    0xff, 0xc0, 0x1f, 0xff, 0xff, 0xbf, 0xf8, 0x7,
    0xff, 0xff, 0xef, 0xfe, 0x1, 0xff, 0xff, 0xf9,
    0xff, 0xc0, 0x7f, 0xff, 0xfe, 0x7f, 0xf0, 0x1f,
    0xff, 0xff, 0x8f, 0xfe, 0x7, 0xff, 0xff, 0xe1,
    0xff, 0xc1, 0xff, 0xff, 0xf8, 0x7f, 0xf0, 0x7f,
    0xff, 0xfe, 0xf, 0xfe, 0x1f, 0xff, 0xff, 0x83,
    0xff, 0x87, 0xff, 0xff, 0xe0, 0x7f, 0xf1, 0xff,
    0xff, 0xf8, 0xf, 0xfe, 0x7f, 0xff, 0xfe, 0x3,
    0xff, 0x9f, 0xff, 0xff, 0x80, 0x7f, 0xf7, 0xff,
    0xff, 0xe0, 0x1f, 0xfd, 0xff, 0xff, 0xf8, 0x3,
    0xff, 0xff, 0xff, 0xfe, 0x0, 0x7f, 0xff, 0xff,
    0xff, 0x80, 0x1f, 0xff, 0xff, 0xff, 0xe0, 0x3,
    0xff, 0xff, 0xff, 0xf8, 0x0, 0xff, 0xff, 0xff,
    0xfe, 0x0, 0x1f, 0xff, 0xff, 0xff, 0x80, 0x3,
    0xff, 0xff, 0xff, 0xe0, 0x0, 0xff, 0xff, 0xff,
    0xf8, 0x0, 0x1f, 0xff, 0xff, 0xfe, 0x0, 0x7,
    0xff, 0xff, 0xff, 0x80, 0x0, 0xff, 0xff, 0xff,
    0xe0, 0x0, 0x3f, 0xff, 0xff, 0xf8, 0x0, 0x7,
    0xff, 0xff, 0xfe, 0x0, 0x0, 0xff, 0xff, 0xff,
    0x80, 0x0, 0x3f, 0xff, 0xff, 0xe0, 0x0, 0x7,
    0xff, 0xff, 0xf8, 0x0, 0x1, 0xff, 0xff, 0xfe,
    0x0, 0x0, 0x3f, 0xff, 0xff, 0x80, 0x0, 0x7,
    0xff,

    /* U+004F "O" */
    0x0, 0x0, 0x0, 0x0, 0x0, 0x0, 0x0, 0x1f,
    0xff, 0x80, 0x0, 0x0, 0x7, 0xff, 0xfe, 0x0,
    0x0, 0x1, 0xff, 0xff, 0xf8, 0x0, 0x0, 0x7f,
    0xff, 0xff, 0xe0, 0x0, 0xf, 0xff, 0xff, 0xff,
    0x0, 0x1, 0xff, 0xff, 0xff, 0xf8, 0x0, 0x3f,
    0xff, 0xff, 0xff, 0xc0, 0x7, 0xff, 0xff, 0xff,
    0xfe, 0x0, 0xff, 0xf8, 0x3, 0xff, 0xf0, 0xf,
    0xff, 0x0, 0xf, 0xff, 0x1, 0xff, 0xe0, 0x0,
    0x7f, 0xf8, 0x1f, 0xfc, 0x0, 0x3, 0xff, 0x83,
    0xff, 0x80, 0x0, 0x3f, 0xfc, 0x3f, 0xf8, 0x0,
    0x1, 0xff, 0xc3, 0xff, 0x80, 0x0, 0x1f, 0xfc,
    0x7f, 0xf0, 0x0, 0x0, 0xff, 0xe7, 0xff, 0x0,
    0x0, 0xf, 0xfe, 0x7f, 0xf0, 0x0, 0x0, 0xff,
    0xef, 0xfe, 0x0, 0x0, 0xf, 0xfe, 0xff, 0xe0,
    0x0, 0x0, 0x7f, 0xff, 0xfe, 0x0, 0x0, 0x7,
    0xff, 0xff, 0xe0, 0x0, 0x0, 0x7f, 0xff, 0xfe,
    0x0, 0x0, 0x7, 0xff, 0xff, 0xe0, 0x0, 0x0,
    0x7f, 0xff, 0xfe, 0x0, 0x0, 0x7, 0xff, 0xff,
    0xe0, 0x0, 0x0, 0x7f, 0xff, 0xfe, 0x0, 0x0,
    0x7, 0xff, 0xff, 0xe0, 0x0, 0x0, 0x7f, 0xff,
    0xfe, 0x0, 0x0, 0x7, 0xff, 0xff, 0xe0, 0x0,
    0x0, 0x7f, 0xff, 0xfe, 0x0, 0x0, 0x7, 0xff,
    0xff, 0xe0, 0x0, 0x0, 0x7f, 0xff, 0xfe, 0x0,
    0x0, 0x7, 0xff, 0xff, 0xe0, 0x0, 0x0, 0xff,
    0xe7, 0xff, 0x0, 0x0, 0xf, 0xfe, 0x7f, 0xf0,
    0x0, 0x0, 0xff, 0xe7, 0xff, 0x0, 0x0, 0xf,
    0xfe, 0x3f, 0xf8, 0x0, 0x1, 0xff, 0xc3, 0xff,
    0x80, 0x0, 0x1f, 0xfc, 0x3f, 0xfc, 0x0, 0x3,
    0xff, 0xc1, 0xff, 0xc0, 0x0, 0x3f, 0xf8, 0x1f,
    0xfe, 0x0, 0x7, 0xff, 0x80, 0xff, 0xf0, 0x0,
    0xff, 0xf0, 0xf, 0xff, 0xc0, 0x3f, 0xff, 0x0,
    0x7f, 0xff, 0xff, 0xff, 0xe0, 0x3, 0xff, 0xff,
    0xff, 0xfc, 0x0, 0x1f, 0xff, 0xff, 0xff, 0x80,
    0x0, 0xff, 0xff, 0xff, 0xf0, 0x0, 0x7, 0xff,
    0xff, 0xfe, 0x0, 0x0, 0x1f, 0xff, 0xff, 0x80,
    0x0, 0x0, 0x7f, 0xff, 0xf0, 0x0, 0x0, 0x1,
    0xff, 0xf8, 0x0, 0x0, 0x0, 0x0, 0x60, 0x0,
    0x0,

    /* U+0050 "P" */
    0xff, 0xff, 0xff, 0x80, 0x1, 0xff, 0xff, 0xff,
    0xe0, 0x3, 0xff, 0xff, 0xff, 0xf8, 0x7, 0xff,
    0xff, 0xff, 0xf8, 0xf, 0xff, 0xff, 0xff, 0xf8,
    0x1f, 0xff, 0xff, 0xff, 0xfc, 0x3f, 0xff, 0xff,
    0xff, 0xf8, 0x7f, 0xff, 0xff, 0xff, 0xf8, 0xff,
    0xe0, 0x1, 0xff, 0xf9, 0xff, 0xc0, 0x0, 0xff,
    0xf3, 0xff, 0x80, 0x0, 0xff, 0xf7, 0xff, 0x0,
    0x1, 0xff, 0xef, 0xfe, 0x0, 0x1, 0xff, 0xdf,
    0xfc, 0x0, 0x3, 0xff, 0xff, 0xf8, 0x0, 0x3,
    0xff, 0xff, 0xf0, 0x0, 0x7, 0xff, 0xff, 0xe0,
    0x0, 0xf, 0xff, 0xff, 0xc0, 0x0, 0x1f, 0xff,
    0xff, 0x80, 0x0, 0x3f, 0xff, 0xff, 0x0, 0x0,
    0x7f, 0xff, 0xfe, 0x0, 0x0, 0xff, 0xff, 0xfc,
    0x0, 0x3, 0xff, 0xff, 0xf8, 0x0, 0x7, 0xff,
    0x7f, 0xf0, 0x0, 0x1f, 0xfe, 0xff, 0xe0, 0x0,
    0x7f, 0xfd, 0xff, 0xc0, 0x3, 0xff, 0xf3, 0xff,
    0xff, 0xff, 0xff, 0xc7, 0xff, 0xff, 0xff, 0xff,
    0x8f, 0xff, 0xff, 0xff, 0xfe, 0x1f, 0xff, 0xff,
    0xff, 0xf8, 0x3f, 0xff, 0xff, 0xff, 0xe0, 0x7f,
    0xff, 0xff, 0xff, 0x0, 0xff, 0xff, 0xff, 0xf8,
    0x1, 0xff, 0xff, 0xff, 0x0, 0x3, 0xff, 0x80,
    0x0, 0x0, 0x7, 0xff, 0x0, 0x0, 0x0, 0xf,
    0xfe, 0x0, 0x0, 0x0, 0x1f, 0xfc, 0x0, 0x0,
    0x0, 0x3f, 0xf8, 0x0, 0x0, 0x0, 0x7f, 0xf0,
    0x0, 0x0, 0x0, 0xff, 0xe0, 0x0, 0x0, 0x1,
    0xff, 0xc0, 0x0, 0x0, 0x3, 0xff, 0x80, 0x0,
    0x0, 0x7, 0xff, 0x0, 0x0, 0x0, 0xf, 0xfe,
    0x0, 0x0, 0x0, 0x1f, 0xfc, 0x0, 0x0, 0x0,
    0x3f, 0xf8, 0x0, 0x0, 0x0, 0x7f, 0xf0, 0x0,
    0x0, 0x0, 0xff, 0xe0, 0x0, 0x0, 0x1, 0xff,
    0xc0, 0x0, 0x0, 0x3, 0xff, 0x80, 0x0, 0x0,
    0x7, 0xff, 0x0, 0x0, 0x0, 0x0,

    /* U+0051 "Q" */
    0x0, 0x0, 0x0, 0x0, 0x0, 0x0, 0x0, 0x1f,
    0xff, 0x80, 0x0, 0x0, 0x7, 0xff, 0xfe, 0x0,
    0x0, 0x1, 0xff, 0xff, 0xf8, 0x0, 0x0, 0x7f,
    0xff, 0xff, 0xe0, 0x0, 0xf, 0xff, 0xff, 0xff,
    0x0, 0x1, 0xff, 0xff, 0xff, 0xf8, 0x0, 0x3f,
    0xff, 0xff, 0xff, 0xc0, 0x7, 0xff, 0xff, 0xff,
    0xfe, 0x0, 0xff, 0xf8, 0x3, 0xff, 0xf0, 0xf,
    0xff, 0x0, 0xf, 0xff, 0x1, 0xff, 0xe0, 0x0,
    0x7f, 0xf8, 0x1f, 0xfc, 0x0, 0x3, 0xff, 0x83,
    0xff, 0x80, 0x0, 0x1f, 0xfc, 0x3f, 0xf8, 0x0,
    0x1, 0xff, 0xc3, 0xff, 0x80, 0x0, 0x1f, 0xfc,
    0x7f, 0xf0, 0x0, 0x0, 0xff, 0xe7, 0xff, 0x0,
    0x0, 0xf, 0xfe, 0x7f, 0xf0, 0x0, 0x0, 0xff,
    0xef, 0xfe, 0x0, 0x0, 0x7, 0xfe, 0xff, 0xe0,
    0x0, 0x0, 0x7f, 0xff, 0xfe, 0x0, 0x0, 0x7,
    0xff, 0xff, 0xe0, 0x0, 0x0, 0x7f, 0xff, 0xfe,
    0x0, 0x0, 0x7, 0xff, 0xff, 0xe0, 0x0, 0x0,
    0x7f, 0xff, 0xfe, 0x0, 0x0, 0x7, 0xff, 0xff,
    0xe0, 0x0, 0x0, 0x7f, 0xff, 0xfe, 0x0, 0x0,
    0x7, 0xff, 0xff, 0xe0, 0x0, 0x0, 0x7f, 0xff,
    0xfe, 0x0, 0x0, 0x7, 0xff, 0xff, 0xe0, 0x0,
    0x0, 0x7f, 0xff, 0xfe, 0x0, 0x0, 0x7, 0xff,
    0xff, 0xe0, 0x0, 0x0, 0x7f, 0xff, 0xfe, 0x0,
    0x0, 0x7, 0xff, 0xff, 0xe0, 0x0, 0x0, 0xff,
    0xe7, 0xff, 0x0, 0x0, 0xf, 0xfe, 0x7f, 0xf0,
    0x0, 0x0, 0xff, 0xe7, 0xff, 0x0, 0x0, 0xf,
    0xfe, 0x3f, 0xf8, 0x0, 0x1, 0xff, 0xc3, 0xff,
    0x80, 0x0, 0x1f, 0xfc, 0x3f, 0xfc, 0x0, 0x3,
    0xff, 0xc1, 0xff, 0xc0, 0x0, 0x3f, 0xf8, 0x1f,
    0xfe, 0x0, 0x7, 0xff, 0x80, 0xff, 0xf0, 0x0,
    0xff, 0xf0, 0xf, 0xff, 0xc0, 0x3f, 0xff, 0x0,
    0x7f, 0xff, 0xff, 0xff, 0xe0, 0x3, 0xff, 0xff,
    0xff, 0xfc, 0x0, 0x1f, 0xff, 0xff, 0xff, 0x80,
    0x0, 0xff, 0xff, 0xff, 0xf0, 0x0, 0x7, 0xff,
    0xff, 0xfe, 0x0, 0x0, 0x1f, 0xff, 0xff, 0xf8,
    0x0, 0x0, 0x7f, 0xff, 0xff, 0xc0, 0x0, 0x1,
    0xff, 0xff, 0xfe, 0x0, 0x0, 0x0, 0x63, 0xff,
    0xf0, 0x0, 0x0, 0x0, 0x1f, 0xff, 0xc0, 0x0,
    0x0, 0x0, 0xff, 0xfe, 0x0, 0x0, 0x0, 0x7,
    0xff, 0xe0, 0x0, 0x0, 0x0, 0x1f, 0xfc, 0x0,
    0x0, 0x0, 0x0, 0xff, 0x80, 0x0, 0x0, 0x0,
    0x7, 0xf0, 0x0, 0x0, 0x0, 0x0, 0x1e, 0x0,
    0x0, 0x0, 0x0, 0x0, 0x80,

    /* U+0052 "R" */
    0xff, 0xff, 0xff, 0xc0, 0x0, 0x7f, 0xff, 0xff,
    0xfc, 0x0, 0x3f, 0xff, 0xff, 0xff, 0xc0, 0x1f,
    0xff, 0xff, 0xff, 0xf0, 0xf, 0xff, 0xff, 0xff,
    0xfc, 0x7, 0xff, 0xff, 0xff, 0xff, 0x3, 0xff,
    0xff, 0xff, 0xff, 0xc1, 0xff, 0xff, 0xff, 0xff,
    0xf0, 0xff, 0xe0, 0x1, 0xff, 0xf8, 0x7f, 0xf0,
    0x0, 0x3f, 0xfe, 0x3f, 0xf8, 0x0, 0xf, 0xff,
    0x1f, 0xfc, 0x0, 0x3, 0xff, 0xcf, 0xfe, 0x0,
    0x1, 0xff, 0xe7, 0xff, 0x0, 0x0, 0x7f, 0xf3,
    0xff, 0x80, 0x0, 0x3f, 0xf9, 0xff, 0xc0, 0x0,
    0x1f, 0xfc, 0xff, 0xe0, 0x0, 0xf, 0xfe, 0x7f,
    0xf0, 0x0, 0x7, 0xff, 0x3f, 0xf8, 0x0, 0x3,
    0xff, 0x9f, 0xfc, 0x0, 0x1, 0xff, 0xcf, 0xfe,
    0x0, 0x1, 0xff, 0xc7, 0xff, 0x0, 0x0, 0xff,
    0xe3, 0xff, 0x80, 0x0, 0xff, 0xf1, 0xff, 0xc0,
    0x0, 0xff, 0xf0, 0xff, 0xe0, 0x1, 0xff, 0xf8,
    0x7f, 0xff, 0xff, 0xff, 0xf8, 0x3f, 0xff, 0xff,
    0xff, 0xf8, 0x1f, 0xff, 0xff, 0xff, 0xf8, 0xf,
    0xff, 0xff, 0xff, 0xf8, 0x7, 0xff, 0xff, 0xff,
    0xf0, 0x3, 0xff, 0xff, 0xff, 0xf0, 0x1, 0xff,
    0xff, 0xff, 0xfc, 0x0, 0xff, 0xff, 0xff, 0xfe,
    0x0, 0x7f, 0xf0, 0xf, 0xff, 0x80, 0x3f, 0xf8,
    0x3, 0xff, 0xc0, 0x1f, 0xfc, 0x1, 0xff, 0xf0,
    0xf, 0xfe, 0x0, 0x7f, 0xf8, 0x7, 0xff, 0x0,
    0x3f, 0xfe, 0x3, 0xff, 0x80, 0xf, 0xff, 0x1,
    0xff, 0xc0, 0x7, 0xff, 0xc0, 0xff, 0xe0, 0x1,
    0xff, 0xe0, 0x7f, 0xf0, 0x0, 0xff, 0xf8, 0x3f,
    0xf8, 0x0, 0x3f, 0xfc, 0x1f, 0xfc, 0x0, 0x1f,
    0xff, 0xf, 0xfe, 0x0, 0x7, 0xff, 0x87, 0xff,
    0x0, 0x3, 0xff, 0xe3, 0xff, 0x80, 0x0, 0xff,
    0xf1, 0xff, 0xc0, 0x0, 0x3f, 0xfc, 0xff, 0xe0,
    0x0, 0x1f, 0xfe, 0x7f, 0xf0, 0x0, 0x7, 0xff,
    0xbf, 0xf8, 0x0, 0x3, 0xff, 0xdf, 0xfc, 0x0,
    0x0, 0xff, 0xf0,

    /* U+0053 "S" */
    0x0, 0x0, 0x4, 0x0, 0x0, 0x0, 0x3, 0xff,
    0xf8, 0x0, 0x0, 0x1f, 0xff, 0xfe, 0x0, 0x0,
    0x7f, 0xff, 0xff, 0x80, 0x1, 0xff, 0xff, 0xff,
    0xc0, 0x3, 0xff, 0xff, 0xff, 0xf0, 0x7, 0xff,
    0xff, 0xff, 0xf8, 0xf, 0xff, 0xff, 0xff, 0xf8,
    0xf, 0xff, 0xff, 0xff, 0xfc, 0x1f, 0xff, 0x0,
    0x7f, 0xfe, 0x1f, 0xfe, 0x0, 0x1f, 0xfe, 0x3f,
    0xfc, 0x0, 0xf, 0xfe, 0x3f, 0xf8, 0x0, 0xf,
    0xff, 0x3f, 0xf8, 0x0, 0x7, 0xff, 0x3f, 0xf8,
    0x0, 0x7, 0xff, 0x3f, 0xf8, 0x0, 0x7, 0xff,
    0x3f, 0xfc, 0x0, 0x0, 0x0, 0x3f, 0xfc, 0x0,
    0x0, 0x0, 0x3f, 0xff, 0x0, 0x0, 0x0, 0x1f,
    0xff, 0x80, 0x0, 0x0, 0x1f, 0xff, 0xe0, 0x0,
    0x0, 0xf, 0xff, 0xfc, 0x0, 0x0, 0xf, 0xff,
    0xff, 0x80, 0x0, 0x7, 0xff, 0xff, 0xf0, 0x0,
    0x3, 0xff, 0xff, 0xfc, 0x0, 0x1, 0xff, 0xff,
    0xff, 0x0, 0x0, 0xff, 0xff, 0xff, 0x80, 0x0,
    0x3f, 0xff, 0xff, 0xe0, 0x0, 0x1f, 0xff, 0xff,
    0xf0, 0x0, 0x7, 0xff, 0xff, 0xf8, 0x0, 0x0,
    0xff, 0xff, 0xf8, 0x0, 0x0, 0x1f, 0xff, 0xfc,
    0x0, 0x0, 0x7, 0xff, 0xfe, 0x0, 0x0, 0x0,
    0xff, 0xfe, 0x0, 0x0, 0x0, 0x3f, 0xfe, 0x0,
    0x0, 0x0, 0x1f, 0xff, 0x0, 0x0, 0x0, 0xf,
    0xff, 0xff, 0xe0, 0x0, 0x7, 0xff, 0xff, 0xe0,
    0x0, 0x7, 0xff, 0xff, 0xe0, 0x0, 0x7, 0xff,
    0xff, 0xf0, 0x0, 0x7, 0xff, 0x7f, 0xf0, 0x0,
    0x7, 0xff, 0x7f, 0xf8, 0x0, 0xf, 0xff, 0x7f,
    0xfc, 0x0, 0xf, 0xfe, 0x3f, 0xfe, 0x0, 0x3f,
    0xfe, 0x1f, 0xff, 0xff, 0xff, 0xfc, 0x1f, 0xff,
    0xff, 0xff, 0xfc, 0xf, 0xff, 0xff, 0xff, 0xf8,
    0x7, 0xff, 0xff, 0xff, 0xf0, 0x1, 0xff, 0xff,
    0xff, 0xe0, 0x0, 0xff, 0xff, 0xff, 0xc0, 0x0,
    0x3f, 0xff, 0xff, 0x0, 0x0, 0x7, 0xff, 0xf8,
    0x0, 0x0, 0x0, 0xe, 0x0, 0x0,

    /* U+0054 "T" */
    0xff, 0xff, 0xff, 0xff, 0xff, 0xff, 0xff, 0xff,
    0xff, 0xff, 0xff, 0xff, 0xff, 0xff, 0xff, 0xff,
    0xff, 0xff, 0xff, 0xff, 0xff, 0xff, 0xff, 0xff,
    0xff, 0xff, 0xff, 0xff, 0xff, 0xff, 0xff, 0xff,
    0xff, 0xff, 0xff, 0xff, 0xff, 0xff, 0xff, 0xff,
    0xff, 0xff, 0x0, 0x1, 0xff, 0xc0, 0x0, 0x0,
    0x0, 0x7f, 0xf0, 0x0, 0x0, 0x0, 0x1f, 0xfc,
    0x0, 0x0, 0x0, 0x7, 0xff, 0x0, 0x0, 0x0,
    0x1, 0xff, 0xc0, 0x0, 0x0, 0x0, 0x7f, 0xf0,
    0x0, 0x0, 0x0, 0x1f, 0xfc, 0x0, 0x0, 0x0,
    0x7, 0xff, 0x0, 0x0, 0x0, 0x1, 0xff, 0xc0,
    0x0, 0x0, 0x0, 0x7f, 0xf0, 0x0, 0x0, 0x0,
    0x1f, 0xfc, 0x0, 0x0, 0x0, 0x7, 0xff, 0x0,
    0x0, 0x0, 0x1, 0xff, 0xc0, 0x0, 0x0, 0x0,
    0x7f, 0xf0, 0x0, 0x0, 0x0, 0x1f, 0xfc, 0x0,
    0x0, 0x0, 0x7, 0xff, 0x0, 0x0, 0x0, 0x1,
    0xff, 0xc0, 0x0, 0x0, 0x0, 0x7f, 0xf0, 0x0,
    0x0, 0x0, 0x1f, 0xfc, 0x0, 0x0, 0x0, 0x7,
    0xff, 0x0, 0x0, 0x0, 0x1, 0xff, 0xc0, 0x0,
    0x0, 0x0, 0x7f, 0xf0, 0x0, 0x0, 0x0, 0x1f,
    0xfc, 0x0, 0x0, 0x0, 0x7, 0xff, 0x0, 0x0,
    0x0, 0x1, 0xff, 0xc0, 0x0, 0x0, 0x0, 0x7f,
    0xf0, 0x0, 0x0, 0x0, 0x1f, 0xfc, 0x0, 0x0,
    0x0, 0x7, 0xff, 0x0, 0x0, 0x0, 0x1, 0xff,
    0xc0, 0x0, 0x0, 0x0, 0x7f, 0xf0, 0x0, 0x0,
    0x0, 0x1f, 0xfc, 0x0, 0x0, 0x0, 0x7, 0xff,
    0x0, 0x0, 0x0, 0x1, 0xff, 0xc0, 0x0, 0x0,
    0x0, 0x7f, 0xf0, 0x0, 0x0, 0x0, 0x1f, 0xfc,
    0x0, 0x0, 0x0, 0x7, 0xff, 0x0, 0x0, 0x0,
    0x1, 0xff, 0xc0, 0x0, 0x0, 0x0, 0x7f, 0xf0,
    0x0, 0x0, 0x0, 0x1f, 0xfc, 0x0, 0x0, 0x0,
    0x7, 0xff, 0x0, 0x0, 0x0, 0x1, 0xff, 0xc0,
    0x0, 0x0, 0x0, 0x7f, 0xf0, 0x0, 0x0, 0x0,
    0x1f, 0xfc, 0x0, 0x0, 0x0, 0x7, 0xff, 0x0,
    0x0,

    /* U+0055 "U" */
    0xff, 0xe0, 0x0, 0x7, 0xff, 0xff, 0xe0, 0x0,
    0x7, 0xff, 0xff, 0xe0, 0x0, 0x7, 0xff, 0xff,
    0xe0, 0x0, 0x7, 0xff, 0xff, 0xe0, 0x0, 0x7,
    0xff, 0xff, 0xe0, 0x0, 0x7, 0xff, 0xff, 0xe0,
    0x0, 0x7, 0xff, 0xff, 0xe0, 0x0, 0x7, 0xff,
    0xff, 0xe0, 0x0, 0x7, 0xff, 0xff, 0xe0, 0x0,
    0x7, 0xff, 0xff, 0xe0, 0x0, 0x7, 0xff, 0xff,
    0xe0, 0x0, 0x7, 0xff, 0xff, 0xe0, 0x0, 0x7,
    0xff, 0xff, 0xe0, 0x0, 0x7, 0xff, 0xff, 0xe0,
    0x0, 0x7, 0xff, 0xff, 0xe0, 0x0, 0x7, 0xff,
    0xff, 0xe0, 0x0, 0x7, 0xff, 0xff, 0xe0, 0x0,
    0x7, 0xff, 0xff, 0xe0, 0x0, 0x7, 0xff, 0xff,
    0xe0, 0x0, 0x7, 0xff, 0xff, 0xe0, 0x0, 0x7,
    0xff, 0xff, 0xe0, 0x0, 0x7, 0xff, 0xff, 0xe0,
    0x0, 0x7, 0xff, 0xff, 0xe0, 0x0, 0x7, 0xff,
    0xff, 0xe0, 0x0, 0x7, 0xff, 0xff, 0xe0, 0x0,
    0x7, 0xff, 0xff, 0xe0, 0x0, 0x7, 0xff, 0xff,
    0xe0, 0x0, 0x7, 0xff, 0xff, 0xe0, 0x0, 0x7,
    0xff, 0xff, 0xe0, 0x0, 0x7, 0xff, 0xff, 0xe0,
    0x0, 0x7, 0xff, 0xff, 0xe0, 0x0, 0x7, 0xff,
    0xff, 0xe0, 0x0, 0x7, 0xff, 0xff, 0xe0, 0x0,
    0x7, 0xff, 0xff, 0xe0, 0x0, 0x7, 0xff, 0xff,
    0xe0, 0x0, 0x7, 0xff, 0xff, 0xe0, 0x0, 0x7,
    0xff, 0xff, 0xe0, 0x0, 0x7, 0xff, 0xff, 0xe0,
    0x0, 0x7, 0xff, 0x7f, 0xf0, 0x0, 0xf, 0xfe,
    0x7f, 0xf0, 0x0, 0xf, 0xfe, 0x7f, 0xf8, 0x0,
    0x1f, 0xfe, 0x3f, 0xfc, 0x0, 0x3f, 0xfc, 0x3f,
    0xfe, 0x0, 0x7f, 0xfc, 0x1f, 0xff, 0xff, 0xff,
    0xf8, 0x1f, 0xff, 0xff, 0xff, 0xf8, 0xf, 0xff,
    0xff, 0xff, 0xf0, 0x7, 0xff, 0xff, 0xff, 0xe0,
    0x3, 0xff, 0xff, 0xff, 0xc0, 0x0, 0xff, 0xff,
    0xff, 0x0, 0x0, 0x3f, 0xff, 0xfc, 0x0, 0x0,
    0xf, 0xff, 0xe0, 0x0, 0x0, 0x0, 0x18, 0x0,
    0x0,

    /* U+0056 "V" */
    0xff, 0xf8, 0x0, 0x0, 0x3f, 0xfe, 0xff, 0xf0,
    0x0, 0x0, 0x7f, 0xfd, 0xff, 0xe0, 0x0, 0x0,
    0xff, 0xf3, 0xff, 0xe0, 0x0, 0x1, 0xff, 0xe3,
    0xff, 0xc0, 0x0, 0x7, 0xff, 0xc7, 0xff, 0x80,
    0x0, 0xf, 0xff, 0xf, 0xff, 0x80, 0x0, 0x1f,
    0xfe, 0xf, 0xff, 0x0, 0x0, 0x7f, 0xfc, 0x1f,
    0xfe, 0x0, 0x0, 0xff, 0xf0, 0x3f, 0xfc, 0x0,
    0x1, 0xff, 0xe0, 0x3f, 0xfc, 0x0, 0x3, 0xff,
    0xc0, 0x7f, 0xf8, 0x0, 0xf, 0xff, 0x0, 0xff,
    0xf0, 0x0, 0x1f, 0xfe, 0x0, 0xff, 0xf0, 0x0,
    0x3f, 0xfc, 0x1, 0xff, 0xe0, 0x0, 0xff, 0xf0,
    0x3, 0xff, 0xc0, 0x1, 0xff, 0xe0, 0x3, 0xff,
    0x80, 0x3, 0xff, 0xc0, 0x7, 0xff, 0x80, 0x7,
    0xff, 0x0, 0xf, 0xff, 0x0, 0x1f, 0xfe, 0x0,
    0xf, 0xfe, 0x0, 0x3f, 0xfc, 0x0, 0x1f, 0xfe,
    0x0, 0x7f, 0xf0, 0x0, 0x3f, 0xfc, 0x1, 0xff,
    0xe0, 0x0, 0x3f, 0xf8, 0x3, 0xff, 0xc0, 0x0,
    0x7f, 0xf0, 0x7, 0xff, 0x0, 0x0, 0xff, 0xf0,
    0xf, 0xfe, 0x0, 0x0, 0xff, 0xe0, 0x3f, 0xfc,
    0x0, 0x1, 0xff, 0xc0, 0x7f, 0xf0, 0x0, 0x3,
    0xff, 0x80, 0xff, 0xe0, 0x0, 0x3, 0xff, 0x83,
    0xff, 0xc0, 0x0, 0x7, 0xff, 0x7, 0xff, 0x0,
    0x0, 0xf, 0xfe, 0xf, 0xfe, 0x0, 0x0, 0xf,
    0xfe, 0x1f, 0xfc, 0x0, 0x0, 0x1f, 0xfc, 0x7f,
    0xf0, 0x0, 0x0, 0x3f, 0xf8, 0xff, 0xe0, 0x0,
    0x0, 0x3f, 0xf1, 0xff, 0xc0, 0x0, 0x0, 0x7f,
    0xf3, 0xff, 0x0, 0x0, 0x0, 0xff, 0xef, 0xfe,
    0x0, 0x0, 0x0, 0xff, 0xdf, 0xfc, 0x0, 0x0,
    0x1, 0xff, 0xff, 0xf0, 0x0, 0x0, 0x3, 0xff,
    0xff, 0xe0, 0x0, 0x0, 0x3, 0xff, 0xff, 0xc0,
    0x0, 0x0, 0x7, 0xff, 0xff, 0x0, 0x0, 0x0,
    0xf, 0xff, 0xfe, 0x0, 0x0, 0x0, 0xf, 0xff,
    0xfc, 0x0, 0x0, 0x0, 0x1f, 0xff, 0xf0, 0x0,
    0x0, 0x0, 0x3f, 0xff, 0xe0, 0x0, 0x0, 0x0,
    0x3f, 0xff, 0xc0, 0x0, 0x0, 0x0, 0x7f, 0xff,
    0x0, 0x0, 0x0, 0x0, 0xff, 0xfe, 0x0, 0x0,
    0x0, 0x0, 0xff, 0xfc, 0x0, 0x0, 0x0, 0x1,
    0xff, 0xf0, 0x0, 0x0, 0x0, 0x3, 0xff, 0xe0,
    0x0, 0x0,

    /* U+0057 "W" */
    0xff, 0xe0, 0x0, 0x7f, 0xe0, 0x0, 0x7f, 0xff,
    0xff, 0x80, 0x3, 0xff, 0x80, 0x3, 0xff, 0x9f,
    0xfc, 0x0, 0x1f, 0xfc, 0x0, 0x1f, 0xfc, 0xff,
    0xe0, 0x0, 0xff, 0xe0, 0x0, 0xff, 0xe7, 0xff,
    0x0, 0xf, 0xff, 0x0, 0x7, 0xff, 0x3f, 0xf8,
    0x0, 0x7f, 0xf8, 0x0, 0x7f, 0xf9, 0xff, 0xe0,
    0x3, 0xff, 0xe0, 0x3, 0xff, 0x87, 0xff, 0x0,
    0x1f, 0xff, 0x0, 0x1f, 0xfc, 0x3f, 0xf8, 0x0,
    0xff, 0xf8, 0x0, 0xff, 0xe1, 0xff, 0xc0, 0xf,
    0xff, 0xc0, 0x7, 0xff, 0xf, 0xfe, 0x0, 0x7f,
    0xff, 0x0, 0x7f, 0xf8, 0x7f, 0xf8, 0x3, 0xff,
    0xf8, 0x3, 0xff, 0x81, 0xff, 0xc0, 0x1f, 0xff,
    0xc0, 0x1f, 0xfc, 0xf, 0xfe, 0x1, 0xff, 0xfe,
    0x0, 0xff, 0xe0, 0x7f, 0xf0, 0xf, 0xff, 0xf0,
    0x7, 0xff, 0x3, 0xff, 0x80, 0x7f, 0xff, 0xc0,
    0x3f, 0xf0, 0xf, 0xfc, 0x3, 0xff, 0xfe, 0x3,
    0xff, 0x80, 0x7f, 0xf0, 0x1f, 0xff, 0xf0, 0x1f,
    0xfc, 0x3, 0xff, 0x81, 0xff, 0xff, 0x80, 0xff,
    0xe0, 0x1f, 0xfc, 0xf, 0xff, 0xfe, 0x7, 0xff,
    0x0, 0xff, 0xe0, 0x7f, 0xff, 0xf0, 0x3f, 0xf0,
    0x3, 0xff, 0x3, 0xfe, 0xff, 0x83, 0xff, 0x80,
    0x1f, 0xfc, 0x3f, 0xf7, 0xfc, 0x1f, 0xfc, 0x0,
    0xff, 0xe1, 0xff, 0xbf, 0xf0, 0xff, 0xe0, 0x7,
    0xff, 0xf, 0xf9, 0xff, 0x87, 0xff, 0x0, 0x3f,
    0xf8, 0x7f, 0xc7, 0xfc, 0x3f, 0xf0, 0x0, 0xff,
    0xc3, 0xfe, 0x3f, 0xe3, 0xff, 0x80, 0x7, 0xfe,
    0x3f, 0xf1, 0xff, 0x1f, 0xfc, 0x0, 0x3f, 0xf9,
    0xff, 0xf, 0xfc, 0xff, 0xe0, 0x1, 0xff, 0xcf,
    0xf8, 0x3f, 0xe7, 0xfe, 0x0, 0xf, 0xfe, 0x7f,
    0xc1, 0xff, 0x3f, 0xf0, 0x0, 0x3f, 0xf7, 0xfe,
    0xf, 0xf9, 0xff, 0x80, 0x1, 0xff, 0xbf, 0xe0,
    0x7f, 0xff, 0xfc, 0x0, 0xf, 0xff, 0xff, 0x1,
    0xff, 0xff, 0xe0, 0x0, 0x7f, 0xff, 0xf8, 0xf,
    0xff, 0xfe, 0x0, 0x1, 0xff, 0xff, 0xc0, 0x7f,
    0xff, 0xf0, 0x0, 0xf, 0xff, 0xfc, 0x3, 0xff,
    0xff, 0x80, 0x0, 0x7f, 0xff, 0xe0, 0xf, 0xff,
    0xfc, 0x0, 0x3, 0xff, 0xff, 0x0, 0x7f, 0xff,
    0xe0, 0x0, 0x1f, 0xff, 0xf8, 0x3, 0xff, 0xfe,
    0x0, 0x0, 0x7f, 0xff, 0xc0, 0x1f, 0xff, 0xf0,
    0x0, 0x3, 0xff, 0xfc, 0x0, 0xff, 0xff, 0x80,
    0x0, 0x1f, 0xff, 0xe0, 0x3, 0xff, 0xfc, 0x0,
    0x0, 0xff, 0xff, 0x0, 0x1f, 0xff, 0xc0, 0x0,
    0x7, 0xff, 0xf8, 0x0, 0xff, 0xfe, 0x0, 0x0,
    0x1f, 0xff, 0x80, 0x7, 0xff, 0xf0, 0x0, 0x0,
    0xff, 0xfc, 0x0, 0x1f, 0xff, 0x80, 0x0, 0x7,
    0xff, 0xe0, 0x0, 0xff, 0xfc, 0x0, 0x0, 0x3f,
    0xff, 0x0, 0x7, 0xff, 0xc0, 0x0, 0x0, 0xff,
    0xf0, 0x0, 0x3f, 0xfe, 0x0, 0x0, 0x7, 0xff,
    0x80, 0x0, 0xff, 0xf0, 0x0, 0x0, 0x3f, 0xfc,
    0x0, 0x7, 0xff, 0x80, 0x0,

    /* U+0058 "X" */
    0x7f, 0xfc, 0x0, 0x0, 0xff, 0xf9, 0xff, 0xf0,
    0x0, 0xf, 0xff, 0x8f, 0xff, 0x80, 0x0, 0x7f,
    0xfc, 0x3f, 0xfe, 0x0, 0x7, 0xff, 0xc1, 0xff,
    0xf0, 0x0, 0x3f, 0xfc, 0x7, 0xff, 0xc0, 0x3,
    0xff, 0xe0, 0x1f, 0xfe, 0x0, 0x1f, 0xfe, 0x0,
    0xff, 0xf8, 0x1, 0xff, 0xf0, 0x3, 0xff, 0xc0,
    0xf, 0xff, 0x0, 0x1f, 0xff, 0x0, 0xff, 0xf8,
    0x0, 0x7f, 0xf8, 0x7, 0xff, 0x80, 0x3, 0xff,
    0xe0, 0x7f, 0xfc, 0x0, 0xf, 0xff, 0x3, 0xff,
    0xc0, 0x0, 0x7f, 0xfc, 0x3f, 0xfc, 0x0, 0x1,
    0xff, 0xe1, 0xff, 0xe0, 0x0, 0x7, 0xff, 0x9f,
    0xfe, 0x0, 0x0, 0x3f, 0xfc, 0xff, 0xf0, 0x0,
    0x0, 0xff, 0xff, 0xff, 0x0, 0x0, 0x7, 0xff,
    0xff, 0xf8, 0x0, 0x0, 0x1f, 0xff, 0xff, 0x80,
    0x0, 0x0, 0xff, 0xff, 0xf8, 0x0, 0x0, 0x3,
    0xff, 0xff, 0xc0, 0x0, 0x0, 0xf, 0xff, 0xfc,
    0x0, 0x0, 0x0, 0x7f, 0xff, 0xe0, 0x0, 0x0,
    0x1, 0xff, 0xfe, 0x0, 0x0, 0x0, 0xf, 0xff,
    0xf0, 0x0, 0x0, 0x0, 0x7f, 0xff, 0x80, 0x0,
    0x0, 0x7, 0xff, 0xfc, 0x0, 0x0, 0x0, 0x3f,
    0xff, 0xf0, 0x0, 0x0, 0x3, 0xff, 0xff, 0xc0,
    0x0, 0x0, 0x1f, 0xff, 0xfe, 0x0, 0x0, 0x1,
    0xff, 0xff, 0xf8, 0x0, 0x0, 0xf, 0xff, 0xff,
    0xc0, 0x0, 0x0, 0xff, 0xff, 0xff, 0x0, 0x0,
    0xf, 0xff, 0xff, 0xf8, 0x0, 0x0, 0x7f, 0xf9,
    0xff, 0xe0, 0x0, 0x7, 0xff, 0xcf, 0xff, 0x80,
    0x0, 0x3f, 0xfc, 0x3f, 0xfc, 0x0, 0x3, 0xff,
    0xe1, 0xff, 0xf0, 0x0, 0x1f, 0xfe, 0x7, 0xff,
    0x80, 0x1, 0xff, 0xf0, 0x3f, 0xfe, 0x0, 0x1f,
    0xff, 0x0, 0xff, 0xf0, 0x0, 0xff, 0xf8, 0x7,
    0xff, 0xc0, 0xf, 0xff, 0x80, 0x1f, 0xff, 0x0,
    0x7f, 0xfc, 0x0, 0xff, 0xf8, 0x7, 0xff, 0xc0,
    0x3, 0xff, 0xe0, 0x3f, 0xfe, 0x0, 0x1f, 0xff,
    0x3, 0xff, 0xe0, 0x0, 0x7f, 0xfc, 0x3f, 0xfe,
    0x0, 0x3, 0xff, 0xe1, 0xff, 0xf0, 0x0, 0xf,
    0xff, 0x9f, 0xff, 0x0, 0x0, 0x7f, 0xfe, 0xff,
    0xf8, 0x0, 0x1, 0xff, 0xf0,

    /* U+0059 "Y" */
    0x7f, 0xf8, 0x0, 0x0, 0xff, 0xf3, 0xff, 0xc0,
    0x0, 0x7, 0xff, 0x8f, 0xff, 0x0, 0x0, 0x7f,
    0xf8, 0x7f, 0xf8, 0x0, 0x3, 0xff, 0xc1, 0xff,
    0xe0, 0x0, 0x3f, 0xfc, 0xf, 0xff, 0x0, 0x1,
    0xff, 0xe0, 0x3f, 0xfc, 0x0, 0x1f, 0xfe, 0x1,
    0xff, 0xe0, 0x0, 0xff, 0xf0, 0x7, 0xff, 0x0,
    0x7, 0xff, 0x0, 0x3f, 0xfc, 0x0, 0x7f, 0xf8,
    0x0, 0xff, 0xe0, 0x3, 0xff, 0x80, 0x7, 0xff,
    0x80, 0x3f, 0xfc, 0x0, 0x1f, 0xfc, 0x1, 0xff,
    0xc0, 0x0, 0xff, 0xe0, 0xf, 0xfe, 0x0, 0x3,
    0xff, 0x80, 0xff, 0xe0, 0x0, 0x1f, 0xfc, 0x7,
    0xff, 0x0, 0x0, 0x7f, 0xf0, 0x7f, 0xf0, 0x0,
    0x3, 0xff, 0x83, 0xff, 0x80, 0x0, 0xf, 0xfe,
    0x3f, 0xf8, 0x0, 0x0, 0x7f, 0xf1, 0xff, 0xc0,
    0x0, 0x1, 0xff, 0x8f, 0xfc, 0x0, 0x0, 0xf,
    0xfe, 0xff, 0xe0, 0x0, 0x0, 0x3f, 0xf7, 0xfe,
    0x0, 0x0, 0x1, 0xff, 0xff, 0xf0, 0x0, 0x0,
    0x7, 0xff, 0xff, 0x0, 0x0, 0x0, 0x3f, 0xff,
    0xf8, 0x0, 0x0, 0x0, 0xff, 0xff, 0x80, 0x0,
    0x0, 0x7, 0xff, 0xfc, 0x0, 0x0, 0x0, 0x1f,
    0xff, 0xc0, 0x0, 0x0, 0x0, 0xff, 0xfe, 0x0,
    0x0, 0x0, 0x3, 0xff, 0xe0, 0x0, 0x0, 0x0,
    0x1f, 0xff, 0x0, 0x0, 0x0, 0x0, 0x7f, 0xf0,
    0x0, 0x0, 0x0, 0x3, 0xff, 0x80, 0x0, 0x0,
    0x0, 0x1f, 0xfc, 0x0, 0x0, 0x0, 0x0, 0xff,
    0xe0, 0x0, 0x0, 0x0, 0x7, 0xff, 0x0, 0x0,
    0x0, 0x0, 0x3f, 0xf8, 0x0, 0x0, 0x0, 0x1,
    0xff, 0xc0, 0x0, 0x0, 0x0, 0xf, 0xfe, 0x0,
    0x0, 0x0, 0x0, 0x7f, 0xf0, 0x0, 0x0, 0x0,
    0x3, 0xff, 0x80, 0x0, 0x0, 0x0, 0x1f, 0xfc,
    0x0, 0x0, 0x0, 0x0, 0xff, 0xe0, 0x0, 0x0,
    0x0, 0x7, 0xff, 0x0, 0x0, 0x0, 0x0, 0x3f,
    0xf8, 0x0, 0x0, 0x0, 0x1, 0xff, 0xc0, 0x0,
    0x0, 0x0, 0xf, 0xfe, 0x0, 0x0, 0x0, 0x0,
    0x7f, 0xf0, 0x0, 0x0, 0x0, 0x3, 0xff, 0x80,
    0x0, 0x0, 0x0, 0x1f, 0xfc, 0x0, 0x0, 0x0,
    0x0, 0xff, 0xe0, 0x0, 0x0,

    /* U+005A "Z" */
    0xff, 0xff, 0xff, 0xff, 0xff, 0xff, 0xff, 0xff,
    0xff, 0xff, 0xff, 0xff, 0xff, 0xff, 0xff, 0xff,
    0xff, 0xff, 0xff, 0xff, 0xff, 0xff, 0xff, 0xff,
    0xff, 0xff, 0xff, 0xff, 0xff, 0xff, 0xff, 0xff,
    0xff, 0xff, 0xfe, 0xff, 0xff, 0xff, 0xff, 0xfc,
    0x0, 0x0, 0x0, 0x7f, 0xfc, 0x0, 0x0, 0x0,
    0x7f, 0xf8, 0x0, 0x0, 0x0, 0xff, 0xf0, 0x0,
    0x0, 0x1, 0xff, 0xf0, 0x0, 0x0, 0x1, 0xff,
    0xe0, 0x0, 0x0, 0x3, 0xff, 0xc0, 0x0, 0x0,
    0x7, 0xff, 0xc0, 0x0, 0x0, 0x7, 0xff, 0x80,
    0x0, 0x0, 0xf, 0xff, 0x0, 0x0, 0x0, 0x1f,
    0xfe, 0x0, 0x0, 0x0, 0x1f, 0xfe, 0x0, 0x0,
    0x0, 0x3f, 0xfc, 0x0, 0x0, 0x0, 0x7f, 0xf8,
    0x0, 0x0, 0x0, 0x7f, 0xf8, 0x0, 0x0, 0x0,
    0xff, 0xf0, 0x0, 0x0, 0x1, 0xff, 0xe0, 0x0,
    0x0, 0x1, 0xff, 0xe0, 0x0, 0x0, 0x3, 0xff,
    0xc0, 0x0, 0x0, 0x7, 0xff, 0x80, 0x0, 0x0,
    0x7, 0xff, 0x80, 0x0, 0x0, 0xf, 0xff, 0x0,
    0x0, 0x0, 0x1f, 0xfe, 0x0, 0x0, 0x0, 0x1f,
    0xfe, 0x0, 0x0, 0x0, 0x3f, 0xfc, 0x0, 0x0,
    0x0, 0x7f, 0xf8, 0x0, 0x0, 0x0, 0x7f, 0xf8,
    0x0, 0x0, 0x0, 0xff, 0xf0, 0x0, 0x0, 0x1,
    0xff, 0xe0, 0x0, 0x0, 0x1, 0xff, 0xe0, 0x0,
    0x0, 0x3, 0xff, 0xc0, 0x0, 0x0, 0x7, 0xff,
    0x80, 0x0, 0x0, 0x7, 0xff, 0x80, 0x0, 0x0,
    0xf, 0xff, 0x0, 0x0, 0x0, 0x1f, 0xfe, 0x0,
    0x0, 0x0, 0x1f, 0xfe, 0x0, 0x0, 0x0, 0x3f,
    0xfc, 0x0, 0x0, 0x0, 0x7f, 0xff, 0xff, 0xff,
    0xff, 0x7f, 0xff, 0xff, 0xff, 0xff, 0xff, 0xff,
    0xff, 0xff, 0xff, 0xff, 0xff, 0xff, 0xff, 0xff,
    0xff, 0xff, 0xff, 0xff, 0xff, 0xff, 0xff, 0xff,
    0xff, 0xff, 0xff, 0xff, 0xff, 0xff, 0xff, 0xff,
    0xff, 0xff, 0xff, 0xff,

    /* U+005B "[" */
    0xff, 0xff, 0xff, 0xff, 0xff, 0xff, 0xff, 0xff,
    0xff, 0xff, 0xff, 0xff, 0xff, 0xff, 0xff, 0xff,
    0xff, 0xe0, 0xff, 0xe0, 0xff, 0xe0, 0xff, 0xe0,
    0xff, 0xe0, 0xff, 0xe0, 0xff, 0xe0, 0xff, 0xe0,
    0xff, 0xe0, 0xff, 0xe0, 0xff, 0xe0, 0xff, 0xe0,
    0xff, 0xe0, 0xff, 0xe0, 0xff, 0xe0, 0xff, 0xe0,
    0xff, 0xe0, 0xff, 0xe0, 0xff, 0xe0, 0xff, 0xe0,
    0xff, 0xe0, 0xff, 0xe0, 0xff, 0xe0, 0xff, 0xe0,
    0xff, 0xe0, 0xff, 0xe0, 0xff, 0xe0, 0xff, 0xe0,
    0xff, 0xe0, 0xff, 0xe0, 0xff, 0xe0, 0xff, 0xe0,
    0xff, 0xe0, 0xff, 0xe0, 0xff, 0xe0, 0xff, 0xe0,
    0xff, 0xe0, 0xff, 0xe0, 0xff, 0xe0, 0xff, 0xe0,
    0xff, 0xe0, 0xff, 0xe0, 0xff, 0xe0, 0xff, 0xe0,
    0xff, 0xe0, 0xff, 0xe0, 0xff, 0xe0, 0xff, 0xe0,
    0xff, 0xe0, 0xff, 0xe0, 0xff, 0xe0, 0xff, 0xe0,
    0xff, 0xe0, 0xff, 0xe0, 0xff, 0xe0, 0xff, 0xe0,
    0xff, 0xff, 0xff, 0xff, 0xff, 0xff, 0xff, 0xff,
    0xff, 0xff, 0xff, 0xff, 0xff, 0xff, 0xff, 0xff,

    /* U+005C "\\" */
    0xff, 0xe0, 0x0, 0x0, 0xff, 0xf0, 0x0, 0x0,
    0x7f, 0xf0, 0x0, 0x0, 0x7f, 0xf0, 0x0, 0x0,
    0x7f, 0xf8, 0x0, 0x0, 0x3f, 0xf8, 0x0, 0x0,
    0x3f, 0xf8, 0x0, 0x0, 0x3f, 0xfc, 0x0, 0x0,
    0x1f, 0xfc, 0x0, 0x0, 0x1f, 0xfe, 0x0, 0x0,
    0xf, 0xfe, 0x0, 0x0, 0xf, 0xfe, 0x0, 0x0,
    0xf, 0xff, 0x0, 0x0, 0x7, 0xff, 0x0, 0x0,
    0x7, 0xff, 0x80, 0x0, 0x3, 0xff, 0x80, 0x0,
    0x3, 0xff, 0x80, 0x0, 0x3, 0xff, 0xc0, 0x0,
    0x1, 0xff, 0xc0, 0x0, 0x1, 0xff, 0xc0, 0x0,
    0x1, 0xff, 0xe0, 0x0, 0x0, 0xff, 0xe0, 0x0,
    0x0, 0xff, 0xf0, 0x0, 0x0, 0x7f, 0xf0, 0x0,
    0x0, 0x7f, 0xf0, 0x0, 0x0, 0x7f, 0xf8, 0x0,
    0x0, 0x3f, 0xf8, 0x0, 0x0, 0x3f, 0xfc, 0x0,
    0x0, 0x3f, 0xfc, 0x0, 0x0, 0x1f, 0xfc, 0x0,
    0x0, 0x1f, 0xfe, 0x0, 0x0, 0xf, 0xfe, 0x0,
    0x0, 0xf, 0xfe, 0x0, 0x0, 0xf, 0xff, 0x0,
    0x0, 0x7, 0xff, 0x0, 0x0, 0x7, 0xff, 0x80,
    0x0, 0x3, 0xff, 0x80, 0x0, 0x3, 0xff, 0x80,
    0x0, 0x3, 0xff, 0xc0, 0x0, 0x1, 0xff, 0xc0,
    0x0, 0x1, 0xff, 0xc0, 0x0, 0x1, 0xff, 0xe0,
    0x0, 0x0, 0xff, 0xe0, 0x0, 0x0, 0xff, 0xf0,
    0x0, 0x0, 0x7f, 0xf0, 0x0, 0x0, 0x7f, 0xf0,
    0x0, 0x0, 0x7f, 0xf8, 0x0, 0x0, 0x3f, 0xf8,
    0x0, 0x0, 0x3f, 0xfc, 0x0, 0x0, 0x3f, 0xfc,
    0x0, 0x0, 0x1f, 0xfc, 0x0, 0x0, 0x1f, 0xfe,
    0x0, 0x0, 0xf, 0xfe, 0x0, 0x0, 0xf, 0xfe,
    0x0, 0x0, 0xf, 0xff, 0x0, 0x0, 0x7, 0xff,

    /* U+005D "]" */
    0xff, 0xff, 0xff, 0xff, 0xff, 0xff, 0xff, 0xff,
    0xff, 0xff, 0xff, 0xff, 0xff, 0xff, 0xff, 0xff,
    0x7, 0xff, 0x7, 0xff, 0x7, 0xff, 0x7, 0xff,
    0x7, 0xff, 0x7, 0xff, 0x7, 0xff, 0x7, 0xff,
    0x7, 0xff, 0x7, 0xff, 0x7, 0xff, 0x7, 0xff,
    0x7, 0xff, 0x7, 0xff, 0x7, 0xff, 0x7, 0xff,
    0x7, 0xff, 0x7, 0xff, 0x7, 0xff, 0x7, 0xff,
    0x7, 0xff, 0x7, 0xff, 0x7, 0xff, 0x7, 0xff,
    0x7, 0xff, 0x7, 0xff, 0x7, 0xff, 0x7, 0xff,
    0x7, 0xff, 0x7, 0xff, 0x7, 0xff, 0x7, 0xff,
    0x7, 0xff, 0x7, 0xff, 0x7, 0xff, 0x7, 0xff,
    0x7, 0xff, 0x7, 0xff, 0x7, 0xff, 0x7, 0xff,
    0x7, 0xff, 0x7, 0xff, 0x7, 0xff, 0x7, 0xff,
    0x7, 0xff, 0x7, 0xff, 0x7, 0xff, 0x7, 0xff,
    0x7, 0xff, 0x7, 0xff, 0x7, 0xff, 0x7, 0xff,
    0x7, 0xff, 0x7, 0xff, 0x7, 0xff, 0x7, 0xff,
    0xff, 0xff, 0xff, 0xff, 0xff, 0xff, 0xff, 0xff,
    0xff, 0xff, 0xff, 0xff, 0xff, 0xff, 0xff, 0xff,

    /* U+005E "^" */
    0x0, 0x1f, 0xe0, 0x0, 0x0, 0x7f, 0x80, 0x0,
    0x3, 0xff, 0x0, 0x0, 0xf, 0xfc, 0x0, 0x0,
    0x7f, 0xf8, 0x0, 0x1, 0xff, 0xe0, 0x0, 0xf,
    0xff, 0xc0, 0x0, 0x3f, 0xff, 0x0, 0x0, 0xff,
    0xfc, 0x0, 0x7, 0xff, 0xf8, 0x0, 0x1f, 0xff,
    0xe0, 0x0, 0xff, 0x3f, 0xc0, 0x3, 0xfc, 0xff,
    0x0, 0xf, 0xf3, 0xfc, 0x0, 0x7f, 0x87, 0xf8,
    0x1, 0xfe, 0x1f, 0xe0, 0xf, 0xf0, 0x7f, 0xc0,
    0x3f, 0xc0, 0xff, 0x0, 0xff, 0x3, 0xfc, 0x7,
    0xf8, 0x7, 0xf8, 0x1f, 0xe0, 0x1f, 0xe0, 0xff,
    0x80, 0x7f, 0xc3, 0xfc, 0x0, 0xff, 0x1f, 0xf0,
    0x3, 0xfe, 0x7f, 0x80, 0x7, 0xf9, 0xfe, 0x0,
    0x1f, 0xe0,

    /* U+005F "_" */
    0xff, 0xff, 0xff, 0xff, 0xff, 0xff, 0xff, 0xff,
    0xff, 0xff, 0xff, 0xff, 0xff, 0xff, 0xff, 0xff,
    0xff, 0xff, 0xff, 0xff, 0xff, 0xff, 0xff, 0xff,
    0xff, 0xff, 0xff, 0xff, 0xff, 0xff, 0xff, 0xff,

    /* U+0060 "`" */
    0xff, 0xf0, 0xf, 0xff, 0x0, 0xff, 0xe0, 0xf,
    0xfe, 0x0, 0xff, 0xe0, 0xf, 0xfc, 0x0, 0xff,
    0xc0, 0xf, 0xf8, 0x1, 0xff, 0x80, 0x1f, 0xf8,
    0x1, 0xff, 0x0,

    /* U+0061 "a" */
    0x0, 0x0, 0x40, 0x0, 0x0, 0x7, 0xff, 0xe0,
    0x0, 0x3, 0xff, 0xff, 0x0, 0x1, 0xff, 0xff,
    0xf8, 0x0, 0x7f, 0xff, 0xff, 0x80, 0x1f, 0xff,
    0xff, 0xf8, 0x7, 0xff, 0xff, 0xff, 0x81, 0xff,
    0xff, 0xff, 0xf8, 0x3f, 0xff, 0xff, 0xff, 0xf,
    0xff, 0x1, 0xff, 0xe1, 0xff, 0xc0, 0x1f, 0xfe,
    0x3f, 0xf8, 0x1, 0xff, 0xc0, 0x0, 0x0, 0x3f,
    0xf8, 0x0, 0x0, 0x7, 0xff, 0x0, 0x0, 0x0,
    0xff, 0xe0, 0x0, 0x7f, 0xff, 0xfc, 0x0, 0xff,
    0xff, 0xff, 0x80, 0x7f, 0xff, 0xff, 0xf0, 0x3f,
    0xff, 0xff, 0xfe, 0xf, 0xff, 0xff, 0xff, 0xc3,
    0xff, 0xff, 0xff, 0xf8, 0x7f, 0xfc, 0x7, 0xff,
    0x1f, 0xfe, 0x0, 0xff, 0xe3, 0xff, 0x80, 0x1f,
    0xfc, 0xff, 0xe0, 0x3, 0xff, 0x9f, 0xfc, 0x0,
    0x7f, 0xf3, 0xff, 0x80, 0xf, 0xfe, 0x7f, 0xf0,
    0x1, 0xff, 0xcf, 0xfe, 0x0, 0x3f, 0xf9, 0xff,
    0xe0, 0xf, 0xff, 0x3f, 0xfe, 0x7, 0xff, 0xe3,
    0xff, 0xff, 0xff, 0xfc, 0x7f, 0xff, 0xff, 0xff,
    0x8f, 0xff, 0xff, 0xff, 0xf0, 0xff, 0xff, 0xff,
    0xfe, 0xf, 0xff, 0xff, 0xff, 0xc0, 0xff, 0xff,
    0x9f, 0xfc, 0x7, 0xff, 0xe3, 0xff, 0x80, 0x7f,
    0xf0, 0x7f, 0xf0, 0x0, 0x60, 0x0, 0x0,

    /* U+0062 "b" */
    0xff, 0xe0, 0x0, 0x0, 0x1f, 0xfc, 0x0, 0x0,
    0x3, 0xff, 0x80, 0x0, 0x0, 0x7f, 0xf0, 0x0,
    0x0, 0xf, 0xfe, 0x0, 0x0, 0x1, 0xff, 0xc0,
    0x0, 0x0, 0x3f, 0xf8, 0x0, 0x0, 0x7, 0xff,
    0x0, 0x0, 0x0, 0xff, 0xe0, 0x0, 0x0, 0x1f,
    0xfc, 0x0, 0x0, 0x3, 0xff, 0x80, 0x0, 0x0,
    0x7f, 0xf0, 0x0, 0x0, 0xf, 0xfe, 0x0, 0x0,
    0x1, 0xff, 0xc0, 0x0, 0x0, 0x3f, 0xf8, 0x0,
    0x0, 0x7, 0xff, 0x0, 0x0, 0x0, 0xff, 0xe1,
    0xff, 0xc0, 0x1f, 0xfc, 0xff, 0xfe, 0x3, 0xff,
    0xbf, 0xff, 0xe0, 0x7f, 0xff, 0xff, 0xfe, 0xf,
    0xff, 0xff, 0xff, 0xe1, 0xff, 0xff, 0xff, 0xfe,
    0x3f, 0xff, 0xff, 0xff, 0xc7, 0xff, 0xff, 0xff,
    0xfc, 0xff, 0xf8, 0x7, 0xff, 0x9f, 0xfe, 0x0,
    0x7f, 0xfb, 0xff, 0x80, 0xf, 0xff, 0x7f, 0xf0,
    0x0, 0xff, 0xef, 0xfe, 0x0, 0x1f, 0xfd, 0xff,
    0xc0, 0x1, 0xff, 0xff, 0xf8, 0x0, 0x3f, 0xff,
    0xff, 0x0, 0x7, 0xff, 0xff, 0xe0, 0x0, 0xff,
    0xff, 0xfc, 0x0, 0x1f, 0xff, 0xff, 0x80, 0x3,
    0xff, 0xff, 0xf0, 0x0, 0x7f, 0xff, 0xfe, 0x0,
    0xf, 0xff, 0xff, 0xc0, 0x1, 0xff, 0xff, 0xf8,
    0x0, 0x3f, 0xff, 0xff, 0x0, 0x7, 0xff, 0xff,
    0xe0, 0x0, 0xff, 0xff, 0xfc, 0x0, 0x3f, 0xfb,
    0xff, 0x80, 0x7, 0xff, 0x7f, 0xf0, 0x0, 0xff,
    0xef, 0xff, 0x0, 0x3f, 0xfd, 0xff, 0xf0, 0xf,
    0xff, 0x3f, 0xff, 0xff, 0xff, 0xe7, 0xff, 0xff,
    0xff, 0xf8, 0xff, 0xff, 0xff, 0xff, 0x1f, 0xff,
    0xff, 0xff, 0xc3, 0xff, 0x7f, 0xff, 0xf0, 0x7f,
    0xe7, 0xff, 0xfc, 0xf, 0xfc, 0x7f, 0xff, 0x1,
    0xff, 0x83, 0xff, 0x80, 0x0, 0x0, 0x6, 0x0,
    0x0,

    /* U+0063 "c" */
    0x0, 0x0, 0x0, 0x0, 0x0, 0x7, 0xff, 0xc0,
    0x0, 0x7, 0xff, 0xfe, 0x0, 0x7, 0xff, 0xff,
    0xc0, 0x3, 0xff, 0xff, 0xfc, 0x1, 0xff, 0xff,
    0xff, 0x80, 0xff, 0xff, 0xff, 0xe0, 0x7f, 0xff,
    0xff, 0xfc, 0x1f, 0xff, 0xff, 0xff, 0x8f, 0xff,
    0x1, 0xff, 0xe3, 0xff, 0x80, 0x3f, 0xf9, 0xff,
    0xc0, 0xf, 0xff, 0x7f, 0xf0, 0x1, 0xff, 0xdf,
    0xfc, 0x0, 0x7f, 0xff, 0xfe, 0x0, 0x1f, 0xff,
    0xff, 0x80, 0x0, 0x0, 0xff, 0xe0, 0x0, 0x0,
    0x3f, 0xf8, 0x0, 0x0, 0xf, 0xfe, 0x0, 0x0,
    0x3, 0xff, 0x80, 0x0, 0x0, 0xff, 0xe0, 0x0,
    0x0, 0x3f, 0xf8, 0x0, 0x0, 0xf, 0xfe, 0x0,
    0x0, 0x3, 0xff, 0x80, 0x0, 0x0, 0xff, 0xe0,
    0x0, 0x0, 0x3f, 0xf8, 0x0, 0x0, 0x7, 0xff,
    0x0, 0x1f, 0xfd, 0xff, 0xc0, 0x7, 0xff, 0x7f,
    0xf0, 0x3, 0xff, 0xcf, 0xfe, 0x0, 0xff, 0xf3,
    0xff, 0xc0, 0x7f, 0xf8, 0x7f, 0xff, 0xff, 0xfe,
    0x1f, 0xff, 0xff, 0xff, 0x3, 0xff, 0xff, 0xff,
    0x80, 0x7f, 0xff, 0xff, 0xe0, 0xf, 0xff, 0xff,
    0xf0, 0x1, 0xff, 0xff, 0xf0, 0x0, 0x1f, 0xff,
    0xf8, 0x0, 0x1, 0xff, 0xf0, 0x0, 0x0, 0x1,
    0x80, 0x0,

    /* U+0064 "d" */
    0x0, 0x0, 0x0, 0xff, 0xe0, 0x0, 0x0, 0x1f,
    0xfc, 0x0, 0x0, 0x3, 0xff, 0x80, 0x0, 0x0,
    0x7f, 0xf0, 0x0, 0x0, 0xf, 0xfe, 0x0, 0x0,
    0x1, 0xff, 0xc0, 0x0, 0x0, 0x3f, 0xf8, 0x0,
    0x0, 0x7, 0xff, 0x0, 0x0, 0x0, 0xff, 0xe0,
    0x0, 0x0, 0x1f, 0xfc, 0x0, 0x0, 0x3, 0xff,
    0x80, 0x0, 0x0, 0x7f, 0xf0, 0x0, 0x0, 0xf,
    0xfe, 0x0, 0x0, 0x1, 0xff, 0xc0, 0x0, 0x0,
    0x3f, 0xf8, 0x0, 0x0, 0x7, 0xff, 0x0, 0x7f,
    0xf0, 0xff, 0xe0, 0x3f, 0xff, 0x9f, 0xfc, 0xf,
    0xff, 0xfb, 0xff, 0x83, 0xff, 0xff, 0xff, 0xf0,
    0xff, 0xff, 0xff, 0xfe, 0x3f, 0xff, 0xff, 0xff,
    0xc7, 0xff, 0xff, 0xff, 0xf9, 0xff, 0xff, 0xff,
    0xff, 0x3f, 0xfc, 0x7, 0xff, 0xef, 0xff, 0x0,
    0x3f, 0xfd, 0xff, 0xe0, 0x7, 0xff, 0xbf, 0xf8,
    0x0, 0x7f, 0xf7, 0xff, 0x0, 0xf, 0xff, 0xff,
    0xe0, 0x1, 0xff, 0xff, 0xf8, 0x0, 0x3f, 0xff,
    0xff, 0x0, 0x7, 0xff, 0xff, 0xe0, 0x0, 0xff,
    0xff, 0xfc, 0x0, 0x1f, 0xff, 0xff, 0x80, 0x3,
    0xff, 0xff, 0xf0, 0x0, 0x7f, 0xff, 0xfe, 0x0,
    0xf, 0xff, 0xff, 0xc0, 0x1, 0xff, 0xff, 0xf8,
    0x0, 0x3f, 0xff, 0xff, 0x0, 0x7, 0xff, 0xff,
    0xe0, 0x0, 0xff, 0xef, 0xfe, 0x0, 0x1f, 0xfd,
    0xff, 0xc0, 0x3, 0xff, 0xbf, 0xfc, 0x0, 0x7f,
    0xf7, 0xff, 0x80, 0x1f, 0xfe, 0x7f, 0xf8, 0x7,
    0xff, 0xcf, 0xff, 0xff, 0xff, 0xf8, 0xff, 0xff,
    0xff, 0xff, 0x1f, 0xff, 0xff, 0xff, 0xe1, 0xff,
    0xff, 0xff, 0xfc, 0x1f, 0xff, 0xfd, 0xff, 0x81,
    0xff, 0xff, 0x3f, 0xf0, 0x1f, 0xff, 0xc7, 0xfe,
    0x0, 0xff, 0xe0, 0xff, 0xc0, 0x0, 0x80, 0x0,
    0x0,

    /* U+0065 "e" */
    0x0, 0x0, 0x0, 0x0, 0x0, 0x3, 0xff, 0xe0,
    0x0, 0x1, 0xff, 0xff, 0x80, 0x0, 0xff, 0xff,
    0xf8, 0x0, 0x3f, 0xff, 0xff, 0xc0, 0xf, 0xff,
    0xff, 0xfc, 0x3, 0xff, 0xff, 0xff, 0x80, 0xff,
    0xff, 0xff, 0xf8, 0x1f, 0xff, 0xff, 0xff, 0x87,
    0xff, 0x80, 0xff, 0xf0, 0xff, 0xe0, 0x7, 0xff,
    0x3f, 0xfc, 0x0, 0xff, 0xe7, 0xff, 0x0, 0xf,
    0xfc, 0xff, 0xe0, 0x1, 0xff, 0x9f, 0xfc, 0x0,
    0x3f, 0xff, 0xff, 0x0, 0x7, 0xff, 0xff, 0xff,
    0xff, 0xff, 0xff, 0xff, 0xff, 0xff, 0xff, 0xff,
    0xff, 0xff, 0xff, 0xff, 0xff, 0xff, 0xff, 0xff,
    0xff, 0xff, 0xff, 0xff, 0xff, 0xff, 0xff, 0xff,
    0xff, 0xff, 0xff, 0xff, 0xff, 0xff, 0x0, 0x0,
    0x0, 0xff, 0xe0, 0x0, 0x0, 0x1f, 0xfe, 0x0,
    0x0, 0x1, 0xff, 0xc0, 0x0, 0x0, 0x3f, 0xfc,
    0x0, 0x4, 0x7, 0xff, 0x80, 0x1, 0xc0, 0x7f,
    0xf8, 0x0, 0x7c, 0xf, 0xff, 0xc0, 0x3f, 0xc0,
    0xff, 0xff, 0xff, 0xfc, 0xf, 0xff, 0xff, 0xff,
    0xc1, 0xff, 0xff, 0xff, 0xf8, 0x1f, 0xff, 0xff,
    0xfe, 0x0, 0xff, 0xff, 0xff, 0x80, 0xf, 0xff,
    0xff, 0xc0, 0x0, 0x7f, 0xff, 0xe0, 0x0, 0x3,
    0xff, 0xf0, 0x0, 0x0, 0x1, 0x80, 0x0,

    /* U+0066 "f" */
    0x0, 0x0, 0xff, 0x80, 0x1, 0xff, 0xf0, 0x1,
    0xff, 0xfc, 0x0, 0xff, 0xff, 0x0, 0x7f, 0xff,
    0xc0, 0x3f, 0xff, 0xf0, 0x1f, 0xff, 0xfc, 0x7,
    0xff, 0xff, 0x1, 0xff, 0xf0, 0x0, 0xff, 0xf0,
    0x0, 0x3f, 0xf8, 0x0, 0xf, 0xfe, 0x0, 0x3,
    0xff, 0x80, 0x0, 0xff, 0xe0, 0x0, 0x3f, 0xf8,
    0x0, 0xf, 0xfe, 0x0, 0x3, 0xff, 0x80, 0x3f,
    0xff, 0xff, 0xef, 0xff, 0xff, 0xfb, 0xff, 0xff,
    0xfe, 0xff, 0xff, 0xff, 0xbf, 0xff, 0xff, 0xef,
    0xff, 0xff, 0xfb, 0xff, 0xff, 0xfe, 0xff, 0xff,
    0xff, 0x80, 0xff, 0xe0, 0x0, 0x3f, 0xf8, 0x0,
    0xf, 0xfe, 0x0, 0x3, 0xff, 0x80, 0x0, 0xff,
    0xe0, 0x0, 0x3f, 0xf8, 0x0, 0xf, 0xfe, 0x0,
    0x3, 0xff, 0x80, 0x0, 0xff, 0xe0, 0x0, 0x3f,
    0xf8, 0x0, 0xf, 0xfe, 0x0, 0x3, 0xff, 0x80,
    0x0, 0xff, 0xe0, 0x0, 0x3f, 0xf8, 0x0, 0xf,
    0xfe, 0x0, 0x3, 0xff, 0x80, 0x0, 0xff, 0xe0,
    0x0, 0x3f, 0xf8, 0x0, 0xf, 0xfe, 0x0, 0x3,
    0xff, 0x80, 0x0, 0xff, 0xe0, 0x0, 0x3f, 0xf8,
    0x0, 0xf, 0xfe, 0x0, 0x3, 0xff, 0x80, 0x0,
    0xff, 0xe0, 0x0, 0x3f, 0xf8, 0x0, 0xf, 0xfe,
    0x0, 0x3, 0xff, 0x80, 0x0, 0xff, 0xe0, 0x0,
    0x3f, 0xf8, 0x0,

    /* U+0067 "g" */
    0x0, 0x1, 0x0, 0x0, 0x0, 0x7, 0xff, 0xf,
    0xfc, 0x3, 0xff, 0xf1, 0xff, 0x81, 0xff, 0xff,
    0xbf, 0xf0, 0x7f, 0xff, 0xff, 0xfe, 0x1f, 0xff,
    0xff, 0xff, 0xc3, 0xff, 0xff, 0xff, 0xf8, 0xff,
    0xff, 0xff, 0xff, 0x3f, 0xff, 0xff, 0xff, 0xe7,
    0xff, 0xc0, 0x7f, 0xfd, 0xff, 0xf0, 0x7, 0xff,
    0xbf, 0xfc, 0x0, 0x7f, 0xf7, 0xff, 0x0, 0xf,
    0xfe, 0xff, 0xe0, 0x1, 0xff, 0xff, 0xfc, 0x0,
    0x3f, 0xff, 0xff, 0x0, 0x7, 0xff, 0xff, 0xe0,
    0x0, 0xff, 0xff, 0xfc, 0x0, 0x1f, 0xff, 0xff,
    0x80, 0x3, 0xff, 0xff, 0xf0, 0x0, 0x7f, 0xff,
    0xfe, 0x0, 0xf, 0xff, 0xff, 0xc0, 0x1, 0xff,
    0xff, 0xf8, 0x0, 0x3f, 0xff, 0xff, 0x0, 0x7,
    0xff, 0xff, 0xe0, 0x0, 0xff, 0xff, 0xfe, 0x0,
    0x1f, 0xfd, 0xff, 0xc0, 0x3, 0xff, 0xbf, 0xf8,
    0x0, 0x7f, 0xf7, 0xff, 0x80, 0xf, 0xfe, 0x7f,
    0xf8, 0x3, 0xff, 0xcf, 0xff, 0x80, 0xff, 0xf9,
    0xff, 0xff, 0xff, 0xff, 0x1f, 0xff, 0xff, 0xff,
    0xe1, 0xff, 0xff, 0xff, 0xfc, 0x3f, 0xff, 0xff,
    0xff, 0x83, 0xff, 0xff, 0xff, 0xf0, 0x3f, 0xff,
    0xef, 0xfe, 0x1, 0xff, 0xf9, 0xff, 0xc0, 0xf,
    0xfc, 0x3f, 0xf8, 0x0, 0x18, 0x7, 0xff, 0x0,
    0x0, 0x0, 0xff, 0xe0, 0x0, 0x0, 0x3f, 0xfc,
    0x4, 0x0, 0x7, 0xff, 0x1, 0xc0, 0x1, 0xff,
    0xe0, 0x7c, 0x0, 0x7f, 0xfc, 0x1f, 0xf0, 0x3f,
    0xff, 0x3, 0xff, 0xff, 0xff, 0xe0, 0xff, 0xff,
    0xff, 0xf8, 0x1f, 0xff, 0xff, 0xfe, 0x1, 0xff,
    0xff, 0xff, 0x80, 0x1f, 0xff, 0xff, 0xe0, 0x1,
    0xff, 0xff, 0xf0, 0x0, 0x7, 0xff, 0xf8, 0x0,
    0x0, 0x1f, 0xf8, 0x0, 0x0,

    /* U+0068 "h" */
    0xff, 0xe0, 0x0, 0x0, 0x3f, 0xf8, 0x0, 0x0,
    0xf, 0xfe, 0x0, 0x0, 0x3, 0xff, 0x80, 0x0,
    0x0, 0xff, 0xe0, 0x0, 0x0, 0x3f, 0xf8, 0x0,
    0x0, 0xf, 0xfe, 0x0, 0x0, 0x3, 0xff, 0x80,
    0x0, 0x0, 0xff, 0xe0, 0x0, 0x0, 0x3f, 0xf8,
    0x0, 0x0, 0xf, 0xfe, 0x0, 0x0, 0x3, 0xff,
    0x80, 0x0, 0x0, 0xff, 0xe0, 0x0, 0x0, 0x3f,
    0xf8, 0x0, 0x0, 0xf, 0xfe, 0x0, 0x0, 0x3,
    0xff, 0x80, 0x0, 0x0, 0xff, 0xe0, 0xff, 0xe0,
    0x3f, 0xf8, 0xff, 0xfe, 0xf, 0xfe, 0x7f, 0xff,
    0xc3, 0xff, 0xbf, 0xff, 0xf8, 0xff, 0xff, 0xff,
    0xff, 0x3f, 0xff, 0xff, 0xff, 0xcf, 0xff, 0xff,
    0xff, 0xfb, 0xff, 0xff, 0xff, 0xfe, 0xff, 0xf8,
    0x7, 0xff, 0xbf, 0xfc, 0x0, 0xff, 0xff, 0xfe,
    0x0, 0x3f, 0xff, 0xff, 0x80, 0x7, 0xff, 0xff,
    0xe0, 0x1, 0xff, 0xff, 0xf8, 0x0, 0x7f, 0xff,
    0xfe, 0x0, 0x1f, 0xff, 0xff, 0x80, 0x7, 0xff,
    0xff, 0xe0, 0x1, 0xff, 0xff, 0xf8, 0x0, 0x7f,
    0xff, 0xfe, 0x0, 0x1f, 0xff, 0xff, 0x80, 0x7,
    0xff, 0xff, 0xe0, 0x1, 0xff, 0xff, 0xf8, 0x0,
    0x7f, 0xff, 0xfe, 0x0, 0x1f, 0xff, 0xff, 0x80,
    0x7, 0xff, 0xff, 0xe0, 0x1, 0xff, 0xff, 0xf8,
    0x0, 0x7f, 0xff, 0xfe, 0x0, 0x1f, 0xff, 0xff,
    0x80, 0x7, 0xff, 0xff, 0xe0, 0x1, 0xff, 0xff,
    0xf8, 0x0, 0x7f, 0xff, 0xfe, 0x0, 0x1f, 0xff,
    0xff, 0x80, 0x7, 0xff, 0xff, 0xe0, 0x1, 0xff,
    0xff, 0xf8, 0x0, 0x7f, 0xff, 0xfe, 0x0, 0x1f,
    0xff, 0xff, 0x80, 0x7, 0xff, 0xff, 0xe0, 0x1,
    0xff, 0xff, 0xf8, 0x0, 0x7f, 0xf0,

    /* U+0069 "i" */
    0x1f, 0x83, 0xfc, 0x7f, 0xef, 0xff, 0xff, 0xff,
    0xff, 0xff, 0xff, 0xff, 0x7f, 0xe3, 0xfc, 0x1f,
    0x80, 0x0, 0x0, 0x0, 0x0, 0x0, 0x0, 0x0,
    0x7f, 0xf7, 0xff, 0x7f, 0xf7, 0xff, 0x7f, 0xf7,
    0xff, 0x7f, 0xf7, 0xff, 0x7f, 0xf7, 0xff, 0x7f,
    0xf7, 0xff, 0x7f, 0xf7, 0xff, 0x7f, 0xf7, 0xff,
    0x7f, 0xf7, 0xff, 0x7f, 0xf7, 0xff, 0x7f, 0xf7,
    0xff, 0x7f, 0xf7, 0xff, 0x7f, 0xf7, 0xff, 0x7f,
    0xf7, 0xff, 0x7f, 0xf7, 0xff, 0x7f, 0xf7, 0xff,
    0x7f, 0xf7, 0xff, 0x7f, 0xf7, 0xff, 0x7f, 0xf7,
    0xff,

    /* U+006A "j" */
    0x0, 0x1f, 0x80, 0x3, 0xfc, 0x0, 0x7f, 0xe0,
    0xf, 0xff, 0x0, 0xff, 0xf0, 0xf, 0xff, 0x0,
    0xff, 0xf0, 0xf, 0xff, 0x0, 0x7f, 0xe0, 0x3,
    0xfc, 0x0, 0x1f, 0x80, 0x0, 0x0, 0x0, 0x0,
    0x0, 0x0, 0x0, 0x0, 0x0, 0x0, 0x0, 0x0,
    0x0, 0x7f, 0xf0, 0x7, 0xff, 0x0, 0x7f, 0xf0,
    0x7, 0xff, 0x0, 0x7f, 0xf0, 0x7, 0xff, 0x0,
    0x7f, 0xf0, 0x7, 0xff, 0x0, 0x7f, 0xf0, 0x7,
    0xff, 0x0, 0x7f, 0xf0, 0x7, 0xff, 0x0, 0x7f,
    0xf0, 0x7, 0xff, 0x0, 0x7f, 0xf0, 0x7, 0xff,
    0x0, 0x7f, 0xf0, 0x7, 0xff, 0x0, 0x7f, 0xf0,
    0x7, 0xff, 0x0, 0x7f, 0xf0, 0x7, 0xff, 0x0,
    0x7f, 0xf0, 0x7, 0xff, 0x0, 0x7f, 0xf0, 0x7,
    0xff, 0x0, 0x7f, 0xf0, 0x7, 0xff, 0x0, 0x7f,
    0xf0, 0x7, 0xff, 0x0, 0x7f, 0xf0, 0x7, 0xff,
    0x0, 0x7f, 0xf0, 0x7, 0xff, 0x0, 0x7f, 0xf0,
    0x7, 0xff, 0x0, 0x7f, 0xf0, 0x7, 0xff, 0x0,
    0x7f, 0xf0, 0x7, 0xff, 0x0, 0x7f, 0xf0, 0x7,
    0xff, 0x0, 0x7f, 0xf0, 0x7, 0xff, 0x0, 0xff,
    0xf0, 0x1f, 0xfe, 0xff, 0xff, 0xef, 0xff, 0xfc,
    0xff, 0xff, 0xcf, 0xff, 0xf8, 0xff, 0xff, 0xf,
    0xff, 0xe0, 0xff, 0xf8, 0x7, 0xfc, 0x0,

    /* U+006B "k" */
    0xff, 0xe0, 0x0, 0x0, 0xf, 0xfe, 0x0, 0x0,
    0x0, 0xff, 0xe0, 0x0, 0x0, 0xf, 0xfe, 0x0,
    0x0, 0x0, 0xff, 0xe0, 0x0, 0x0, 0xf, 0xfe,
    0x0, 0x0, 0x0, 0xff, 0xe0, 0x0, 0x0, 0xf,
    0xfe, 0x0, 0x0, 0x0, 0xff, 0xe0, 0x0, 0x0,
    0xf, 0xfe, 0x0, 0x0, 0x0, 0xff, 0xe0, 0x0,
    0x0, 0xf, 0xfe, 0x0, 0x0, 0x0, 0xff, 0xe0,
    0x0, 0x0, 0xf, 0xfe, 0x0, 0x0, 0x0, 0xff,
    0xe0, 0x0, 0x0, 0xf, 0xfe, 0x0, 0x0, 0x0,
    0xff, 0xe0, 0x7, 0xff, 0xef, 0xfe, 0x0, 0x7f,
    0xfc, 0xff, 0xe0, 0xf, 0xff, 0x8f, 0xfe, 0x1,
    0xff, 0xf0, 0xff, 0xe0, 0x3f, 0xfe, 0xf, 0xfe,
    0x7, 0xff, 0xc0, 0xff, 0xe0, 0x7f, 0xfc, 0xf,
    0xfe, 0xf, 0xff, 0x80, 0xff, 0xe1, 0xff, 0xf0,
    0xf, 0xfe, 0x3f, 0xfe, 0x0, 0xff, 0xe7, 0xff,
    0xc0, 0xf, 0xfe, 0xff, 0xf8, 0x0, 0xff, 0xef,
    0xff, 0x0, 0xf, 0xff, 0xff, 0xe0, 0x0, 0xff,
    0xff, 0xfe, 0x0, 0xf, 0xff, 0xff, 0xc0, 0x0,
    0xff, 0xff, 0xfc, 0x0, 0xf, 0xff, 0xff, 0xe0,
    0x0, 0xff, 0xff, 0xfe, 0x0, 0xf, 0xff, 0xff,
    0xf0, 0x0, 0xff, 0xff, 0xff, 0x80, 0xf, 0xff,
    0xff, 0xf8, 0x0, 0xff, 0xff, 0xff, 0xc0, 0xf,
    0xff, 0xdf, 0xfe, 0x0, 0xff, 0xf9, 0xff, 0xe0,
    0xf, 0xff, 0xf, 0xff, 0x0, 0xff, 0xe0, 0xff,
    0xf8, 0xf, 0xfe, 0x7, 0xff, 0x80, 0xff, 0xe0,
    0x3f, 0xfc, 0xf, 0xfe, 0x3, 0xff, 0xe0, 0xff,
    0xe0, 0x1f, 0xfe, 0xf, 0xfe, 0x0, 0xff, 0xf0,
    0xff, 0xe0, 0xf, 0xff, 0x8f, 0xfe, 0x0, 0x7f,
    0xf8, 0xff, 0xe0, 0x7, 0xff, 0xcf, 0xfe, 0x0,
    0x3f, 0xfe, 0xff, 0xe0, 0x1, 0xff, 0xef, 0xfe,
    0x0, 0x1f, 0xff,

    /* U+006C "l" */
    0xff, 0xff, 0xff, 0xff, 0xff, 0xff, 0xff, 0xff,
    0xff, 0xff, 0xff, 0xff, 0xff, 0xff, 0xff, 0xff,
    0xff, 0xff, 0xff, 0xff, 0xff, 0xff, 0xff, 0xff,
    0xff, 0xff, 0xff, 0xff, 0xff, 0xff, 0xff, 0xff,
    0xff, 0xff, 0xff, 0xff, 0xff, 0xff, 0xff, 0xff,
    0xff, 0xff, 0xff, 0xff, 0xff, 0xff, 0xff, 0xff,
    0xff, 0xff, 0xff, 0xff, 0xff, 0xff, 0xff, 0xff,
    0xff, 0xff, 0xff, 0xff, 0xff, 0xff, 0xff, 0xff,
    0xff, 0xff, 0xff, 0xff, 0xff, 0xff, 0xff, 0xff,
    0xff, 0xff, 0xc0,

    /* U+006D "m" */
    0x0, 0x0, 0x0, 0x0, 0x0, 0x0, 0x1, 0xff,
    0x81, 0xff, 0xc0, 0xf, 0xfe, 0x3, 0xff, 0xf,
    0xff, 0xe0, 0x7f, 0xff, 0x7, 0xff, 0x3f, 0xff,
    0xe1, 0xff, 0xff, 0xf, 0xfe, 0xff, 0xff, 0xe7,
    0xff, 0xff, 0x1f, 0xff, 0xff, 0xff, 0xdf, 0xff,
    0xff, 0x3f, 0xff, 0xff, 0xff, 0xff, 0xff, 0xfe,
    0x7f, 0xff, 0xff, 0xff, 0xff, 0xff, 0xfe, 0xff,
    0xff, 0xff, 0xff, 0xff, 0xff, 0xfd, 0xff, 0xf0,
    0x1f, 0xff, 0xc0, 0x7f, 0xfb, 0xff, 0xc0, 0x1f,
    0xff, 0x0, 0x7f, 0xff, 0xff, 0x0, 0x1f, 0xfe,
    0x0, 0x7f, 0xff, 0xfe, 0x0, 0x3f, 0xf8, 0x0,
    0xff, 0xff, 0xfc, 0x0, 0x7f, 0xf0, 0x1, 0xff,
    0xff, 0xf8, 0x0, 0xff, 0xe0, 0x3, 0xff, 0xff,
    0xf0, 0x1, 0xff, 0xc0, 0x7, 0xff, 0xff, 0xe0,
    0x3, 0xff, 0x80, 0xf, 0xff, 0xff, 0xc0, 0x7,
    0xff, 0x0, 0x1f, 0xff, 0xff, 0x80, 0xf, 0xfe,
    0x0, 0x3f, 0xff, 0xff, 0x0, 0x1f, 0xfc, 0x0,
    0x7f, 0xff, 0xfe, 0x0, 0x3f, 0xf8, 0x0, 0xff,
    0xff, 0xfc, 0x0, 0x7f, 0xf0, 0x1, 0xff, 0xff,
    0xf8, 0x0, 0xff, 0xe0, 0x3, 0xff, 0xff, 0xf0,
    0x1, 0xff, 0xc0, 0x7, 0xff, 0xff, 0xe0, 0x3,
    0xff, 0x80, 0xf, 0xff, 0xff, 0xc0, 0x7, 0xff,
    0x0, 0x1f, 0xff, 0xff, 0x80, 0xf, 0xfe, 0x0,
    0x3f, 0xff, 0xff, 0x0, 0x1f, 0xfc, 0x0, 0x7f,
    0xff, 0xfe, 0x0, 0x3f, 0xf8, 0x0, 0xff, 0xff,
    0xfc, 0x0, 0x7f, 0xf0, 0x1, 0xff, 0xff, 0xf8,
    0x0, 0xff, 0xe0, 0x3, 0xff, 0xff, 0xf0, 0x1,
    0xff, 0xc0, 0x7, 0xff, 0xff, 0xe0, 0x3, 0xff,
    0x80, 0xf, 0xff, 0xff, 0xc0, 0x7, 0xff, 0x0,
    0x1f, 0xff, 0xff, 0x80, 0xf, 0xfe, 0x0, 0x3f,
    0xff, 0xff, 0x0, 0x1f, 0xfc, 0x0, 0x7f, 0xff,
    0xfe, 0x0, 0x3f, 0xf8, 0x0, 0xff, 0xff, 0xfc,
    0x0, 0x7f, 0xf0, 0x1, 0xff, 0xff, 0xf8, 0x0,
    0xff, 0xe0, 0x3, 0xff, 0x80,

    /* U+006E "n" */
    0x0, 0x0, 0x0, 0x0, 0x3f, 0xf0, 0x3f, 0xf8,
    0xf, 0xfc, 0x3f, 0xff, 0x83, 0xff, 0x9f, 0xff,
    0xf0, 0xff, 0xef, 0xff, 0xfe, 0x3f, 0xff, 0xff,
    0xff, 0xcf, 0xff, 0xff, 0xff, 0xf3, 0xff, 0xff,
    0xff, 0xfe, 0xff, 0xff, 0xff, 0xff, 0xbf, 0xfe,
    0x1, 0xff, 0xef, 0xff, 0x0, 0x3f, 0xff, 0xff,
    0x80, 0x7, 0xff, 0xff, 0xe0, 0x1, 0xff, 0xff,
    0xf8, 0x0, 0x7f, 0xff, 0xfe, 0x0, 0x1f, 0xff,
    0xff, 0x80, 0x7, 0xff, 0xff, 0xe0, 0x1, 0xff,
    0xff, 0xf8, 0x0, 0x7f, 0xff, 0xfe, 0x0, 0x1f,
    0xff, 0xff, 0x80, 0x7, 0xff, 0xff, 0xe0, 0x1,
    0xff, 0xff, 0xf8, 0x0, 0x7f, 0xff, 0xfe, 0x0,
    0x1f, 0xff, 0xff, 0x80, 0x7, 0xff, 0xff, 0xe0,
    0x1, 0xff, 0xff, 0xf8, 0x0, 0x7f, 0xff, 0xfe,
    0x0, 0x1f, 0xff, 0xff, 0x80, 0x7, 0xff, 0xff,
    0xe0, 0x1, 0xff, 0xff, 0xf8, 0x0, 0x7f, 0xff,
    0xfe, 0x0, 0x1f, 0xff, 0xff, 0x80, 0x7, 0xff,
    0xff, 0xe0, 0x1, 0xff, 0xff, 0xf8, 0x0, 0x7f,
    0xff, 0xfe, 0x0, 0x1f, 0xff, 0xff, 0x80, 0x7,
    0xff, 0xff, 0xe0, 0x1, 0xff, 0xff, 0xf8, 0x0,
    0x7f, 0xff, 0xfe, 0x0, 0x1f, 0xfc,

    /* U+006F "o" */
    0x0, 0x0, 0x0, 0x0, 0x0, 0x1, 0xff, 0xf8,
    0x0, 0x0, 0x7f, 0xff, 0xe0, 0x0, 0x1f, 0xff,
    0xff, 0x80, 0x3, 0xff, 0xff, 0xfc, 0x0, 0x7f,
    0xff, 0xff, 0xe0, 0xf, 0xff, 0xff, 0xff, 0x1,
    0xff, 0xff, 0xff, 0xf8, 0x1f, 0xff, 0xff, 0xff,
    0x83, 0xff, 0xe0, 0x7f, 0xfc, 0x3f, 0xf8, 0x1,
    0xff, 0xc7, 0xff, 0x80, 0x1f, 0xfe, 0x7f, 0xf0,
    0x0, 0xff, 0xe7, 0xff, 0x0, 0xf, 0xfe, 0xff,
    0xf0, 0x0, 0xff, 0xef, 0xfe, 0x0, 0x7, 0xff,
    0xff, 0xe0, 0x0, 0x7f, 0xff, 0xfe, 0x0, 0x7,
    0xff, 0xff, 0xe0, 0x0, 0x7f, 0xff, 0xfe, 0x0,
    0x7, 0xff, 0xff, 0xe0, 0x0, 0x7f, 0xff, 0xfe,
    0x0, 0x7, 0xff, 0xff, 0xe0, 0x0, 0x7f, 0xff,
    0xfe, 0x0, 0x7, 0xff, 0xff, 0xe0, 0x0, 0x7f,
    0xff, 0xff, 0x0, 0xf, 0xfe, 0x7f, 0xf0, 0x0,
    0xff, 0xe7, 0xff, 0x0, 0xf, 0xfe, 0x7f, 0xf8,
    0x1, 0xff, 0xe3, 0xff, 0x80, 0x1f, 0xfc, 0x3f,
    0xfc, 0x3, 0xff, 0xc1, 0xff, 0xff, 0xff, 0xf8,
    0x1f, 0xff, 0xff, 0xff, 0x80, 0xff, 0xff, 0xff,
    0xf0, 0x7, 0xff, 0xff, 0xfe, 0x0, 0x3f, 0xff,
    0xff, 0xc0, 0x1, 0xff, 0xff, 0xf8, 0x0, 0x7,
    0xff, 0xfe, 0x0, 0x0, 0x1f, 0xff, 0x80, 0x0,
    0x0, 0x6, 0x0, 0x0,

    /* U+0070 "p" */
    0x0, 0x0, 0x0, 0x0, 0x1f, 0xf8, 0x3f, 0xf8,
    0x3, 0xff, 0x1f, 0xff, 0xc0, 0x7f, 0xf7, 0xff,
    0xfc, 0xf, 0xff, 0xff, 0xff, 0xc1, 0xff, 0xff,
    0xff, 0xfc, 0x3f, 0xff, 0xff, 0xff, 0xc7, 0xff,
    0xff, 0xff, 0xf8, 0xff, 0xff, 0xff, 0xff, 0x9f,
    0xff, 0x0, 0xff, 0xf3, 0xff, 0xc0, 0xf, 0xff,
    0x7f, 0xf0, 0x1, 0xff, 0xef, 0xfe, 0x0, 0x1f,
    0xfd, 0xff, 0xc0, 0x3, 0xff, 0xbf, 0xf8, 0x0,
    0x7f, 0xff, 0xff, 0x0, 0x7, 0xff, 0xff, 0xe0,
    0x0, 0xff, 0xff, 0xfc, 0x0, 0x1f, 0xff, 0xff,
    0x80, 0x3, 0xff, 0xff, 0xf0, 0x0, 0x7f, 0xff,
    0xfe, 0x0, 0xf, 0xff, 0xff, 0xc0, 0x1, 0xff,
    0xff, 0xf8, 0x0, 0x3f, 0xff, 0xff, 0x0, 0x7,
    0xff, 0xff, 0xe0, 0x0, 0xff, 0xff, 0xfc, 0x0,
    0x3f, 0xff, 0xff, 0x80, 0x7, 0xff, 0x7f, 0xf0,
    0x0, 0xff, 0xef, 0xfe, 0x0, 0x3f, 0xfd, 0xff,
    0xe0, 0x7, 0xff, 0xbf, 0xfe, 0x1, 0xff, 0xe7,
    0xff, 0xff, 0xff, 0xfc, 0xff, 0xff, 0xff, 0xff,
    0x1f, 0xff, 0xff, 0xff, 0xe3, 0xff, 0xff, 0xff,
    0xf8, 0x7f, 0xff, 0xff, 0xfe, 0xf, 0xfe, 0xff,
    0xff, 0x81, 0xff, 0xcf, 0xff, 0xc0, 0x3f, 0xf8,
    0x7f, 0xf0, 0x7, 0xff, 0x0, 0xc0, 0x0, 0xff,
    0xe0, 0x0, 0x0, 0x1f, 0xfc, 0x0, 0x0, 0x3,
    0xff, 0x80, 0x0, 0x0, 0x7f, 0xf0, 0x0, 0x0,
    0xf, 0xfe, 0x0, 0x0, 0x1, 0xff, 0xc0, 0x0,
    0x0, 0x3f, 0xf8, 0x0, 0x0, 0x7, 0xff, 0x0,
    0x0, 0x0, 0xff, 0xe0, 0x0, 0x0, 0x1f, 0xfc,
    0x0, 0x0, 0x3, 0xff, 0x80, 0x0, 0x0, 0x7f,
    0xf0, 0x0, 0x0, 0xf, 0xfe, 0x0, 0x0, 0x1,
    0xff, 0xc0, 0x0, 0x0, 0x0,

    /* U+0071 "q" */
    0x0, 0x0, 0x0, 0x0, 0x0, 0xf, 0xfe, 0xf,
    0xfc, 0x7, 0xff, 0xf1, 0xff, 0x81, 0xff, 0xff,
    0x3f, 0xf0, 0x7f, 0xff, 0xf7, 0xfe, 0x1f, 0xff,
    0xff, 0xff, 0xc7, 0xff, 0xff, 0xff, 0xf8, 0xff,
    0xff, 0xff, 0xff, 0x3f, 0xff, 0xff, 0xff, 0xe7,
    0xff, 0x80, 0x7f, 0xfd, 0xff, 0xe0, 0x7, 0xff,
    0xbf, 0xfc, 0x0, 0x7f, 0xf7, 0xff, 0x0, 0xf,
    0xfe, 0xff, 0xe0, 0x1, 0xff, 0xff, 0xfc, 0x0,
    0x3f, 0xff, 0xff, 0x0, 0x7, 0xff, 0xff, 0xe0,
    0x0, 0xff, 0xff, 0xfc, 0x0, 0x1f, 0xff, 0xff,
    0x80, 0x3, 0xff, 0xff, 0xf0, 0x0, 0x7f, 0xff,
    0xfe, 0x0, 0xf, 0xff, 0xff, 0xc0, 0x1, 0xff,
    0xff, 0xf8, 0x0, 0x3f, 0xff, 0xff, 0x0, 0x7,
    0xff, 0xff, 0xe0, 0x0, 0xff, 0xff, 0xfc, 0x0,
    0x1f, 0xfd, 0xff, 0xc0, 0x3, 0xff, 0xbf, 0xf8,
    0x0, 0x7f, 0xf7, 0xff, 0x80, 0xf, 0xfe, 0xff,
    0xf0, 0x3, 0xff, 0xcf, 0xff, 0x0, 0xff, 0xf9,
    0xff, 0xff, 0xff, 0xff, 0x1f, 0xff, 0xff, 0xff,
    0xe3, 0xff, 0xff, 0xff, 0xfc, 0x3f, 0xff, 0xff,
    0xff, 0x83, 0xff, 0xff, 0xff, 0xf0, 0x3f, 0xff,
    0xef, 0xfe, 0x3, 0xff, 0xf9, 0xff, 0xc0, 0x1f,
    0xfc, 0x3f, 0xf8, 0x0, 0x10, 0x7, 0xff, 0x0,
    0x0, 0x0, 0xff, 0xe0, 0x0, 0x0, 0x1f, 0xfc,
    0x0, 0x0, 0x3, 0xff, 0x80, 0x0, 0x0, 0x7f,
    0xf0, 0x0, 0x0, 0xf, 0xfe, 0x0, 0x0, 0x1,
    0xff, 0xc0, 0x0, 0x0, 0x3f, 0xf8, 0x0, 0x0,
    0x7, 0xff, 0x0, 0x0, 0x0, 0xff, 0xe0, 0x0,
    0x0, 0x1f, 0xfc, 0x0, 0x0, 0x3, 0xff, 0x80,
    0x0, 0x0, 0x7f, 0xf0, 0x0, 0x0, 0xf, 0xfe,
    0x0, 0x0, 0x1, 0xff, 0xc0,

    /* U+0072 "r" */
    0x0, 0x0, 0x3, 0xff, 0x7, 0xff, 0xfc, 0x7f,
    0xff, 0xfb, 0xff, 0xff, 0xff, 0xff, 0xff, 0xff,
    0xff, 0xff, 0xff, 0xff, 0xff, 0xff, 0xff, 0xff,
    0xff, 0xff, 0xff, 0xff, 0xff, 0xff, 0xff, 0xff,
    0x0, 0xff, 0xf0, 0x3, 0xff, 0x80, 0xf, 0xfe,
    0x0, 0x3f, 0xf8, 0x0, 0xff, 0xe0, 0x3, 0xff,
    0x80, 0xf, 0xfe, 0x0, 0x3f, 0xf8, 0x0, 0xff,
    0xe0, 0x3, 0xff, 0x80, 0xf, 0xfe, 0x0, 0x3f,
    0xf8, 0x0, 0xff, 0xe0, 0x3, 0xff, 0x80, 0xf,
    0xfe, 0x0, 0x3f, 0xf8, 0x0, 0xff, 0xe0, 0x3,
    0xff, 0x80, 0xf, 0xfe, 0x0, 0x3f, 0xf8, 0x0,
    0xff, 0xe0, 0x3, 0xff, 0x80, 0xf, 0xfe, 0x0,
    0x3f, 0xf8, 0x0, 0xff, 0xe0, 0x3, 0xff, 0x80,
    0xf, 0xfe, 0x0, 0x0,

    /* U+0073 "s" */
    0x0, 0x0, 0x0, 0x0, 0x0, 0x1f, 0xff, 0x80,
    0x0, 0x7f, 0xff, 0xf0, 0x0, 0x7f, 0xff, 0xfe,
    0x0, 0x7f, 0xff, 0xff, 0x80, 0x7f, 0xff, 0xff,
    0xe0, 0x7f, 0xff, 0xff, 0xf8, 0x7f, 0xff, 0xff,
    0xfe, 0x3f, 0xfc, 0xf, 0xff, 0x3f, 0xfc, 0x3,
    0xff, 0xdf, 0xfc, 0x0, 0xff, 0xef, 0xfe, 0x0,
    0x7f, 0xf7, 0xff, 0x0, 0x0, 0x3, 0xff, 0xc0,
    0x0, 0x1, 0xff, 0xf0, 0x0, 0x0, 0xff, 0xff,
    0x0, 0x0, 0x3f, 0xff, 0xf8, 0x0, 0x1f, 0xff,
    0xff, 0xc0, 0x7, 0xff, 0xff, 0xf8, 0x1, 0xff,
    0xff, 0xff, 0x0, 0x7f, 0xff, 0xff, 0xc0, 0xf,
    0xff, 0xff, 0xf0, 0x1, 0xff, 0xff, 0xfc, 0x0,
    0x1f, 0xff, 0xfe, 0x0, 0x0, 0xff, 0xff, 0x80,
    0x0, 0xf, 0xff, 0xc0, 0x0, 0x1, 0xff, 0xff,
    0xfc, 0x0, 0x7f, 0xff, 0xfe, 0x0, 0x3f, 0xff,
    0xff, 0x0, 0x1f, 0xfd, 0xff, 0xc0, 0x1f, 0xfe,
    0xff, 0xf0, 0xf, 0xfe, 0x3f, 0xff, 0xff, 0xff,
    0x1f, 0xff, 0xff, 0xff, 0x7, 0xff, 0xff, 0xff,
    0x1, 0xff, 0xff, 0xff, 0x0, 0x3f, 0xff, 0xff,
    0x0, 0xf, 0xff, 0xfe, 0x0, 0x0, 0xff, 0xfc,
    0x0, 0x0, 0x3, 0x80, 0x0,

    /* U+0074 "t" */
    0x7, 0xff, 0x0, 0xf, 0xfe, 0x0, 0x1f, 0xfc,
    0x0, 0x3f, 0xf8, 0x0, 0x7f, 0xf0, 0x0, 0xff,
    0xe0, 0x1, 0xff, 0xc0, 0x3, 0xff, 0x80, 0x7,
    0xff, 0x0, 0xf, 0xfe, 0x3, 0xff, 0xff, 0xff,
    0xff, 0xff, 0xff, 0xff, 0xff, 0xff, 0xff, 0xff,
    0xff, 0xff, 0xff, 0xff, 0xff, 0xff, 0xff, 0xff,
    0xff, 0xff, 0xff, 0xfc, 0x1f, 0xfc, 0x0, 0x3f,
    0xf8, 0x0, 0x7f, 0xf0, 0x0, 0xff, 0xe0, 0x1,
    0xff, 0xc0, 0x3, 0xff, 0x80, 0x7, 0xff, 0x0,
    0xf, 0xfe, 0x0, 0x1f, 0xfc, 0x0, 0x3f, 0xf8,
    0x0, 0x7f, 0xf0, 0x0, 0xff, 0xe0, 0x1, 0xff,
    0xc0, 0x3, 0xff, 0x80, 0x7, 0xff, 0x0, 0xf,
    0xfe, 0x0, 0x1f, 0xfc, 0x0, 0x3f, 0xf8, 0x0,
    0x7f, 0xf0, 0x0, 0xff, 0xe0, 0x1, 0xff, 0xc0,
    0x3, 0xff, 0xc0, 0x7, 0xff, 0xfe, 0x7, 0xff,
    0xfc, 0xf, 0xff, 0xf8, 0x1f, 0xff, 0xf0, 0x1f,
    0xff, 0xe0, 0x1f, 0xff, 0xc0, 0x1f, 0xff, 0x80,
    0xf, 0xff, 0x0, 0x0, 0x80,

    /* U+0075 "u" */
    0xff, 0xe0, 0x1, 0xff, 0xff, 0xf8, 0x0, 0x7f,
    0xff, 0xfe, 0x0, 0x1f, 0xff, 0xff, 0x80, 0x7,
    0xff, 0xff, 0xe0, 0x1, 0xff, 0xff, 0xf8, 0x0,
    0x7f, 0xff, 0xfe, 0x0, 0x1f, 0xff, 0xff, 0x80,
    0x7, 0xff, 0xff, 0xe0, 0x1, 0xff, 0xff, 0xf8,
    0x0, 0x7f, 0xff, 0xfe, 0x0, 0x1f, 0xff, 0xff,
    0x80, 0x7, 0xff, 0xff, 0xe0, 0x1, 0xff, 0xff,
    0xf8, 0x0, 0x7f, 0xff, 0xfe, 0x0, 0x1f, 0xff,
    0xff, 0x80, 0x7, 0xff, 0xff, 0xe0, 0x1, 0xff,
    0xff, 0xf8, 0x0, 0x7f, 0xff, 0xfe, 0x0, 0x1f,
    0xff, 0xff, 0x80, 0x7, 0xff, 0xff, 0xe0, 0x1,
    0xff, 0xff, 0xf8, 0x0, 0x7f, 0xff, 0xfe, 0x0,
    0x1f, 0xff, 0xff, 0x80, 0x7, 0xff, 0xff, 0xe0,
    0x1, 0xff, 0xff, 0xf8, 0x0, 0x7f, 0xff, 0xfe,
    0x0, 0x1f, 0xff, 0xff, 0x80, 0x7, 0xff, 0xff,
    0xf0, 0x3, 0xff, 0xdf, 0xfe, 0x1, 0xff, 0xf7,
    0xff, 0xff, 0xff, 0xfd, 0xff, 0xff, 0xff, 0xff,
    0x3f, 0xff, 0xff, 0xff, 0xcf, 0xff, 0xff, 0xff,
    0xf1, 0xff, 0xff, 0xff, 0xfc, 0x3f, 0xff, 0xf7,
    0xff, 0x7, 0xff, 0xf0, 0xff, 0xc0, 0x7f, 0xf0,
    0x3f, 0xf0, 0x0, 0x80, 0x0, 0x0,

    /* U+0076 "v" */
    0xff, 0xf0, 0x0, 0x7f, 0xf3, 0xff, 0x80, 0x3,
    0xff, 0x9f, 0xfe, 0x0, 0x3f, 0xfc, 0xff, 0xf0,
    0x1, 0xff, 0xe3, 0xff, 0x80, 0xf, 0xfe, 0x1f,
    0xfc, 0x0, 0x7f, 0xf0, 0xff, 0xf0, 0x7, 0xff,
    0x83, 0xff, 0x80, 0x3f, 0xf8, 0x1f, 0xfc, 0x1,
    0xff, 0xc0, 0xff, 0xe0, 0xf, 0xfe, 0x3, 0xff,
    0x80, 0xff, 0xe0, 0x1f, 0xfc, 0x7, 0xff, 0x0,
    0xff, 0xe0, 0x3f, 0xf8, 0x3, 0xff, 0x83, 0xff,
    0x80, 0x1f, 0xfc, 0x1f, 0xfc, 0x0, 0xff, 0xe0,
    0xff, 0xe0, 0x3, 0xff, 0x7, 0xfe, 0x0, 0x1f,
    0xfc, 0x7f, 0xf0, 0x0, 0xff, 0xe3, 0xff, 0x80,
    0x3, 0xff, 0x1f, 0xf8, 0x0, 0x1f, 0xf8, 0xff,
    0xc0, 0x0, 0xff, 0xef, 0xfe, 0x0, 0x3, 0xff,
    0x7f, 0xe0, 0x0, 0x1f, 0xfb, 0xff, 0x0, 0x0,
    0xff, 0xdf, 0xf8, 0x0, 0x3, 0xff, 0xff, 0x80,
    0x0, 0x1f, 0xff, 0xfc, 0x0, 0x0, 0xff, 0xff,
    0xe0, 0x0, 0x3, 0xff, 0xfe, 0x0, 0x0, 0x1f,
    0xff, 0xf0, 0x0, 0x0, 0xff, 0xff, 0x80, 0x0,
    0x3, 0xff, 0xf8, 0x0, 0x0, 0x1f, 0xff, 0xc0,
    0x0, 0x0, 0xff, 0xfe, 0x0, 0x0, 0x3, 0xff,
    0xe0, 0x0, 0x0, 0x1f, 0xff, 0x0, 0x0, 0x0,
    0xff, 0xf8, 0x0, 0x0, 0x3, 0xff, 0x80, 0x0,

    /* U+0077 "w" */
    0xff, 0xe0, 0x7, 0xfc, 0x0, 0xff, 0xef, 0xfc,
    0x0, 0xff, 0x80, 0x1f, 0xf9, 0xff, 0x80, 0x1f,
    0xf0, 0x3, 0xff, 0x3f, 0xf0, 0x3, 0xfe, 0x0,
    0x7f, 0xe7, 0xff, 0x0, 0xff, 0xe0, 0x1f, 0xfc,
    0x7f, 0xe0, 0x1f, 0xfc, 0x3, 0xff, 0xf, 0xfc,
    0x3, 0xff, 0x80, 0x7f, 0xe1, 0xff, 0x80, 0x7f,
    0xf0, 0xf, 0xfc, 0x3f, 0xf0, 0x1f, 0xff, 0x1,
    0xff, 0x83, 0xff, 0x3, 0xff, 0xe0, 0x7f, 0xe0,
    0x7f, 0xe0, 0x7f, 0xfc, 0xf, 0xfc, 0xf, 0xfc,
    0x1f, 0xff, 0xc1, 0xff, 0x81, 0xff, 0x83, 0xff,
    0xf8, 0x3f, 0xf0, 0x3f, 0xf0, 0x7f, 0xff, 0x7,
    0xfe, 0x3, 0xff, 0xf, 0xff, 0xe1, 0xff, 0x80,
    0x7f, 0xe3, 0xfd, 0xfe, 0x3f, 0xf0, 0xf, 0xfc,
    0x7f, 0xbf, 0xc7, 0xfe, 0x1, 0xff, 0x8f, 0xf7,
    0xf8, 0xff, 0xc0, 0x1f, 0xf1, 0xfc, 0x7f, 0x1f,
    0xf0, 0x3, 0xfe, 0x7f, 0x8f, 0xf7, 0xfe, 0x0,
    0x7f, 0xef, 0xf1, 0xfe, 0xff, 0xc0, 0xf, 0xfd,
    0xfe, 0x1f, 0xdf, 0xf8, 0x0, 0xff, 0xff, 0x83,
    0xff, 0xfe, 0x0, 0x1f, 0xff, 0xf0, 0x7f, 0xff,
    0xc0, 0x3, 0xff, 0xfe, 0xf, 0xff, 0xf8, 0x0,
    0x7f, 0xff, 0x80, 0xff, 0xff, 0x0, 0x7, 0xff,
    0xf0, 0x1f, 0xff, 0xc0, 0x0, 0xff, 0xfe, 0x3,
    0xff, 0xf8, 0x0, 0x1f, 0xff, 0x80, 0x3f, 0xff,
    0x0, 0x3, 0xff, 0xf0, 0x7, 0xff, 0xe0, 0x0,
    0x3f, 0xfe, 0x0, 0xff, 0xf8, 0x0, 0x7, 0xff,
    0xc0, 0x1f, 0xff, 0x0, 0x0, 0xff, 0xf0, 0x1,
    0xff, 0xe0, 0x0, 0x1f, 0xfe, 0x0, 0x3f, 0xfc,
    0x0, 0x1, 0xff, 0xc0, 0x7, 0xff, 0x0, 0x0,
    0x3f, 0xf0, 0x0, 0x7f, 0xe0, 0x0, 0x7, 0xfe,
    0x0, 0xf, 0xfc, 0x0, 0x0, 0xff, 0xc0, 0x1,
    0xff, 0x80, 0x0,

    /* U+0078 "x" */
    0xff, 0xf0, 0x1, 0xff, 0xe7, 0xff, 0x80, 0x1f,
    0xfc, 0x3f, 0xf8, 0x3, 0xff, 0xc3, 0xff, 0xc0,
    0x3f, 0xf8, 0x1f, 0xfc, 0x7, 0xff, 0x81, 0xff,
    0xe0, 0x7f, 0xf0, 0xf, 0xfe, 0xf, 0xfe, 0x0,
    0xff, 0xf1, 0xff, 0xe0, 0x7, 0xff, 0x1f, 0xfc,
    0x0, 0x7f, 0xfb, 0xff, 0xc0, 0x3, 0xff, 0xbf,
    0xf8, 0x0, 0x1f, 0xff, 0xff, 0x80, 0x1, 0xff,
    0xff, 0xf0, 0x0, 0xf, 0xff, 0xff, 0x0, 0x0,
    0xff, 0xff, 0xe0, 0x0, 0x7, 0xff, 0xfc, 0x0,
    0x0, 0x7f, 0xff, 0xc0, 0x0, 0x3, 0xff, 0xf8,
    0x0, 0x0, 0x3f, 0xff, 0x80, 0x0, 0x3, 0xff,
    0xf8, 0x0, 0x0, 0x7f, 0xff, 0xc0, 0x0, 0x7,
    0xff, 0xfc, 0x0, 0x0, 0xff, 0xff, 0xe0, 0x0,
    0xf, 0xff, 0xff, 0x0, 0x1, 0xff, 0xff, 0xf0,
    0x0, 0x1f, 0xff, 0xff, 0x80, 0x3, 0xff, 0xbf,
    0xf8, 0x0, 0x7f, 0xfb, 0xff, 0xc0, 0x7, 0xff,
    0x1f, 0xfc, 0x0, 0xff, 0xf1, 0xff, 0xe0, 0xf,
    0xfe, 0xf, 0xfe, 0x1, 0xff, 0xe0, 0xff, 0xf0,
    0x1f, 0xfc, 0x7, 0xff, 0x83, 0xff, 0xc0, 0x3f,
    0xf8, 0x3f, 0xf8, 0x3, 0xff, 0xc7, 0xff, 0x80,
    0x1f, 0xfc, 0xff, 0xf0, 0x1, 0xff, 0xef, 0xff,
    0x0, 0xf, 0xfe,

    /* U+0079 "y" */
    0x7f, 0xf0, 0x0, 0x7f, 0xfb, 0xff, 0xc0, 0x3,
    0xff, 0xdf, 0xfe, 0x0, 0x1f, 0xfe, 0x7f, 0xf0,
    0x0, 0xff, 0xe3, 0xff, 0xc0, 0xf, 0xff, 0x1f,
    0xfe, 0x0, 0x7f, 0xf0, 0x7f, 0xf0, 0x3, 0xff,
    0x83, 0xff, 0x80, 0x3f, 0xfc, 0x1f, 0xfe, 0x1,
    0xff, 0xc0, 0x7f, 0xf0, 0xf, 0xfe, 0x3, 0xff,
    0x80, 0x7f, 0xf0, 0x1f, 0xfe, 0x7, 0xff, 0x0,
    0x7f, 0xf0, 0x3f, 0xf8, 0x3, 0xff, 0x81, 0xff,
    0xc0, 0x1f, 0xfc, 0x1f, 0xfc, 0x0, 0x7f, 0xf0,
    0xff, 0xe0, 0x3, 0xff, 0x87, 0xff, 0x0, 0x1f,
    0xfc, 0x3f, 0xf0, 0x0, 0x7f, 0xe3, 0xff, 0x80,
    0x3, 0xff, 0x9f, 0xfc, 0x0, 0x1f, 0xfc, 0xff,
    0xc0, 0x0, 0x7f, 0xef, 0xfe, 0x0, 0x3, 0xff,
    0xff, 0xf0, 0x0, 0x1f, 0xff, 0xff, 0x0, 0x0,
    0x7f, 0xff, 0xf8, 0x0, 0x3, 0xff, 0xff, 0xc0,
    0x0, 0x1f, 0xff, 0xfc, 0x0, 0x0, 0x7f, 0xff,
    0xe0, 0x0, 0x3, 0xff, 0xff, 0x0, 0x0, 0xf,
    0xff, 0xf0, 0x0, 0x0, 0x7f, 0xff, 0x80, 0x0,
    0x3, 0xff, 0xf8, 0x0, 0x0, 0xf, 0xff, 0xc0,
    0x0, 0x0, 0x7f, 0xfe, 0x0, 0x0, 0x3, 0xff,
    0xe0, 0x0, 0x0, 0xf, 0xff, 0x0, 0x0, 0x0,
    0x7f, 0xf8, 0x0, 0x0, 0x3, 0xff, 0x80, 0x0,
    0x0, 0xf, 0xfc, 0x0, 0x0, 0x0, 0x7f, 0xe0,
    0x0, 0x0, 0x7, 0xfe, 0x0, 0x0, 0x0, 0x3f,
    0xf0, 0x0, 0x0, 0x1, 0xff, 0x80, 0x0, 0x0,
    0x1f, 0xf8, 0x0, 0x0, 0x1, 0xff, 0xc0, 0x0,
    0x0, 0x1f, 0xfe, 0x0, 0x0, 0x1f, 0xff, 0xe0,
    0x0, 0x0, 0xff, 0xff, 0x0, 0x0, 0x7, 0xff,
    0xf0, 0x0, 0x0, 0x3f, 0xff, 0x0, 0x0, 0x1,
    0xff, 0xf8, 0x0, 0x0, 0xf, 0xff, 0x80, 0x0,
    0x0, 0x7f, 0xf0, 0x0, 0x0, 0x3, 0xfe, 0x0,
    0x0, 0x0,

    /* U+007A "z" */
    0x7f, 0xff, 0xff, 0xff, 0x7f, 0xff, 0xff, 0xff,
    0x7f, 0xff, 0xff, 0xff, 0x7f, 0xff, 0xff, 0xff,
    0x7f, 0xff, 0xff, 0xff, 0x7f, 0xff, 0xff, 0xff,
    0x7f, 0xff, 0xff, 0xfe, 0x7f, 0xff, 0xff, 0xfc,
    0x0, 0x0, 0x3f, 0xfc, 0x0, 0x0, 0x7f, 0xf8,
    0x0, 0x0, 0xff, 0xf0, 0x0, 0x0, 0xff, 0xe0,
    0x0, 0x1, 0xff, 0xe0, 0x0, 0x3, 0xff, 0xc0,
    0x0, 0x7, 0xff, 0x80, 0x0, 0x7, 0xff, 0x0,
    0x0, 0xf, 0xff, 0x0, 0x0, 0x1f, 0xfe, 0x0,
    0x0, 0x1f, 0xfc, 0x0, 0x0, 0x3f, 0xf8, 0x0,
    0x0, 0x7f, 0xf8, 0x0, 0x0, 0xff, 0xf0, 0x0,
    0x0, 0xff, 0xe0, 0x0, 0x1, 0xff, 0xc0, 0x0,
    0x3, 0xff, 0xc0, 0x0, 0x7, 0xff, 0x80, 0x0,
    0x7, 0xff, 0x0, 0x0, 0xf, 0xff, 0x0, 0x0,
    0x1f, 0xfe, 0x0, 0x0, 0x3f, 0xfc, 0x0, 0x0,
    0x3f, 0xff, 0xff, 0xff, 0x7f, 0xff, 0xff, 0xff,
    0xff, 0xff, 0xff, 0xff, 0xff, 0xff, 0xff, 0xff,
    0xff, 0xff, 0xff, 0xff, 0xff, 0xff, 0xff, 0xff,
    0xff, 0xff, 0xff, 0xff, 0xff, 0xff, 0xff, 0xff,

    /* U+007B "{" */
    0x0, 0x0, 0xe0, 0x0, 0x1f, 0x80, 0x3, 0xfc,
    0x0, 0x3f, 0xe0, 0x3, 0xff, 0x80, 0x3f, 0xfc,
    0x3, 0xff, 0x80, 0x1f, 0xf8, 0x1, 0xff, 0x80,
    0xf, 0xfc, 0x0, 0x7f, 0xe0, 0x7, 0xfe, 0x0,
    0x3f, 0xf0, 0x1, 0xff, 0x80, 0xf, 0xfc, 0x0,
    0x7f, 0xe0, 0x3, 0xff, 0x0, 0x1f, 0xf8, 0x0,
    0xff, 0xc0, 0x7, 0xfe, 0x0, 0x3f, 0xf0, 0x1,
    0xff, 0x80, 0xf, 0xfc, 0x0, 0x7f, 0xe0, 0x3,
    0xff, 0x0, 0x1f, 0xf8, 0x0, 0xff, 0xc0, 0xf,
    0xfc, 0x0, 0x7f, 0xe0, 0x7, 0xfe, 0x3, 0xff,
    0xf0, 0x1f, 0xff, 0x0, 0xff, 0xf0, 0x7, 0xff,
    0x0, 0x3f, 0xe0, 0x1, 0xff, 0xc0, 0xf, 0xff,
    0x0, 0x7f, 0xfc, 0x0, 0x7f, 0xf0, 0x1, 0xff,
    0xc0, 0x7, 0xfe, 0x0, 0x3f, 0xf0, 0x0, 0xff,
    0xc0, 0x7, 0xfe, 0x0, 0x3f, 0xf0, 0x1, 0xff,
    0x80, 0xf, 0xfc, 0x0, 0x7f, 0xe0, 0x3, 0xff,
    0x0, 0x1f, 0xf8, 0x0, 0xff, 0xc0, 0x7, 0xfe,
    0x0, 0x3f, 0xf0, 0x1, 0xff, 0x80, 0xf, 0xfc,
    0x0, 0x7f, 0xe0, 0x3, 0xff, 0x0, 0xf, 0xfc,
    0x0, 0x7f, 0xe0, 0x3, 0xff, 0x0, 0xf, 0xfc,
    0x0, 0x7f, 0xf0, 0x1, 0xff, 0xc0, 0x7, 0xff,
    0x0, 0x1f, 0xf0, 0x0, 0x7f, 0x80, 0x1, 0xfc,
    0x0, 0x3, 0xc0, 0x0, 0x2, 0x0,

    /* U+007C "|" */
    0xff, 0xff, 0xff, 0xff, 0xff, 0xff, 0xff, 0xff,
    0xff, 0xff, 0xff, 0xff, 0xff, 0xff, 0xff, 0xff,
    0xff, 0xff, 0xff, 0xff, 0xff, 0xff, 0xff, 0xff,
    0xff, 0xff, 0xff, 0xff, 0xff, 0xff, 0xff, 0xff,
    0xff, 0xff, 0xff, 0xff, 0xff, 0xff, 0xff, 0xff,
    0xff, 0xff, 0xff, 0xff, 0xff, 0xfc,

    /* U+007D "}" */
    0x38, 0x0, 0x3, 0xf0, 0x0, 0x1f, 0xe0, 0x0,
    0xff, 0x80, 0xf, 0xfe, 0x0, 0x7f, 0xf8, 0x0,
    0xff, 0xe0, 0x3, 0xff, 0x0, 0x1f, 0xfc, 0x0,
    0x7f, 0xe0, 0x3, 0xff, 0x0, 0xf, 0xf8, 0x0,
    0x7f, 0xe0, 0x3, 0xff, 0x0, 0x1f, 0xf8, 0x0,
    0xff, 0xc0, 0x7, 0xfe, 0x0, 0x3f, 0xf0, 0x1,
    0xff, 0x80, 0xf, 0xfc, 0x0, 0x7f, 0xe0, 0x3,
    0xff, 0x0, 0x1f, 0xf8, 0x0, 0xff, 0xc0, 0x7,
    0xfe, 0x0, 0x3f, 0xf0, 0x1, 0xff, 0x80, 0x7,
    0xfe, 0x0, 0x3f, 0xf0, 0x1, 0xff, 0xc0, 0x7,
    0xff, 0xe0, 0x1f, 0xff, 0x0, 0x7f, 0xf8, 0x1,
    0xff, 0xc0, 0x3, 0xfe, 0x0, 0x7f, 0xf0, 0x7,
    0xff, 0x80, 0x7f, 0xfc, 0x7, 0xff, 0x0, 0x7f,
    0xf0, 0x3, 0xff, 0x0, 0x1f, 0xf8, 0x1, 0xff,
    0x80, 0xf, 0xfc, 0x0, 0x7f, 0xe0, 0x3, 0xff,
    0x0, 0x1f, 0xf8, 0x0, 0xff, 0xc0, 0x7, 0xfe,
    0x0, 0x3f, 0xf0, 0x1, 0xff, 0x80, 0xf, 0xfc,
    0x0, 0x7f, 0xe0, 0x3, 0xff, 0x0, 0x1f, 0xf8,
    0x0, 0xff, 0xc0, 0x7, 0xfe, 0x0, 0x7f, 0xe0,
    0x3, 0xff, 0x0, 0x1f, 0xf8, 0x1, 0xff, 0x80,
    0x1f, 0xfc, 0x1, 0xff, 0xc0, 0x1f, 0xfc, 0x0,
    0x7f, 0xc0, 0x3, 0xfc, 0x0, 0x1f, 0xc0, 0x0,
    0x78, 0x0, 0x2, 0x0, 0x0, 0x0,

    /* U+007E "~" */
    0x0, 0xfe, 0x0, 0x0, 0x0, 0x7, 0xff, 0x0,
    0x3, 0xfc, 0x1f, 0xff, 0x80, 0x7, 0xf8, 0x7f,
    0xff, 0x80, 0xf, 0xf1, 0xff, 0xff, 0x80, 0x3f,
    0xe7, 0xff, 0xff, 0x80, 0x7f, 0xcf, 0xff, 0xff,
    0x81, 0xff, 0x3f, 0xff, 0xff, 0xc7, 0xfe, 0x7f,
    0xe3, 0xff, 0xff, 0xfc, 0xff, 0x1, 0xff, 0xff,
    0xf3, 0xfe, 0x1, 0xff, 0xff, 0xe7, 0xf8, 0x1,
    0xff, 0xff, 0x8f, 0xf0, 0x1, 0xff, 0xfe, 0x1f,
    0xe0, 0x1, 0xff, 0xf8, 0x3f, 0xc0, 0x0, 0xff,
    0xe0, 0x0, 0x0, 0x0, 0x7f, 0x0,

    /* U+00A0 " " */
    0x0,

    /* U+00A1 "¡" */
    0x0, 0x3, 0xfc, 0x7f, 0xe7, 0xfe, 0xff, 0xff,
    0xff, 0xff, 0xff, 0xff, 0x7f, 0xe7, 0xfe, 0x3f,
    0xc0, 0x40, 0x0, 0x0, 0x0, 0x0, 0x0, 0x0,
    0x0, 0x3, 0xfc, 0x7f, 0xc7, 0xfc, 0x7f, 0xe7,
    0xfe, 0x7f, 0xe7, 0xfe, 0x7f, 0xe7, 0xfe, 0x7f,
    0xe7, 0xfe, 0x7f, 0xe7, 0xfe, 0x7f, 0xe7, 0xfe,
    0x7f, 0xe7, 0xfe, 0x7f, 0xe7, 0xfe, 0x7f, 0xe7,
    0xfe, 0x7f, 0xe7, 0xfe, 0x7f, 0xe7, 0xfe, 0x7f,
    0xe7, 0xfe, 0xff, 0xef, 0xfe, 0xff, 0xef, 0xff,
    0xff, 0xff, 0xff, 0xff, 0xff, 0xff,

    /* U+00A2 "¢" */
    0x0, 0x3, 0xf8, 0x0, 0x0, 0x0, 0xfe, 0x0,
    0x0, 0x0, 0x3f, 0x80, 0x0, 0x0, 0xf, 0xe0,
    0x0, 0x0, 0x3, 0xf8, 0x0, 0x0, 0x0, 0xfe,
    0x0, 0x0, 0x0, 0x3f, 0x80, 0x0, 0x0, 0xf,
    0xe0, 0x0, 0x0, 0x3, 0xf8, 0x0, 0x0, 0x7,
    0xff, 0xc0, 0x0, 0x7, 0xff, 0xfe, 0x0, 0x7,
    0xff, 0xff, 0xc0, 0x3, 0xff, 0xff, 0xfc, 0x1,
    0xff, 0xff, 0xff, 0x80, 0xff, 0xff, 0xff, 0xe0,
    0x7f, 0xff, 0xff, 0xfc, 0x1f, 0xff, 0xff, 0xff,
    0x8f, 0xff, 0x1, 0xff, 0xe3, 0xff, 0x80, 0x3f,
    0xf9, 0xff, 0xc0, 0xf, 0xff, 0x7f, 0xf0, 0x1,
    0xff, 0xdf, 0xfc, 0x0, 0x7f, 0xff, 0xfe, 0x0,
    0x1f, 0xff, 0xff, 0x80, 0x0, 0x0, 0xff, 0xe0,
    0x0, 0x0, 0x3f, 0xf8, 0x0, 0x0, 0xf, 0xfe,
    0x0, 0x0, 0x3, 0xff, 0x80, 0x0, 0x0, 0xff,
    0xe0, 0x0, 0x0, 0x3f, 0xf8, 0x0, 0x0, 0xf,
    0xfe, 0x0, 0x0, 0x3, 0xff, 0x80, 0x0, 0x0,
    0xff, 0xe0, 0x0, 0x0, 0x3f, 0xf8, 0x0, 0x0,
    0x7, 0xff, 0x0, 0x1f, 0xfd, 0xff, 0xc0, 0x7,
    0xff, 0x7f, 0xf0, 0x3, 0xff, 0xcf, 0xfe, 0x0,
    0xff, 0xe3, 0xff, 0xc0, 0xff, 0xf8, 0x7f, 0xff,
    0xff, 0xfe, 0x1f, 0xff, 0xff, 0xff, 0x3, 0xff,
    0xff, 0xff, 0x80, 0x7f, 0xff, 0xff, 0xc0, 0xf,
    0xff, 0xff, 0xf0, 0x1, 0xff, 0xff, 0xf0, 0x0,
    0x1f, 0xff, 0xf8, 0x0, 0x1, 0xff, 0xf0, 0x0,
    0x0, 0xf, 0xe0, 0x0, 0x0, 0x3, 0xf8, 0x0,
    0x0, 0x0, 0xfe, 0x0, 0x0, 0x0, 0x3f, 0x80,
    0x0, 0x0, 0xf, 0xe0, 0x0, 0x0, 0x3, 0xf8,
    0x0, 0x0, 0x0, 0xfe, 0x0, 0x0, 0x0, 0x3f,
    0x80, 0x0, 0x0, 0xf, 0xe0, 0x0,

    /* U+00A3 "£" */
    0x0, 0x0, 0x4, 0x0, 0x0, 0x0, 0xf, 0xff,
    0x80, 0x0, 0x1, 0xff, 0xff, 0x0, 0x0, 0x3f,
    0xff, 0xfe, 0x0, 0x3, 0xff, 0xff, 0xf8, 0x0,
    0x3f, 0xff, 0xff, 0xe0, 0x1, 0xff, 0xff, 0xff,
    0x80, 0x1f, 0xff, 0xff, 0xfc, 0x0, 0xff, 0xff,
    0xff, 0xf0, 0xf, 0xff, 0x7, 0xff, 0x80, 0x7f,
    0xf0, 0x1f, 0xfc, 0x7, 0xff, 0x80, 0xff, 0xf0,
    0x3f, 0xf8, 0x3, 0xff, 0x81, 0xff, 0xc0, 0x1f,
    0xfc, 0xf, 0xfe, 0x0, 0xff, 0xe0, 0x7f, 0xf0,
    0x0, 0x0, 0x3, 0xff, 0x80, 0x0, 0x0, 0x1f,
    0xfc, 0x0, 0x0, 0x0, 0xff, 0xe0, 0x0, 0x0,
    0x7, 0xff, 0x0, 0x0, 0x0, 0x3f, 0xf8, 0x0,
    0x0, 0x1, 0xff, 0xc0, 0x0, 0x0, 0xf, 0xfe,
    0x0, 0x0, 0x0, 0x7f, 0xf0, 0x0, 0x0, 0xff,
    0xff, 0xff, 0xe0, 0x7, 0xff, 0xff, 0xff, 0x0,
    0x3f, 0xff, 0xff, 0xf8, 0x1, 0xff, 0xff, 0xff,
    0xc0, 0xf, 0xff, 0xff, 0xfe, 0x0, 0x7f, 0xff,
    0xff, 0xf0, 0x3, 0xff, 0xff, 0xff, 0x80, 0x1f,
    0xff, 0xff, 0xfc, 0x0, 0x3, 0xff, 0x80, 0x0,
    0x0, 0x1f, 0xfc, 0x0, 0x0, 0x0, 0xff, 0xe0,
    0x0, 0x0, 0x7, 0xff, 0x0, 0x0, 0x0, 0x3f,
    0xf8, 0x0, 0x0, 0x1, 0xff, 0xc0, 0x0, 0x0,
    0xf, 0xfe, 0x0, 0x0, 0x0, 0x7f, 0xf0, 0x0,
    0x0, 0x3, 0xff, 0x80, 0x0, 0x0, 0x1f, 0xf8,
    0x0, 0x0, 0x0, 0xff, 0xc0, 0x0, 0x0, 0xf,
    0xfe, 0x0, 0x0, 0x0, 0x7f, 0xe0, 0x0, 0x0,
    0x7f, 0xff, 0xff, 0xff, 0xff, 0xff, 0xff, 0xff,
    0xff, 0xff, 0xff, 0xff, 0xff, 0xff, 0xff, 0xff,
    0xff, 0xff, 0xff, 0xff, 0xff, 0xff, 0xff, 0xff,
    0xff, 0xff, 0xff, 0xff, 0xff, 0xff, 0xff, 0xff,
    0xff, 0xff, 0xff, 0xff, 0xff, 0x80,

    /* U+00A4 "¤" */
    0x8, 0x0, 0x0, 0x0, 0x1, 0x0, 0xe0, 0x3,
    0xff, 0x0, 0x1c, 0xf, 0x80, 0xff, 0xff, 0x1,
    0xf0, 0xfe, 0x1f, 0xff, 0xfe, 0x1f, 0xcf, 0xf9,
    0xff, 0xff, 0xf9, 0xff, 0x3f, 0xff, 0xff, 0xff,
    0xff, 0xf8, 0xff, 0xff, 0xff, 0xff, 0xff, 0x83,
    0xff, 0xf8, 0x7, 0xff, 0xf8, 0xf, 0xff, 0x0,
    0xf, 0xff, 0x80, 0x3f, 0xe0, 0x0, 0x1f, 0xf8,
    0x1, 0xfe, 0x0, 0x0, 0x7f, 0x80, 0x1f, 0xe0,
    0x0, 0x1, 0xfe, 0x0, 0xfe, 0x0, 0x0, 0x7,
    0xf0, 0xf, 0xe0, 0x0, 0x0, 0x1f, 0xc0, 0x7e,
    0x0, 0x0, 0x0, 0x7e, 0x7, 0xf0, 0x0, 0x0,
    0x3, 0xf8, 0x3f, 0x0, 0x0, 0x0, 0xf, 0xc1,
    0xf8, 0x0, 0x0, 0x0, 0x7e, 0x1f, 0xc0, 0x0,
    0x0, 0x3, 0xf8, 0xfc, 0x0, 0x0, 0x0, 0xf,
    0xc7, 0xe0, 0x0, 0x0, 0x0, 0x7e, 0x3f, 0x0,
    0x0, 0x0, 0x3, 0xf1, 0xf8, 0x0, 0x0, 0x0,
    0x1f, 0x8f, 0xc0, 0x0, 0x0, 0x0, 0xfc, 0x7e,
    0x0, 0x0, 0x0, 0x7, 0xe3, 0xf0, 0x0, 0x0,
    0x0, 0x3f, 0x1f, 0x80, 0x0, 0x0, 0x1, 0xf8,
    0xfc, 0x0, 0x0, 0x0, 0x1f, 0xc3, 0xf0, 0x0,
    0x0, 0x0, 0xfc, 0x1f, 0x80, 0x0, 0x0, 0x7,
    0xe0, 0xfe, 0x0, 0x0, 0x0, 0x7f, 0x7, 0xf0,
    0x0, 0x0, 0x3, 0xf8, 0x1f, 0xc0, 0x0, 0x0,
    0x3f, 0x80, 0xfe, 0x0, 0x0, 0x1, 0xfc, 0x3,
    0xf8, 0x0, 0x0, 0x1f, 0xc0, 0x1f, 0xe0, 0x0,
    0x1, 0xfe, 0x0, 0xff, 0x80, 0x0, 0x1f, 0xf0,
    0xf, 0xff, 0x0, 0x3, 0xff, 0xc0, 0xff, 0xfe,
    0x0, 0x7f, 0xff, 0xf, 0xff, 0xff, 0xff, 0xff,
    0xfc, 0xff, 0xff, 0xff, 0xff, 0xff, 0xf7, 0xfd,
    0xff, 0xff, 0xfe, 0xff, 0x9f, 0xc7, 0xff, 0xff,
    0xe3, 0xf8, 0x7c, 0xf, 0xff, 0xfc, 0xf, 0x81,
    0xc0, 0xf, 0xff, 0x0, 0x38, 0x4, 0x0, 0x3,
    0x0, 0x0, 0x80,

    /* U+00A5 "¥" */
    0xff, 0xf0, 0x0, 0x3f, 0xfd, 0xff, 0xc0, 0x1,
    0xff, 0xe7, 0xff, 0x80, 0x7, 0xff, 0x8f, 0xfe,
    0x0, 0x3f, 0xfe, 0x3f, 0xf8, 0x0, 0xff, 0xf0,
    0xff, 0xf0, 0x3, 0xff, 0xc1, 0xff, 0xc0, 0x1f,
    0xfe, 0x7, 0xff, 0x0, 0x7f, 0xf8, 0xf, 0xfe,
    0x1, 0xff, 0xc0, 0x3f, 0xf8, 0xf, 0xff, 0x0,
    0x7f, 0xe0, 0x3f, 0xf8, 0x1, 0xff, 0xc0, 0xff,
    0xe0, 0x7, 0xff, 0x7, 0xff, 0x0, 0xf, 0xfc,
    0x1f, 0xfc, 0x0, 0x3f, 0xf8, 0xff, 0xf0, 0x0,
    0x7f, 0xe3, 0xff, 0x80, 0x1, 0xff, 0xcf, 0xfe,
    0x0, 0x7, 0xff, 0x7f, 0xf0, 0x0, 0xf, 0xfd,
    0xff, 0xc0, 0x0, 0x3f, 0xff, 0xfe, 0x0, 0x0,
    0x7f, 0xff, 0xf8, 0x0, 0x1, 0xff, 0xff, 0xc0,
    0x0, 0x3, 0xff, 0xff, 0x0, 0x0, 0xf, 0xff,
    0xf8, 0x0, 0x0, 0x3f, 0xff, 0xe0, 0x0, 0x0,
    0x7f, 0xff, 0x80, 0x3, 0xff, 0xff, 0xff, 0xfe,
    0xf, 0xff, 0xff, 0xff, 0xf8, 0x3f, 0xff, 0xff,
    0xff, 0xe0, 0xff, 0xff, 0xff, 0xff, 0x83, 0xff,
    0xff, 0xff, 0xfe, 0xf, 0xff, 0xff, 0xff, 0xf8,
    0x0, 0x7, 0xff, 0x0, 0x0, 0x0, 0x1f, 0xfc,
    0x0, 0x0, 0x0, 0x7f, 0xf0, 0x0, 0x0, 0x1,
    0xff, 0xc0, 0x0, 0x3f, 0xff, 0xff, 0xff, 0xe0,
    0xff, 0xff, 0xff, 0xff, 0x83, 0xff, 0xff, 0xff,
    0xfe, 0xf, 0xff, 0xff, 0xff, 0xf8, 0x3f, 0xff,
    0xff, 0xff, 0xe0, 0xff, 0xff, 0xff, 0xff, 0x80,
    0x0, 0x7f, 0xf0, 0x0, 0x0, 0x1, 0xff, 0xc0,
    0x0, 0x0, 0x7, 0xff, 0x0, 0x0, 0x0, 0x1f,
    0xfc, 0x0, 0x0, 0x0, 0x7f, 0xf0, 0x0, 0x0,
    0x1, 0xff, 0xc0, 0x0, 0x0, 0x7, 0xff, 0x0,
    0x0, 0x0, 0x1f, 0xfc, 0x0, 0x0, 0x0, 0x7f,
    0xf0, 0x0, 0x0, 0x1, 0xff, 0xc0, 0x0,

    /* U+00A6 "¦" */
    0xff, 0xff, 0xff, 0xff, 0xff, 0xff, 0xff, 0xff,
    0xff, 0xff, 0xff, 0xff, 0xff, 0xff, 0xff, 0xff,
    0xff, 0xff, 0xff, 0xff, 0xff, 0xff, 0xff, 0xff,
    0xff, 0xff, 0xff, 0xff, 0xff, 0xff, 0xff, 0xff,
    0xff, 0xfc, 0x0, 0x0, 0x0, 0x0, 0x0, 0x0,
    0x0, 0x3f, 0xff, 0xff, 0xff, 0xff, 0xff, 0xff,
    0xff, 0xff, 0xff, 0xff, 0xff, 0xff, 0xff, 0xff,
    0xff, 0xff, 0xff, 0xff, 0xff, 0xff, 0xff, 0xff,
    0xff, 0xff, 0xff, 0xff, 0xff, 0xff, 0xff, 0xff,
    0xff, 0xff, 0xff, 0xff, 0xc0,

    /* U+00A7 "§" */
    0x0, 0x0, 0x0, 0x0, 0x0, 0x0, 0x1f, 0xff,
    0xc0, 0x0, 0x1, 0xff, 0xff, 0xf0, 0x0, 0xf,
    0xff, 0xff, 0xf8, 0x0, 0x3f, 0xff, 0xff, 0xf8,
    0x0, 0xff, 0xff, 0xff, 0xf8, 0x3, 0xff, 0xff,
    0xff, 0xf8, 0xf, 0xff, 0xff, 0xff, 0xf8, 0x3f,
    0xff, 0xff, 0xff, 0xf0, 0x7f, 0xfc, 0x1, 0xff,
    0xf1, 0xff, 0xe0, 0x1, 0xff, 0xe3, 0xff, 0x80,
    0x1, 0xff, 0xe7, 0xff, 0x0, 0x3, 0xff, 0xcf,
    0xfe, 0x0, 0x3, 0xff, 0x9f, 0xfc, 0x0, 0x7,
    0xff, 0x3f, 0xf8, 0x0, 0x0, 0x0, 0x7f, 0xf8,
    0x0, 0x0, 0x0, 0xff, 0xf8, 0x0, 0x0, 0x0,
    0xff, 0xfc, 0x0, 0x0, 0x1, 0xff, 0xff, 0x0,
    0x0, 0x3, 0xff, 0xff, 0xe0, 0x0, 0x3, 0xff,
    0xff, 0xf8, 0x0, 0x3, 0xff, 0xff, 0xfe, 0x0,
    0x3, 0xff, 0xff, 0xff, 0x0, 0x3, 0xff, 0xff,
    0xff, 0x80, 0xf, 0xff, 0xff, 0xff, 0x80, 0x7f,
    0xff, 0xff, 0xff, 0x81, 0xff, 0xff, 0xff, 0xff,
    0x83, 0xff, 0xbf, 0xff, 0xff, 0x8f, 0xfe, 0xf,
    0xff, 0xff, 0x9f, 0xf8, 0x3, 0xff, 0xff, 0x7f,
    0xf0, 0x0, 0xff, 0xfe, 0xff, 0xe0, 0x0, 0x7f,
    0xff, 0xff, 0xc0, 0x0, 0x7f, 0xff, 0xff, 0x80,
    0x0, 0x7f, 0xff, 0xff, 0x80, 0x0, 0x7f, 0xff,
    0xff, 0x0, 0x0, 0xff, 0xff, 0xff, 0x80, 0x1,
    0xff, 0xdf, 0xff, 0xc0, 0x3, 0xff, 0xbf, 0xff,
    0xf0, 0xf, 0xfe, 0x7f, 0xff, 0xfc, 0x1f, 0xfc,
    0x7f, 0xff, 0xff, 0x7f, 0xf0, 0x7f, 0xff, 0xff,
    0xff, 0xe0, 0x7f, 0xff, 0xff, 0xff, 0x80, 0x7f,
    0xff, 0xff, 0xfe, 0x0, 0x7f, 0xff, 0xff, 0xf8,
    0x0, 0x3f, 0xff, 0xff, 0xf8, 0x0, 0xf, 0xff,
    0xff, 0xf8, 0x0, 0x7, 0xff, 0xff, 0xf0, 0x0,
    0x0, 0xff, 0xff, 0xf0, 0x0, 0x0, 0x3f, 0xff,
    0xe0, 0x0, 0x0, 0xf, 0xff, 0xc0, 0x0, 0x0,
    0x7, 0xff, 0xc0, 0x0, 0x0, 0x7, 0xff, 0x80,
    0x0, 0x0, 0x7, 0xff, 0x7f, 0xf0, 0x0, 0xf,
    0xfe, 0xff, 0xe0, 0x0, 0x1f, 0xfd, 0xff, 0xe0,
    0x0, 0x3f, 0xfb, 0xff, 0xc0, 0x0, 0xff, 0xf3,
    0xff, 0xc0, 0x3, 0xff, 0xc7, 0xff, 0xf0, 0x1f,
    0xff, 0x87, 0xff, 0xff, 0xff, 0xff, 0xf, 0xff,
    0xff, 0xff, 0xfc, 0xf, 0xff, 0xff, 0xff, 0xf0,
    0xf, 0xff, 0xff, 0xff, 0xc0, 0xf, 0xff, 0xff,
    0xff, 0x0, 0x7, 0xff, 0xff, 0xf8, 0x0, 0x3,
    0xff, 0xff, 0xc0, 0x0, 0x0, 0x7f, 0xf8, 0x0,
    0x0,

    /* U+00A8 "¨" */
    0x1e, 0x0, 0x7, 0x87, 0xf8, 0x1, 0xfe, 0xff,
    0xc0, 0x3f, 0xff, 0xfc, 0x3, 0xff, 0xff, 0xc0,
    0x3f, 0xff, 0xfc, 0x3, 0xff, 0x7f, 0x80, 0x1f,
    0xe3, 0xf0, 0x0, 0xf8,

    /* U+00A9 "©" */
    0x0, 0x0, 0xf, 0xfc, 0x0, 0x0, 0x0, 0x0,
    0x3f, 0xff, 0xe0, 0x0, 0x0, 0x0, 0x3f, 0xff,
    0xff, 0x0, 0x0, 0x0, 0x3f, 0xff, 0xff, 0xf0,
    0x0, 0x0, 0x1f, 0xf0, 0x7, 0xfe, 0x0, 0x0,
    0xf, 0xe0, 0x0, 0x1f, 0xc0, 0x0, 0xf, 0xe0,
    0x0, 0x1, 0xfc, 0x0, 0x7, 0xf0, 0x0, 0x0,
    0x3f, 0x80, 0x3, 0xf0, 0x0, 0x0, 0x3, 0xe0,
    0x0, 0xf8, 0x0, 0x0, 0x0, 0x7c, 0x0, 0x7c,
    0x0, 0x0, 0x0, 0xf, 0x80, 0x3e, 0x0, 0x1f,
    0xc0, 0x1, 0xf0, 0xf, 0x0, 0x3f, 0xfe, 0x0,
    0x3c, 0x7, 0xc0, 0x1f, 0xff, 0xc0, 0xf, 0x81,
    0xe0, 0xf, 0xff, 0xfc, 0x1, 0xe0, 0xf8, 0x7,
    0xff, 0xff, 0x0, 0x7c, 0x3c, 0x3, 0xf8, 0x1f,
    0xe0, 0xf, 0x1f, 0x1, 0xfc, 0x1, 0xf8, 0x3,
    0xe7, 0x80, 0x7e, 0x0, 0x3f, 0x0, 0x79, 0xe0,
    0x1f, 0x0, 0x7, 0xc0, 0x1e, 0x78, 0xf, 0xc0,
    0x1, 0xf0, 0x7, 0xbc, 0x3, 0xe0, 0x0, 0x7c,
    0x0, 0xff, 0x0, 0xf8, 0x0, 0x0, 0x0, 0x3f,
    0xc0, 0x3e, 0x0, 0x0, 0x0, 0xf, 0xf0, 0xf,
    0x80, 0x0, 0x0, 0x3, 0xfc, 0x3, 0xe0, 0x0,
    0x0, 0x0, 0xff, 0x0, 0xf8, 0x0, 0x0, 0x0,
    0x3f, 0xc0, 0x3e, 0x0, 0x0, 0x0, 0xf, 0xf0,
    0xf, 0x80, 0x0, 0x0, 0x3, 0xfc, 0x3, 0xe0,
    0x0, 0x0, 0x0, 0xff, 0x0, 0xf8, 0x0, 0x0,
    0x0, 0x3f, 0xc0, 0x3e, 0x0, 0x0, 0x0, 0x1f,
    0x78, 0xf, 0x80, 0x1, 0xf0, 0x7, 0x9e, 0x1,
    0xf0, 0x0, 0x7c, 0x1, 0xe7, 0x80, 0x7c, 0x0,
    0x1f, 0x0, 0x79, 0xf0, 0x1f, 0x80, 0xf, 0x80,
    0x3e, 0x3c, 0x3, 0xf0, 0x7, 0xe0, 0xf, 0xf,
    0x80, 0x7f, 0x3, 0xf8, 0x7, 0xc1, 0xe0, 0xf,
    0xff, 0xfc, 0x1, 0xe0, 0x7c, 0x1, 0xff, 0xfe,
    0x0, 0xf8, 0xf, 0x0, 0x3f, 0xfe, 0x0, 0x3c,
    0x3, 0xe0, 0x3, 0xfc, 0x0, 0x1f, 0x0, 0x7c,
    0x0, 0x0, 0x0, 0xf, 0x80, 0xf, 0x80, 0x0,
    0x0, 0x7, 0xc0, 0x1, 0xf0, 0x0, 0x0, 0x3,
    0xe0, 0x0, 0x7f, 0x0, 0x0, 0x3, 0xf8, 0x0,
    0xf, 0xe0, 0x0, 0x1, 0xf8, 0x0, 0x0, 0xfe,
    0x0, 0x1, 0xfc, 0x0, 0x0, 0x1f, 0xf8, 0x3,
    0xfe, 0x0, 0x0, 0x3, 0xff, 0xff, 0xfe, 0x0,
    0x0, 0x0, 0x3f, 0xff, 0xff, 0x0, 0x0, 0x0,
    0x3, 0xff, 0xfe, 0x0, 0x0, 0x0, 0x0, 0xf,
    0xfc, 0x0, 0x0, 0x0,

    /* U+00AA "ª" */
    0x0, 0xff, 0x0, 0xf, 0xff, 0x80, 0x3f, 0xff,
    0x80, 0xff, 0xff, 0x83, 0xff, 0xff, 0x8f, 0xf0,
    0x7f, 0x1f, 0xc0, 0x7f, 0x3f, 0x0, 0x7e, 0x0,
    0x0, 0xfc, 0x0, 0x1, 0xf8, 0x0, 0x3, 0xf0,
    0xf, 0xff, 0xe0, 0xff, 0xff, 0xc7, 0xff, 0xff,
    0x9f, 0xff, 0xff, 0x3f, 0xc0, 0x7e, 0xfe, 0x0,
    0xfd, 0xf8, 0x1, 0xfb, 0xf0, 0x3, 0xf7, 0xe0,
    0x7, 0xef, 0xc0, 0x1f, 0xdf, 0xe0, 0xff, 0x9f,
    0xff, 0xff, 0x3f, 0xff, 0xfe, 0x3f, 0xff, 0xfc,
    0x3f, 0xfc, 0xfc, 0x1f, 0xc1, 0xf8,

    /* U+00AB "«" */
    0x0, 0x3f, 0x80, 0xfe, 0x0, 0xfe, 0x3, 0xf8,
    0x3, 0xfc, 0xf, 0xf0, 0x7, 0xf0, 0x1f, 0xc0,
    0x1f, 0xc0, 0x7f, 0x0, 0x7f, 0x81, 0xfe, 0x0,
    0xfe, 0x3, 0xf8, 0x3, 0xfc, 0xf, 0xf0, 0xf,
    0xf0, 0x3f, 0xc0, 0x3f, 0xc0, 0xff, 0x0, 0x7f,
    0x81, 0xfe, 0x1, 0xfe, 0x7, 0xf8, 0x7, 0xfc,
    0x1f, 0xf0, 0x1f, 0xf0, 0x3f, 0xc0, 0x1f, 0xf0,
    0x3f, 0xc0, 0x1f, 0xe0, 0x7f, 0x80, 0x1f, 0xe0,
    0x7f, 0x80, 0x3f, 0xc0, 0xff, 0x0, 0x3f, 0xc0,
    0xff, 0x0, 0x3f, 0x80, 0xfe, 0x0, 0x7f, 0x81,
    0xfe, 0x0, 0x7f, 0x1, 0xfe, 0x0, 0x7f, 0x1,
    0xfc, 0x0, 0xff, 0x3, 0xfc, 0x0, 0xfe, 0x3,
    0xf8, 0x0, 0xfe, 0x3, 0xf8, 0x1, 0xfc, 0x7,
    0xf0, 0x1, 0xfc, 0x7, 0xf0,

    /* U+00AC "¬" */
    0xff, 0xff, 0xff, 0xff, 0xff, 0xff, 0xff, 0xff,
    0xff, 0xff, 0xff, 0xff, 0xff, 0xff, 0xff, 0xff,
    0xff, 0xff, 0xff, 0xff, 0xff, 0xff, 0xf0, 0x0,
    0x0, 0x1f, 0xc0, 0x0, 0x0, 0x7f, 0x0, 0x0,
    0x1, 0xfc, 0x0, 0x0, 0x7, 0xf0, 0x0, 0x0,
    0x1f, 0xc0, 0x0, 0x0, 0x7f, 0x0, 0x0, 0x1,
    0xfc, 0x0, 0x0, 0x7, 0xf0, 0x0, 0x0, 0x1f,
    0xc0,

    /* U+00AD "­" */
    0xff, 0xff, 0xff, 0xff, 0xff, 0xff, 0xff, 0xff,
    0xff, 0xff, 0xff, 0xff, 0xff, 0xff, 0xff, 0xff,
    0xff, 0xff, 0xff, 0xff,

    /* U+00AE "®" */
    0x0, 0x0, 0xf, 0xfc, 0x0, 0x0, 0x0, 0x0,
    0x3f, 0xff, 0xe0, 0x0, 0x0, 0x0, 0x3f, 0xff,
    0xff, 0x0, 0x0, 0x0, 0x3f, 0xff, 0xff, 0xf0,
    0x0, 0x0, 0x1f, 0xf0, 0x7, 0xfe, 0x0, 0x0,
    0xf, 0xe0, 0x0, 0x1f, 0xc0, 0x0, 0xf, 0xe0,
    0x0, 0x1, 0xfc, 0x0, 0x7, 0xf0, 0x0, 0x0,
    0x3f, 0x80, 0x3, 0xf0, 0x0, 0x0, 0x3, 0xe0,
    0x0, 0xf8, 0x0, 0x0, 0x0, 0x7c, 0x0, 0x7c,
    0x0, 0x0, 0x0, 0xf, 0x80, 0x3e, 0x7, 0xff,
    0xe0, 0x1, 0xf0, 0xf, 0x1, 0xff, 0xff, 0x0,
    0x3c, 0x7, 0xc0, 0x7f, 0xff, 0xe0, 0xf, 0x81,
    0xe0, 0x1f, 0xff, 0xfc, 0x1, 0xe0, 0xf8, 0x7,
    0xc0, 0x3f, 0x80, 0x7c, 0x3c, 0x1, 0xf0, 0x3,
    0xe0, 0xf, 0x1f, 0x0, 0x7c, 0x0, 0x7c, 0x3,
    0xe7, 0x80, 0x1f, 0x0, 0x1f, 0x0, 0x79, 0xe0,
    0x7, 0xc0, 0x7, 0xc0, 0x1e, 0x78, 0x1, 0xf0,
    0x1, 0xf0, 0x7, 0xbc, 0x0, 0x7c, 0x0, 0x7c,
    0x0, 0xff, 0x0, 0x1f, 0x0, 0x3f, 0x0, 0x3f,
    0xc0, 0x7, 0xc0, 0xf, 0x80, 0xf, 0xf0, 0x1,
    0xf0, 0xf, 0xc0, 0x3, 0xfc, 0x0, 0x7f, 0xff,
    0xe0, 0x0, 0xff, 0x0, 0x1f, 0xff, 0xf8, 0x0,
    0x3f, 0xc0, 0x7, 0xff, 0xff, 0x0, 0xf, 0xf0,
    0x1, 0xff, 0xff, 0xe0, 0x3, 0xfc, 0x0, 0x7c,
    0x1, 0xf8, 0x0, 0xff, 0x0, 0x1f, 0x0, 0x3e,
    0x0, 0x3f, 0xc0, 0x7, 0xc0, 0x7, 0xc0, 0x1f,
    0x78, 0x1, 0xf0, 0x1, 0xf0, 0x7, 0x9e, 0x0,
    0x7c, 0x0, 0x7c, 0x1, 0xe7, 0x80, 0x1f, 0x0,
    0x1f, 0x0, 0x79, 0xf0, 0x7, 0xc0, 0x7, 0xc0,
    0x3e, 0x3c, 0x1, 0xf0, 0x1, 0xf0, 0xf, 0xf,
    0x80, 0x7c, 0x0, 0x7c, 0x7, 0xc1, 0xe0, 0x1f,
    0x0, 0x1f, 0x1, 0xe0, 0x7c, 0x7, 0xc0, 0x7,
    0xc0, 0xf8, 0xf, 0x1, 0xf0, 0x1, 0xf0, 0x3c,
    0x3, 0xe0, 0x0, 0x0, 0x0, 0x1f, 0x0, 0x7c,
    0x0, 0x0, 0x0, 0xf, 0x80, 0xf, 0x80, 0x0,
    0x0, 0x7, 0xc0, 0x1, 0xf0, 0x0, 0x0, 0x3,
    0xe0, 0x0, 0x7f, 0x0, 0x0, 0x3, 0xf8, 0x0,
    0xf, 0xe0, 0x0, 0x1, 0xf8, 0x0, 0x0, 0xfe,
    0x0, 0x1, 0xfc, 0x0, 0x0, 0x1f, 0xf8, 0x3,
    0xfe, 0x0, 0x0, 0x3, 0xff, 0xff, 0xfe, 0x0,
    0x0, 0x0, 0x3f, 0xff, 0xff, 0x0, 0x0, 0x0,
    0x3, 0xff, 0xfe, 0x0, 0x0, 0x0, 0x0, 0xf,
    0xfc, 0x0, 0x0, 0x0,

    /* U+00AF "¯" */
    0xff, 0xff, 0xff, 0xff, 0xff, 0xff, 0xff, 0xff,
    0xff, 0xff, 0xff, 0xff, 0xff, 0xff, 0xff, 0xff,
    0xff, 0xff,

    /* U+00B0 "°" */
    0x1, 0xf8, 0x1, 0xff, 0xc0, 0x7f, 0xfc, 0x1f,
    0xff, 0xc7, 0xff, 0xfc, 0xfe, 0x1f, 0xbf, 0x1,
    0xff, 0xc0, 0x1f, 0xf8, 0x3, 0xff, 0x0, 0x7f,
    0xe0, 0xf, 0xfc, 0x1, 0xff, 0xc0, 0x7e, 0xfe,
    0x1f, 0x9f, 0xff, 0xf1, 0xff, 0xfc, 0x1f, 0xff,
    0x1, 0xff, 0xc0, 0xf, 0xe0, 0x0,

    /* U+00B1 "±" */
    0x0, 0x1f, 0xf8, 0x0, 0x0, 0xf, 0xfc, 0x0,
    0x0, 0x7, 0xfe, 0x0, 0x0, 0x3, 0xff, 0x0,
    0x0, 0x1, 0xff, 0x80, 0x0, 0x0, 0xff, 0xc0,
    0x0, 0x0, 0x7f, 0xe0, 0x0, 0x0, 0x3f, 0xf0,
    0x0, 0x0, 0x1f, 0xf8, 0x0, 0x0, 0xf, 0xfc,
    0x0, 0x0, 0x7, 0xfe, 0x0, 0x0, 0x3, 0xff,
    0x0, 0x0, 0x1, 0xff, 0x80, 0x7, 0xff, 0xff,
    0xff, 0xff, 0xff, 0xff, 0xff, 0xff, 0xff, 0xff,
    0xff, 0xff, 0xff, 0xff, 0xff, 0xff, 0xff, 0xff,
    0xff, 0xff, 0xff, 0xff, 0xff, 0xff, 0xff, 0xff,
    0xff, 0xff, 0xff, 0xff, 0xff, 0xff, 0xf8, 0x0,
    0xff, 0xc0, 0x0, 0x0, 0x7f, 0xe0, 0x0, 0x0,
    0x3f, 0xf0, 0x0, 0x0, 0x1f, 0xf8, 0x0, 0x0,
    0xf, 0xfc, 0x0, 0x0, 0x7, 0xfe, 0x0, 0x0,
    0x3, 0xff, 0x0, 0x0, 0x1, 0xff, 0x80, 0x0,
    0x0, 0xff, 0xc0, 0x0, 0x0, 0x7f, 0xe0, 0x0,
    0x0, 0x3f, 0xf0, 0x0, 0x0, 0x1f, 0xf8, 0x0,
    0x0, 0xf, 0xfc, 0x0, 0x0, 0x0, 0x0, 0x0,
    0x0, 0x0, 0x0, 0x0, 0x0, 0x0, 0x0, 0x0,
    0x0, 0x0, 0x0, 0x0, 0x1, 0xff, 0xff, 0xff,
    0xfc, 0xff, 0xff, 0xff, 0xfe, 0x7f, 0xff, 0xff,
    0xff, 0x3f, 0xff, 0xff, 0xff, 0x9f, 0xff, 0xff,
    0xff, 0xcf, 0xff, 0xff, 0xff, 0xe7, 0xff, 0xff,
    0xff, 0xf3, 0xff, 0xff, 0xff, 0xf8,

    /* U+00B2 "²" */
    0x1, 0xfe, 0x0, 0xf, 0xff, 0x80, 0x7f, 0xff,
    0x81, 0xff, 0xff, 0x83, 0xff, 0xff, 0x8f, 0xff,
    0xff, 0x1f, 0xe0, 0xff, 0x7f, 0x80, 0xfe, 0xfe,
    0x1, 0xfd, 0xfc, 0x3, 0xf8, 0x0, 0xf, 0xf0,
    0x0, 0x1f, 0xe0, 0x0, 0x7f, 0x80, 0x1, 0xfe,
    0x0, 0x7, 0xfc, 0x0, 0x1f, 0xf0, 0x0, 0x7f,
    0x80, 0x3, 0xfe, 0x0, 0xf, 0xf8, 0x0, 0x3f,
    0xe0, 0x0, 0xff, 0x0, 0x3, 0xfc, 0x0, 0xf,
    0xff, 0xff, 0xbf, 0xff, 0xff, 0x7f, 0xff, 0xfe,
    0xff, 0xff, 0xfd, 0xff, 0xff, 0xfb, 0xff, 0xff,
    0xf0,

    /* U+00B3 "³" */
    0x1, 0xff, 0x0, 0xf, 0xff, 0x80, 0x7f, 0xff,
    0xc1, 0xff, 0xff, 0xc3, 0xff, 0xff, 0x8f, 0xff,
    0xff, 0x9f, 0xe0, 0xff, 0x3f, 0x80, 0xfe, 0x0,
    0x1, 0xfc, 0x0, 0x3, 0xf8, 0x0, 0xf, 0xe0,
    0x7, 0xff, 0x80, 0xf, 0xfe, 0x0, 0x1f, 0xf0,
    0x0, 0x3f, 0xfc, 0x0, 0x7f, 0xfc, 0x0, 0x1,
    0xfc, 0x0, 0x1, 0xfc, 0x0, 0x3, 0xff, 0xf0,
    0x7, 0xff, 0xf0, 0x1f, 0xff, 0xf0, 0x7f, 0xdf,
    0xff, 0xff, 0xbf, 0xff, 0xfe, 0x3f, 0xff, 0xf8,
    0x3f, 0xff, 0xe0, 0x3f, 0xff, 0x80, 0xf, 0xf8,
    0x0,

    /* U+00B4 "´" */
    0x1, 0xff, 0xe0, 0x7f, 0xf8, 0xf, 0xfe, 0x3,
    0xff, 0x80, 0xff, 0xe0, 0x1f, 0xf8, 0x7, 0xfe,
    0x0, 0xff, 0x80, 0x3f, 0xf0, 0xf, 0xfc, 0x1,
    0xff, 0x0, 0x0,

    /* U+00B5 "µ" */
    0xff, 0xe0, 0x0, 0xff, 0xff, 0xfc, 0x0, 0x1f,
    0xff, 0xff, 0x80, 0x3, 0xff, 0xff, 0xf0, 0x0,
    0x7f, 0xff, 0xfe, 0x0, 0xf, 0xff, 0xff, 0xc0,
    0x1, 0xff, 0xff, 0xf8, 0x0, 0x3f, 0xff, 0xff,
    0x0, 0x7, 0xff, 0xff, 0xe0, 0x0, 0xff, 0xff,
    0xfc, 0x0, 0x1f, 0xff, 0xff, 0x80, 0x3, 0xff,
    0xff, 0xf0, 0x0, 0x7f, 0xff, 0xfe, 0x0, 0xf,
    0xff, 0xff, 0xc0, 0x1, 0xff, 0xff, 0xf8, 0x0,
    0x3f, 0xff, 0xff, 0x0, 0x7, 0xff, 0xff, 0xe0,
    0x0, 0xff, 0xff, 0xfc, 0x0, 0x1f, 0xff, 0xff,
    0x80, 0x3, 0xff, 0xff, 0xf0, 0x0, 0x7f, 0xff,
    0xfe, 0x0, 0xf, 0xff, 0xff, 0xc0, 0x1, 0xff,
    0xff, 0xf8, 0x0, 0x3f, 0xff, 0xff, 0x0, 0x7,
    0xff, 0xff, 0xe0, 0x0, 0xff, 0xff, 0xfc, 0x0,
    0x1f, 0xff, 0xff, 0x80, 0x3, 0xff, 0xff, 0xf8,
    0x0, 0x7f, 0xff, 0xff, 0x0, 0x1f, 0xff, 0xff,
    0xf0, 0xf, 0xff, 0xff, 0xff, 0xff, 0xff, 0xff,
    0xff, 0xff, 0xff, 0xff, 0xff, 0xff, 0xff, 0xff,
    0xff, 0xff, 0xff, 0xff, 0xff, 0xff, 0xff, 0xff,
    0xff, 0xff, 0xff, 0xff, 0xff, 0xff, 0xff, 0xff,
    0xe7, 0xff, 0xff, 0xdf, 0xf8, 0xff, 0xff, 0xf8,
    0x20, 0x0, 0x7, 0xff, 0x0, 0x0, 0x0, 0xff,
    0xe0, 0x0, 0x0, 0x1f, 0xfc, 0x0, 0x0, 0x3,
    0xff, 0x80, 0x0, 0x0, 0x7f, 0xf0, 0x0, 0x0,
    0xf, 0xfe, 0x0, 0x0, 0x1, 0xff, 0xc0, 0x0,
    0x0, 0x3f, 0xf8, 0x0, 0x0, 0x7, 0xff, 0x0,
    0x0, 0x0, 0xff, 0xe0, 0x0, 0x0, 0x1f, 0xfc,
    0x0, 0x0, 0x3, 0xff, 0x80, 0x0, 0x0, 0x7f,
    0xf0, 0x0, 0x0, 0xf, 0xfe, 0x0, 0x0, 0x0,

    /* U+00B6 "¶" */
    0x0, 0xf, 0xff, 0xf0, 0x7, 0xff, 0xff, 0x1,
    0xff, 0xff, 0xf0, 0x3f, 0xff, 0xff, 0x7, 0xff,
    0xff, 0xf0, 0xff, 0xff, 0xff, 0x1f, 0xff, 0xff,
    0xf3, 0xff, 0xff, 0xff, 0x3f, 0xff, 0xff, 0xf7,
    0xff, 0xff, 0xff, 0x7f, 0xff, 0xff, 0xf7, 0xff,
    0xff, 0xff, 0xff, 0xff, 0xff, 0xff, 0xff, 0xff,
    0xff, 0xff, 0xff, 0xff, 0xff, 0xff, 0xff, 0xff,
    0xff, 0xff, 0xff, 0xff, 0xff, 0xff, 0xff, 0xff,
    0xff, 0xff, 0xff, 0xff, 0xff, 0xff, 0xff, 0xff,
    0xff, 0xf7, 0xff, 0xff, 0xff, 0x7f, 0xff, 0xff,
    0xf7, 0xff, 0xff, 0xff, 0x3f, 0xff, 0xff, 0xf3,
    0xff, 0xff, 0xff, 0x1f, 0xff, 0xff, 0xf0, 0xff,
    0xff, 0xff, 0x7, 0xff, 0xff, 0xf0, 0x3f, 0xff,
    0xff, 0x1, 0xff, 0xff, 0xf0, 0x7, 0xff, 0xff,
    0x0, 0xf, 0xff, 0xf0, 0x0, 0x0, 0xff, 0x0,
    0x0, 0xf, 0xf0, 0x0, 0x0, 0xff, 0x0, 0x0,
    0xf, 0xf0, 0x0, 0x0, 0xff, 0x0, 0x0, 0xf,
    0xf0, 0x0, 0x0, 0xff, 0x0, 0x0, 0xf, 0xf0,
    0x0, 0x0, 0xff, 0x0, 0x0, 0xf, 0xf0, 0x0,
    0x0, 0xff, 0x0, 0x0, 0xf, 0xf0, 0x0, 0x0,
    0xff, 0x0, 0x0, 0xf, 0xf0, 0x0, 0x0, 0xff,
    0x0, 0x0, 0xf, 0xf0, 0x0, 0x0, 0xff, 0x0,
    0x0, 0xf, 0xf0, 0x0, 0x0, 0xff,

    /* U+00B7 "·" */
    0x1f, 0x83, 0xfc, 0x7f, 0xef, 0xff, 0xff, 0xff,
    0xff, 0xff, 0xff, 0xff, 0x7f, 0xe3, 0xfc, 0x1f,
    0x80,

    /* U+00B8 "¸" */
    0x7f, 0x81, 0xfe, 0x7, 0xfc, 0x3f, 0xfc, 0xff,
    0xf8, 0x7f, 0xf0, 0x7f, 0xc1, 0xff, 0x7, 0xfc,
    0x1f, 0xf0, 0xff, 0xdf, 0xfe, 0x7f, 0xf9, 0xff,
    0xc7, 0xfe, 0x1f, 0xe0, 0x7e, 0x0,

    /* U+00B9 "¹" */
    0x0, 0x0, 0x0, 0xf0, 0x1f, 0xc3, 0xff, 0x7f,
    0xff, 0xff, 0xff, 0xff, 0xff, 0xff, 0xff, 0xff,
    0xc7, 0xf0, 0x1f, 0xc0, 0x7f, 0x1, 0xfc, 0x7,
    0xf0, 0x1f, 0xc0, 0x7f, 0x1, 0xfc, 0x7, 0xf0,
    0x1f, 0xc0, 0x7f, 0x1, 0xfc, 0x7, 0xf0, 0x1f,
    0xc0, 0x7f, 0x1, 0xfc, 0x7, 0xf0, 0x1f, 0xc0,
    0x7f,

    /* U+00BA "º" */
    0x0, 0xff, 0x0, 0x3, 0xff, 0xc0, 0xf, 0xff,
    0xf0, 0x1f, 0xff, 0xf8, 0x3f, 0xff, 0xfc, 0x3f,
    0x81, 0xfc, 0x7f, 0x0, 0xfe, 0x7e, 0x0, 0x7e,
    0xfe, 0x0, 0x7f, 0xfc, 0x0, 0x3f, 0xfc, 0x0,
    0x3f, 0xfc, 0x0, 0x3f, 0xfc, 0x0, 0x3f, 0xfc,
    0x0, 0x3f, 0xfc, 0x0, 0x3f, 0xfc, 0x0, 0x3f,
    0xfc, 0x0, 0x3f, 0xfc, 0x0, 0x3f, 0xfe, 0x0,
    0x7f, 0x7e, 0x0, 0x7e, 0x7f, 0x0, 0xfe, 0x3f,
    0x81, 0xfc, 0x3f, 0xff, 0xfc, 0x1f, 0xff, 0xf8,
    0xf, 0xff, 0xf0, 0x3, 0xff, 0xc0, 0x0, 0xff,
    0x0,

    /* U+00BB "»" */
    0xfe, 0x3, 0xf8, 0x0, 0xfe, 0x3, 0xf8, 0x1,
    0xfe, 0x3, 0xf8, 0x1, 0xfc, 0x7, 0xf0, 0x1,
    0xfc, 0x7, 0xf0, 0x3, 0xfc, 0xf, 0xf0, 0x3,
    0xf8, 0xf, 0xe0, 0x7, 0xf8, 0xf, 0xe0, 0x7,
    0xf8, 0x1f, 0xe0, 0x7, 0xf0, 0x1f, 0xe0, 0xf,
    0xf0, 0x3f, 0xc0, 0xf, 0xf0, 0x3f, 0xc0, 0x1f,
    0xe0, 0x3f, 0xc0, 0x1f, 0xe0, 0x7f, 0xc0, 0x7f,
    0xc0, 0xff, 0x0, 0xff, 0x3, 0xfc, 0x3, 0xfc,
    0xf, 0xf8, 0x7, 0xf8, 0x1f, 0xe0, 0x1f, 0xe0,
    0x7f, 0x80, 0x3f, 0x80, 0xff, 0x0, 0xff, 0x3,
    0xfc, 0x1, 0xfc, 0x7, 0xf0, 0x7, 0xf0, 0x1f,
    0xe0, 0x1f, 0xe0, 0x3f, 0x80, 0x3f, 0x80, 0xfe,
    0x0, 0xfe, 0x3, 0xfc, 0x1, 0xfc, 0x7, 0xf0,
    0x7, 0xf0, 0x1f, 0xc0, 0x0,

    /* U+00BC "¼" */
    0x0, 0x4, 0x0, 0x0, 0x0, 0x0, 0x1, 0xe0,
    0x0, 0x0, 0x0, 0x0, 0xff, 0x0, 0x0, 0x0,
    0x0, 0x3f, 0xf8, 0x0, 0x0, 0x0, 0xf, 0xff,
    0xc0, 0x0, 0x0, 0x0, 0x7f, 0xfe, 0x0, 0x0,
    0xe0, 0x3, 0xff, 0xf0, 0x0, 0x7, 0xc0, 0x1f,
    0xff, 0x80, 0x0, 0x7f, 0x0, 0xff, 0xfc, 0x0,
    0x7, 0xf0, 0x7, 0xf, 0xe0, 0x0, 0x3f, 0x80,
    0x0, 0x7f, 0x0, 0x3, 0xf8, 0x0, 0x3, 0xf8,
    0x0, 0x1f, 0xc0, 0x0, 0x1f, 0xc0, 0x1, 0xfc,
    0x0, 0x0, 0xfe, 0x0, 0x1f, 0xc0, 0x0, 0x7,
    0xf0, 0x0, 0xfe, 0x0, 0x0, 0x3f, 0x80, 0xf,
    0xe0, 0x0, 0x1, 0xfc, 0x0, 0x7f, 0x0, 0x0,
    0xf, 0xe0, 0x7, 0xf0, 0x0, 0x0, 0x7f, 0x0,
    0x7f, 0x0, 0x0, 0x3, 0xf8, 0x3, 0xf8, 0x0,
    0x0, 0x1f, 0xc0, 0x3f, 0x80, 0x0, 0x0, 0xfe,
    0x1, 0xfc, 0x0, 0x0, 0x7, 0xf0, 0x1f, 0xc0,
    0x0, 0x0, 0x3f, 0x81, 0xfc, 0x7, 0xf8, 0x1,
    0xfc, 0xf, 0xe0, 0x7f, 0xc0, 0xf, 0xe0, 0xfe,
    0x3, 0xfe, 0x0, 0x7f, 0x7, 0xf0, 0x3f, 0xf0,
    0x3, 0xf8, 0x7f, 0x3, 0xff, 0x80, 0x0, 0x7,
    0xf0, 0x1f, 0xfc, 0x0, 0x0, 0x3f, 0x81, 0xff,
    0xe0, 0x0, 0x3, 0xf8, 0x1f, 0xff, 0x0, 0x0,
    0x1f, 0xc1, 0xff, 0xf8, 0x0, 0x1, 0xfc, 0xf,
    0xff, 0xc0, 0x0, 0x1f, 0xc0, 0xff, 0xfe, 0x0,
    0x0, 0xfe, 0xf, 0xef, 0xf0, 0x0, 0xf, 0xe0,
    0x7e, 0x7f, 0x80, 0x0, 0x7e, 0x7, 0xe3, 0xfc,
    0x0, 0x7, 0xf0, 0x7f, 0x1f, 0xe0, 0x0, 0x7f,
    0x3, 0xf0, 0xff, 0x0, 0x3, 0xf8, 0x3f, 0x7,
    0xf8, 0x0, 0x3f, 0x83, 0xff, 0xff, 0xf8, 0x1,
    0xf8, 0x1f, 0xff, 0xff, 0xc0, 0x1f, 0xc0, 0xff,
    0xff, 0xfe, 0x1, 0xfc, 0x7, 0xff, 0xff, 0xf0,
    0xf, 0xe0, 0x3f, 0xff, 0xff, 0x80, 0x3e, 0x1,
    0xff, 0xff, 0xfc, 0x0, 0x60, 0x0, 0x0, 0xff,
    0x0, 0x0, 0x0, 0x0, 0x7, 0xf8, 0x0, 0x0,
    0x0, 0x0, 0x3f, 0xc0, 0x0, 0x0, 0x0, 0x1,
    0xfe, 0x0, 0x0, 0x0, 0x0, 0xf, 0xf0, 0x0,
    0x0, 0x0, 0x0, 0x7f, 0x80,

    /* U+00BD "½" */
    0x0, 0xc, 0x0, 0x0, 0x0, 0x0, 0x0, 0x3e,
    0x0, 0x0, 0x0, 0x0, 0x1, 0xff, 0x0, 0x0,
    0x0, 0x0, 0x7, 0xff, 0x80, 0x0, 0x0, 0x0,
    0xf, 0xff, 0xc0, 0x0, 0x8, 0x0, 0x7, 0xff,
    0xe0, 0x0, 0x7, 0x0, 0x3, 0xff, 0xf0, 0x0,
    0x7, 0xe0, 0x1, 0xff, 0xf8, 0x0, 0x7, 0xf0,
    0x0, 0xfd, 0xfc, 0x0, 0x3, 0xf8, 0x0, 0x60,
    0xfe, 0x0, 0x3, 0xf8, 0x0, 0x0, 0x7f, 0x0,
    0x3, 0xf8, 0x0, 0x0, 0x3f, 0x80, 0x1, 0xfc,
    0x0, 0x0, 0x1f, 0xc0, 0x1, 0xfc, 0x0, 0x0,
    0xf, 0xe0, 0x1, 0xfc, 0x0, 0x0, 0x7, 0xf0,
    0x0, 0xfe, 0x0, 0x0, 0x3, 0xf8, 0x0, 0xfe,
    0x0, 0x0, 0x1, 0xfc, 0x0, 0x7f, 0x0, 0x0,
    0x0, 0xfe, 0x0, 0x7f, 0x0, 0x0, 0x0, 0x7f,
    0x0, 0x7f, 0x0, 0x0, 0x0, 0x3f, 0x80, 0x3f,
    0x80, 0x0, 0x0, 0x1f, 0xc0, 0x3f, 0x80, 0x0,
    0x0, 0xf, 0xe0, 0x3f, 0x80, 0x0, 0x0, 0x7,
    0xf0, 0x1f, 0xc0, 0x0, 0x0, 0x3, 0xf8, 0x1f,
    0xc0, 0x7f, 0x80, 0x1, 0xfc, 0x1f, 0xc0, 0xff,
    0xf8, 0x0, 0xfe, 0xf, 0xe1, 0xff, 0xfe, 0x0,
    0x7f, 0xf, 0xe1, 0xff, 0xff, 0x80, 0x3f, 0x87,
    0xf0, 0xff, 0xff, 0xe0, 0x0, 0x7, 0xf0, 0xff,
    0xff, 0xf0, 0x0, 0x7, 0xf0, 0x7f, 0x87, 0xfc,
    0x0, 0x3, 0xf8, 0x7f, 0xc1, 0xfe, 0x0, 0x3,
    0xf8, 0x3f, 0xc0, 0xff, 0x0, 0x3, 0xf8, 0x1f,
    0xe0, 0x7f, 0x80, 0x1, 0xfc, 0x0, 0x0, 0x7f,
    0xc0, 0x1, 0xfc, 0x0, 0x0, 0x3f, 0xe0, 0x1,
    0xfc, 0x0, 0x0, 0x3f, 0xe0, 0x0, 0xfe, 0x0,
    0x0, 0x3f, 0xe0, 0x0, 0xfe, 0x0, 0x0, 0x3f,
    0xf0, 0x0, 0x7e, 0x0, 0x0, 0x3f, 0xf0, 0x0,
    0x7f, 0x0, 0x0, 0x3f, 0xe0, 0x0, 0x7f, 0x0,
    0x0, 0x7f, 0xe0, 0x0, 0x3f, 0x80, 0x0, 0x7f,
    0xe0, 0x0, 0x3f, 0x80, 0x0, 0x7f, 0xe0, 0x0,
    0x3f, 0x80, 0x0, 0x7f, 0xe0, 0x0, 0xf, 0xc0,
    0x0, 0x7f, 0xc0, 0x0, 0x1, 0xc0, 0x0, 0x7f,
    0xff, 0xfc, 0x0, 0x0, 0x0, 0x7f, 0xff, 0xfe,
    0x0, 0x0, 0x0, 0x3f, 0xff, 0xff, 0x0, 0x0,
    0x0, 0x1f, 0xff, 0xff, 0x80, 0x0, 0x0, 0xf,
    0xff, 0xff, 0xc0, 0x0, 0x0, 0x7, 0xff, 0xff,
    0xe0,

    /* U+00BE "¾" */
    0x0, 0xff, 0x0, 0x0, 0x0, 0x0, 0x0, 0x7f,
    0xfe, 0x0, 0x0, 0x0, 0x0, 0xf, 0xff, 0xf8,
    0x0, 0x0, 0x0, 0x1, 0xff, 0xff, 0xc0, 0x0,
    0x0, 0x0, 0x3f, 0xff, 0xfc, 0x0, 0x0, 0x0,
    0x7, 0xff, 0xff, 0xe0, 0x0, 0x30, 0x0, 0x7f,
    0x83, 0xfe, 0x0, 0x3, 0xc0, 0x7, 0xf0, 0x1f,
    0xe0, 0x0, 0x7f, 0x0, 0x0, 0x1, 0xfe, 0x0,
    0xf, 0xe0, 0x0, 0x0, 0x1f, 0xe0, 0x0, 0xfe,
    0x0, 0x0, 0x3, 0xfc, 0x0, 0x1f, 0xc0, 0x0,
    0xf, 0xff, 0x80, 0x1, 0xfc, 0x0, 0x0, 0xff,
    0xf0, 0x0, 0x3f, 0x80, 0x0, 0xf, 0xf8, 0x0,
    0x7, 0xf0, 0x0, 0x0, 0xff, 0xf0, 0x0, 0x7f,
    0x0, 0x0, 0xf, 0xff, 0x80, 0xf, 0xe0, 0x0,
    0x0, 0x3, 0xfc, 0x1, 0xfc, 0x0, 0x0, 0x0,
    0x1f, 0xe0, 0x1f, 0xc0, 0x0, 0x0, 0x1, 0xfe,
    0x3, 0xf8, 0x0, 0xf, 0xf0, 0x1f, 0xe0, 0x3f,
    0x80, 0x0, 0xff, 0x1, 0xfe, 0x7, 0xf0, 0x0,
    0xf, 0xfc, 0x3f, 0xe0, 0xfe, 0x0, 0x0, 0x7f,
    0xff, 0xfe, 0xf, 0xe0, 0x0, 0x7, 0xff, 0xff,
    0xc1, 0xfc, 0x7, 0xf8, 0x3f, 0xff, 0xf8, 0x3f,
    0x80, 0xff, 0x81, 0xff, 0xff, 0x3, 0xf8, 0x1f,
    0xf8, 0xf, 0xff, 0xe0, 0x7f, 0x1, 0xff, 0x80,
    0x1f, 0xf0, 0x7, 0xf0, 0x3f, 0xf8, 0x0, 0x0,
    0x0, 0xfe, 0x7, 0xff, 0x80, 0x0, 0x0, 0x1f,
    0xc0, 0x7f, 0xf8, 0x0, 0x0, 0x1, 0xfc, 0xf,
    0xff, 0x80, 0x0, 0x0, 0x3f, 0x81, 0xff, 0xf8,
    0x0, 0x0, 0x7, 0xf0, 0x1f, 0xff, 0x80, 0x0,
    0x0, 0x7f, 0x3, 0xff, 0xf8, 0x0, 0x0, 0xf,
    0xe0, 0x7f, 0x7f, 0x80, 0x0, 0x0, 0xfe, 0xf,
    0xe7, 0xf8, 0x0, 0x0, 0x1f, 0xc0, 0xfc, 0x7f,
    0x80, 0x0, 0x3, 0xf8, 0x1f, 0xc7, 0xf8, 0x0,
    0x0, 0x3f, 0x83, 0xf8, 0x7f, 0x80, 0x0, 0x7,
    0xf0, 0x3f, 0x7, 0xf8, 0x0, 0x0, 0xfe, 0x7,
    0xff, 0xff, 0xf0, 0x0, 0xf, 0xe0, 0x7f, 0xff,
    0xff, 0x0, 0x1, 0xfc, 0x7, 0xff, 0xff, 0xf0,
    0x0, 0x1f, 0xc0, 0x7f, 0xff, 0xff, 0x0, 0x3,
    0xf8, 0x7, 0xff, 0xff, 0xf0, 0x0, 0x1f, 0x0,
    0x7f, 0xff, 0xff, 0x0, 0x0, 0x70, 0x0, 0x0,
    0x7f, 0x80, 0x0, 0x0, 0x0, 0x0, 0x7, 0xf8,
    0x0, 0x0, 0x0, 0x0, 0x0, 0x7f, 0x80, 0x0,
    0x0, 0x0, 0x0, 0x7, 0xf8, 0x0, 0x0, 0x0,
    0x0, 0x0, 0x7f, 0x80, 0x0, 0x0, 0x0, 0x0,
    0x7, 0xf8,

    /* U+00BF "¿" */
    0x0, 0x0, 0x0, 0x0, 0x0, 0x7, 0xf8, 0x0,
    0x0, 0xf, 0xfc, 0x0, 0x0, 0xf, 0xfc, 0x0,
    0x0, 0x1f, 0xfe, 0x0, 0x0, 0x1f, 0xfe, 0x0,
    0x0, 0x1f, 0xfe, 0x0, 0x0, 0x1f, 0xfe, 0x0,
    0x0, 0xf, 0xfc, 0x0, 0x0, 0xf, 0xfc, 0x0,
    0x0, 0x7, 0xf8, 0x0, 0x0, 0x0, 0x80, 0x0,
    0x0, 0x0, 0x0, 0x0, 0x0, 0x0, 0x0, 0x0,
    0x0, 0x0, 0x0, 0x0, 0x0, 0x0, 0x0, 0x0,
    0x0, 0x0, 0x0, 0x0, 0x0, 0xf, 0xfc, 0x0,
    0x0, 0xf, 0xfc, 0x0, 0x0, 0xf, 0xfc, 0x0,
    0x0, 0xf, 0xfc, 0x0, 0x0, 0x1f, 0xfc, 0x0,
    0x0, 0x1f, 0xfc, 0x0, 0x0, 0x3f, 0xf8, 0x0,
    0x0, 0x7f, 0xf8, 0x0, 0x0, 0xff, 0xf8, 0x0,
    0x1, 0xff, 0xf0, 0x0, 0x3, 0xff, 0xf0, 0x0,
    0x7, 0xff, 0xe0, 0x0, 0xf, 0xff, 0xc0, 0x0,
    0x1f, 0xff, 0x80, 0x0, 0x1f, 0xff, 0x0, 0x0,
    0x3f, 0xfe, 0x0, 0x0, 0x7f, 0xfc, 0x0, 0x0,
    0x7f, 0xf8, 0x0, 0x0, 0xff, 0xf0, 0x0, 0x0,
    0xff, 0xf0, 0x0, 0x0, 0xff, 0xe0, 0x0, 0x0,
    0xff, 0xe0, 0x0, 0x0, 0xff, 0xe0, 0x7, 0xff,
    0xff, 0xe0, 0x7, 0xff, 0xff, 0xe0, 0x7, 0xff,
    0xff, 0xf0, 0xf, 0xff, 0x7f, 0xf0, 0x1f, 0xfe,
    0x7f, 0xf8, 0x3f, 0xfe, 0x7f, 0xff, 0xff, 0xfe,
    0x3f, 0xff, 0xff, 0xfc, 0x3f, 0xff, 0xff, 0xf8,
    0x1f, 0xff, 0xff, 0xf8, 0xf, 0xff, 0xff, 0xe0,
    0x3, 0xff, 0xff, 0xc0, 0x0, 0xff, 0xff, 0x0,
    0x0, 0x1f, 0xf8, 0x0,

    /* U+00C0 "À" */
    0x0, 0x1f, 0xfe, 0x0, 0x0, 0x0, 0x0, 0x7,
    0xff, 0x80, 0x0, 0x0, 0x0, 0x1, 0xff, 0xc0,
    0x0, 0x0, 0x0, 0x0, 0x7f, 0xf0, 0x0, 0x0,
    0x0, 0x0, 0x1f, 0xfc, 0x0, 0x0, 0x0, 0x0,
    0x7, 0xfe, 0x0, 0x0, 0x0, 0x0, 0x1, 0xff,
    0x80, 0x0, 0x0, 0x0, 0x0, 0x7f, 0xe0, 0x0,
    0x0, 0x0, 0x0, 0x3f, 0xf0, 0x0, 0x0, 0x0,
    0x0, 0xf, 0xfc, 0x0, 0x0, 0x0, 0x0, 0x3,
    0xfe, 0x0, 0x0, 0x0, 0x0, 0x0, 0x0, 0x0,
    0x0, 0x0, 0x0, 0x0, 0x0, 0x0, 0x0, 0x0,
    0x0, 0x0, 0xff, 0xe0, 0x0, 0x0, 0x0, 0x0,
    0xff, 0xf0, 0x0, 0x0, 0x0, 0x0, 0x7f, 0xfc,
    0x0, 0x0, 0x0, 0x0, 0x3f, 0xfe, 0x0, 0x0,
    0x0, 0x0, 0x3f, 0xff, 0x0, 0x0, 0x0, 0x0,
    0x1f, 0xff, 0xc0, 0x0, 0x0, 0x0, 0x1f, 0xff,
    0xe0, 0x0, 0x0, 0x0, 0xf, 0xff, 0xf0, 0x0,
    0x0, 0x0, 0x7, 0xff, 0xfc, 0x0, 0x0, 0x0,
    0x7, 0xff, 0xfe, 0x0, 0x0, 0x0, 0x3, 0xff,
    0xff, 0x80, 0x0, 0x0, 0x1, 0xff, 0xff, 0xc0,
    0x0, 0x0, 0x1, 0xff, 0xff, 0xe0, 0x0, 0x0,
    0x0, 0xff, 0xff, 0xf8, 0x0, 0x0, 0x0, 0x7f,
    0xef, 0xfc, 0x0, 0x0, 0x0, 0x7f, 0xf7, 0xfe,
    0x0, 0x0, 0x0, 0x3f, 0xf3, 0xff, 0x80, 0x0,
    0x0, 0x3f, 0xf8, 0xff, 0xc0, 0x0, 0x0, 0x1f,
    0xfc, 0x7f, 0xf0, 0x0, 0x0, 0xf, 0xfc, 0x3f,
    0xf8, 0x0, 0x0, 0xf, 0xfe, 0xf, 0xfc, 0x0,
    0x0, 0x7, 0xff, 0x7, 0xff, 0x0, 0x0, 0x3,
    0xff, 0x3, 0xff, 0x80, 0x0, 0x3, 0xff, 0x81,
    0xff, 0xc0, 0x0, 0x1, 0xff, 0xc0, 0x7f, 0xf0,
    0x0, 0x0, 0xff, 0xe0, 0x3f, 0xf8, 0x0, 0x0,
    0xff, 0xe0, 0x1f, 0xfc, 0x0, 0x0, 0x7f, 0xf0,
    0x7, 0xff, 0x0, 0x0, 0x7f, 0xf8, 0x3, 0xff,
    0x80, 0x0, 0x3f, 0xf8, 0x1, 0xff, 0xe0, 0x0,
    0x1f, 0xfc, 0x0, 0x7f, 0xf0, 0x0, 0x1f, 0xfe,
    0x0, 0x3f, 0xf8, 0x0, 0xf, 0xfe, 0x0, 0x1f,
    0xfe, 0x0, 0x7, 0xff, 0xff, 0xff, 0xff, 0x0,
    0x7, 0xff, 0xff, 0xff, 0xff, 0x80, 0x3, 0xff,
    0xff, 0xff, 0xff, 0xe0, 0x3, 0xff, 0xff, 0xff,
    0xff, 0xf0, 0x1, 0xff, 0xff, 0xff, 0xff, 0xf8,
    0x0, 0xff, 0xff, 0xff, 0xff, 0xfe, 0x0, 0xff,
    0xff, 0xff, 0xff, 0xff, 0x0, 0x7f, 0xff, 0xff,
    0xff, 0xff, 0xc0, 0x3f, 0xf8, 0x0, 0x1, 0xff,
    0xe0, 0x3f, 0xfc, 0x0, 0x0, 0x7f, 0xf0, 0x1f,
    0xfe, 0x0, 0x0, 0x3f, 0xfc, 0xf, 0xfe, 0x0,
    0x0, 0x1f, 0xfe, 0xf, 0xff, 0x0, 0x0, 0xf,
    0xff, 0x7, 0xff, 0x80, 0x0, 0x3, 0xff, 0xc7,
    0xff, 0xc0, 0x0, 0x1, 0xff, 0xe3, 0xff, 0xc0,
    0x0, 0x0, 0xff, 0xf9, 0xff, 0xe0, 0x0, 0x0,
    0x3f, 0xfd, 0xff, 0xf0, 0x0, 0x0, 0x1f, 0xfe,
    0xff, 0xf0, 0x0, 0x0, 0xf, 0xff, 0x80,

    /* U+00C1 "Á" */
    0x0, 0x0, 0x0, 0x3f, 0xfc, 0x0, 0x0, 0x0,
    0x0, 0x3f, 0xfc, 0x0, 0x0, 0x0, 0x0, 0x1f,
    0xfc, 0x0, 0x0, 0x0, 0x0, 0x1f, 0xfc, 0x0,
    0x0, 0x0, 0x0, 0x1f, 0xfc, 0x0, 0x0, 0x0,
    0x0, 0xf, 0xfc, 0x0, 0x0, 0x0, 0x0, 0xf,
    0xfc, 0x0, 0x0, 0x0, 0x0, 0xf, 0xfc, 0x0,
    0x0, 0x0, 0x0, 0x7, 0xfe, 0x0, 0x0, 0x0,
    0x0, 0x7, 0xfe, 0x0, 0x0, 0x0, 0x0, 0x3,
    0xfe, 0x0, 0x0, 0x0, 0x0, 0x0, 0x0, 0x0,
    0x0, 0x0, 0x0, 0x0, 0x0, 0x0, 0x0, 0x0,
    0x0, 0x0, 0xff, 0xe0, 0x0, 0x0, 0x0, 0x0,
    0xff, 0xf0, 0x0, 0x0, 0x0, 0x0, 0x7f, 0xfc,
    0x0, 0x0, 0x0, 0x0, 0x3f, 0xfe, 0x0, 0x0,
    0x0, 0x0, 0x3f, 0xff, 0x0, 0x0, 0x0, 0x0,
    0x1f, 0xff, 0xc0, 0x0, 0x0, 0x0, 0x1f, 0xff,
    0xe0, 0x0, 0x0, 0x0, 0xf, 0xff, 0xf0, 0x0,
    0x0, 0x0, 0x7, 0xff, 0xfc, 0x0, 0x0, 0x0,
    0x7, 0xff, 0xfe, 0x0, 0x0, 0x0, 0x3, 0xff,
    0xff, 0x80, 0x0, 0x0, 0x1, 0xff, 0xff, 0xc0,
    0x0, 0x0, 0x1, 0xff, 0xff, 0xe0, 0x0, 0x0,
    0x0, 0xff, 0xff, 0xf8, 0x0, 0x0, 0x0, 0x7f,
    0xef, 0xfc, 0x0, 0x0, 0x0, 0x7f, 0xf7, 0xfe,
    0x0, 0x0, 0x0, 0x3f, 0xf3, 0xff, 0x80, 0x0,
    0x0, 0x3f, 0xf8, 0xff, 0xc0, 0x0, 0x0, 0x1f,
    0xfc, 0x7f, 0xf0, 0x0, 0x0, 0xf, 0xfc, 0x3f,
    0xf8, 0x0, 0x0, 0xf, 0xfe, 0xf, 0xfc, 0x0,
    0x0, 0x7, 0xff, 0x7, 0xff, 0x0, 0x0, 0x3,
    0xff, 0x3, 0xff, 0x80, 0x0, 0x3, 0xff, 0x81,
    0xff, 0xc0, 0x0, 0x1, 0xff, 0xc0, 0x7f, 0xf0,
    0x0, 0x0, 0xff, 0xe0, 0x3f, 0xf8, 0x0, 0x0,
    0xff, 0xe0, 0x1f, 0xfc, 0x0, 0x0, 0x7f, 0xf0,
    0x7, 0xff, 0x0, 0x0, 0x7f, 0xf8, 0x3, 0xff,
    0x80, 0x0, 0x3f, 0xf8, 0x1, 0xff, 0xe0, 0x0,
    0x1f, 0xfc, 0x0, 0x7f, 0xf0, 0x0, 0x1f, 0xfe,
    0x0, 0x3f, 0xf8, 0x0, 0xf, 0xfe, 0x0, 0x1f,
    0xfe, 0x0, 0x7, 0xff, 0xff, 0xff, 0xff, 0x0,
    0x7, 0xff, 0xff, 0xff, 0xff, 0x80, 0x3, 0xff,
    0xff, 0xff, 0xff, 0xe0, 0x3, 0xff, 0xff, 0xff,
    0xff, 0xf0, 0x1, 0xff, 0xff, 0xff, 0xff, 0xf8,
    0x0, 0xff, 0xff, 0xff, 0xff, 0xfe, 0x0, 0xff,
    0xff, 0xff, 0xff, 0xff, 0x0, 0x7f, 0xff, 0xff,
    0xff, 0xff, 0xc0, 0x3f, 0xf8, 0x0, 0x1, 0xff,
    0xe0, 0x3f, 0xfc, 0x0, 0x0, 0x7f, 0xf0, 0x1f,
    0xfe, 0x0, 0x0, 0x3f, 0xfc, 0xf, 0xfe, 0x0,
    0x0, 0x1f, 0xfe, 0xf, 0xff, 0x0, 0x0, 0xf,
    0xff, 0x7, 0xff, 0x80, 0x0, 0x3, 0xff, 0xc7,
    0xff, 0xc0, 0x0, 0x1, 0xff, 0xe3, 0xff, 0xc0,
    0x0, 0x0, 0xff, 0xf9, 0xff, 0xe0, 0x0, 0x0,
    0x3f, 0xfd, 0xff, 0xf0, 0x0, 0x0, 0x1f, 0xfe,
    0xff, 0xf0, 0x0, 0x0, 0xf, 0xff, 0x80,

    /* U+00C2 "Â" */
    0x0, 0x0, 0x7, 0xf0, 0x0, 0x0, 0x0, 0x0,
    0x7, 0xfc, 0x0, 0x0, 0x0, 0x0, 0x7, 0xff,
    0x0, 0x0, 0x0, 0x0, 0x7, 0xff, 0xc0, 0x0,
    0x0, 0x0, 0x7, 0xff, 0xf0, 0x0, 0x0, 0x0,
    0x7, 0xff, 0xfc, 0x0, 0x0, 0x0, 0x7, 0xfd,
    0xff, 0x0, 0x0, 0x0, 0xf, 0xfc, 0x7f, 0xc0,
    0x0, 0x0, 0xf, 0xfc, 0x1f, 0xf0, 0x0, 0x0,
    0xf, 0xfc, 0x7, 0xfc, 0x0, 0x0, 0xf, 0xf8,
    0x1, 0xff, 0x0, 0x0, 0x0, 0x0, 0x0, 0x0,
    0x0, 0x0, 0x0, 0x0, 0x0, 0x0, 0x0, 0x0,
    0x0, 0x0, 0x0, 0x0, 0x0, 0x0, 0x0, 0x0,
    0x7f, 0xf0, 0x0, 0x0, 0x0, 0x0, 0x7f, 0xf8,
    0x0, 0x0, 0x0, 0x0, 0x3f, 0xfe, 0x0, 0x0,
    0x0, 0x0, 0x1f, 0xff, 0x0, 0x0, 0x0, 0x0,
    0x1f, 0xff, 0x80, 0x0, 0x0, 0x0, 0xf, 0xff,
    0xe0, 0x0, 0x0, 0x0, 0xf, 0xff, 0xf0, 0x0,
    0x0, 0x0, 0x7, 0xff, 0xf8, 0x0, 0x0, 0x0,
    0x3, 0xff, 0xfe, 0x0, 0x0, 0x0, 0x3, 0xff,
    0xff, 0x0, 0x0, 0x0, 0x1, 0xff, 0xff, 0xc0,
    0x0, 0x0, 0x0, 0xff, 0xff, 0xe0, 0x0, 0x0,
    0x0, 0xff, 0xff, 0xf0, 0x0, 0x0, 0x0, 0x7f,
    0xff, 0xfc, 0x0, 0x0, 0x0, 0x3f, 0xf7, 0xfe,
    0x0, 0x0, 0x0, 0x3f, 0xfb, 0xff, 0x0, 0x0,
    0x0, 0x1f, 0xf9, 0xff, 0xc0, 0x0, 0x0, 0x1f,
    0xfc, 0x7f, 0xe0, 0x0, 0x0, 0xf, 0xfe, 0x3f,
    0xf8, 0x0, 0x0, 0x7, 0xfe, 0x1f, 0xfc, 0x0,
    0x0, 0x7, 0xff, 0x7, 0xfe, 0x0, 0x0, 0x3,
    0xff, 0x83, 0xff, 0x80, 0x0, 0x1, 0xff, 0x81,
    0xff, 0xc0, 0x0, 0x1, 0xff, 0xc0, 0xff, 0xe0,
    0x0, 0x0, 0xff, 0xe0, 0x3f, 0xf8, 0x0, 0x0,
    0x7f, 0xf0, 0x1f, 0xfc, 0x0, 0x0, 0x7f, 0xf0,
    0xf, 0xfe, 0x0, 0x0, 0x3f, 0xf8, 0x3, 0xff,
    0x80, 0x0, 0x3f, 0xfc, 0x1, 0xff, 0xc0, 0x0,
    0x1f, 0xfc, 0x0, 0xff, 0xf0, 0x0, 0xf, 0xfe,
    0x0, 0x3f, 0xf8, 0x0, 0xf, 0xff, 0x0, 0x1f,
    0xfc, 0x0, 0x7, 0xff, 0x0, 0xf, 0xff, 0x0,
    0x3, 0xff, 0xff, 0xff, 0xff, 0x80, 0x3, 0xff,
    0xff, 0xff, 0xff, 0xc0, 0x1, 0xff, 0xff, 0xff,
    0xff, 0xf0, 0x1, 0xff, 0xff, 0xff, 0xff, 0xf8,
    0x0, 0xff, 0xff, 0xff, 0xff, 0xfc, 0x0, 0x7f,
    0xff, 0xff, 0xff, 0xff, 0x0, 0x7f, 0xff, 0xff,
    0xff, 0xff, 0x80, 0x3f, 0xff, 0xff, 0xff, 0xff,
    0xe0, 0x1f, 0xfc, 0x0, 0x0, 0xff, 0xf0, 0x1f,
    0xfe, 0x0, 0x0, 0x3f, 0xf8, 0xf, 0xff, 0x0,
    0x0, 0x1f, 0xfe, 0x7, 0xff, 0x0, 0x0, 0xf,
    0xff, 0x7, 0xff, 0x80, 0x0, 0x7, 0xff, 0x83,
    0xff, 0xc0, 0x0, 0x1, 0xff, 0xe3, 0xff, 0xe0,
    0x0, 0x0, 0xff, 0xf1, 0xff, 0xe0, 0x0, 0x0,
    0x7f, 0xfc, 0xff, 0xf0, 0x0, 0x0, 0x1f, 0xfe,
    0xff, 0xf8, 0x0, 0x0, 0xf, 0xff, 0x7f, 0xf8,
    0x0, 0x0, 0x7, 0xff, 0xc0,

    /* U+00C3 "Ã" */
    0x0, 0x0, 0xfc, 0x0, 0xfc, 0x0, 0x0, 0x0,
    0xff, 0x80, 0x7e, 0x0, 0x0, 0x1, 0xff, 0xf0,
    0x7f, 0x0, 0x0, 0x0, 0xff, 0xff, 0xff, 0x0,
    0x0, 0x0, 0xff, 0xff, 0xff, 0x80, 0x0, 0x0,
    0x7f, 0xff, 0xff, 0x80, 0x0, 0x0, 0x7f, 0xf,
    0xff, 0xc0, 0x0, 0x0, 0x3f, 0x1, 0xff, 0x80,
    0x0, 0x0, 0x1f, 0x80, 0x1f, 0x80, 0x0, 0x0,
    0x0, 0x0, 0x0, 0x0, 0x0, 0x0, 0x0, 0x0,
    0x0, 0x0, 0x0, 0x0, 0x0, 0x0, 0x0, 0x0,
    0x0, 0x0, 0x0, 0x0, 0x0, 0x0, 0x0, 0x0,
    0x0, 0x0, 0xff, 0xe0, 0x0, 0x0, 0x0, 0x0,
    0xff, 0xf8, 0x0, 0x0, 0x0, 0x0, 0x7f, 0xfc,
    0x0, 0x0, 0x0, 0x0, 0x3f, 0xfe, 0x0, 0x0,
    0x0, 0x0, 0x3f, 0xff, 0x80, 0x0, 0x0, 0x0,
    0x1f, 0xff, 0xc0, 0x0, 0x0, 0x0, 0x1f, 0xff,
    0xe0, 0x0, 0x0, 0x0, 0xf, 0xff, 0xf8, 0x0,
    0x0, 0x0, 0x7, 0xff, 0xfc, 0x0, 0x0, 0x0,
    0x7, 0xff, 0xfe, 0x0, 0x0, 0x0, 0x3, 0xff,
    0xff, 0x80, 0x0, 0x0, 0x1, 0xff, 0xff, 0xc0,
    0x0, 0x0, 0x1, 0xff, 0xff, 0xf0, 0x0, 0x0,
    0x0, 0xff, 0xff, 0xf8, 0x0, 0x0, 0x0, 0xff,
    0xef, 0xfc, 0x0, 0x0, 0x0, 0x7f, 0xf7, 0xff,
    0x0, 0x0, 0x0, 0x3f, 0xfb, 0xff, 0x80, 0x0,
    0x0, 0x3f, 0xf8, 0xff, 0xc0, 0x0, 0x0, 0x1f,
    0xfc, 0x7f, 0xf0, 0x0, 0x0, 0xf, 0xfe, 0x3f,
    0xf8, 0x0, 0x0, 0xf, 0xfe, 0xf, 0xfc, 0x0,
    0x0, 0x7, 0xff, 0x7, 0xff, 0x0, 0x0, 0x3,
    0xff, 0x83, 0xff, 0x80, 0x0, 0x3, 0xff, 0x81,
    0xff, 0xe0, 0x0, 0x1, 0xff, 0xc0, 0x7f, 0xf0,
    0x0, 0x1, 0xff, 0xe0, 0x3f, 0xf8, 0x0, 0x0,
    0xff, 0xe0, 0x1f, 0xfe, 0x0, 0x0, 0x7f, 0xf0,
    0x7, 0xff, 0x0, 0x0, 0x7f, 0xf8, 0x3, 0xff,
    0x80, 0x0, 0x3f, 0xf8, 0x1, 0xff, 0xe0, 0x0,
    0x1f, 0xfc, 0x0, 0x7f, 0xf0, 0x0, 0x1f, 0xfe,
    0x0, 0x3f, 0xf8, 0x0, 0xf, 0xfe, 0x0, 0x1f,
    0xfe, 0x0, 0x7, 0xff, 0xff, 0xff, 0xff, 0x0,
    0x7, 0xff, 0xff, 0xff, 0xff, 0xc0, 0x3, 0xff,
    0xff, 0xff, 0xff, 0xe0, 0x3, 0xff, 0xff, 0xff,
    0xff, 0xf0, 0x1, 0xff, 0xff, 0xff, 0xff, 0xfc,
    0x0, 0xff, 0xff, 0xff, 0xff, 0xfe, 0x0, 0xff,
    0xff, 0xff, 0xff, 0xff, 0x0, 0x7f, 0xff, 0xff,
    0xff, 0xff, 0xc0, 0x3f, 0xfc, 0x0, 0x1, 0xff,
    0xe0, 0x3f, 0xfc, 0x0, 0x0, 0x7f, 0xf0, 0x1f,
    0xfe, 0x0, 0x0, 0x3f, 0xfc, 0xf, 0xff, 0x0,
    0x0, 0x1f, 0xfe, 0xf, 0xff, 0x0, 0x0, 0x7,
    0xff, 0x87, 0xff, 0x80, 0x0, 0x3, 0xff, 0xc7,
    0xff, 0xc0, 0x0, 0x1, 0xff, 0xe3, 0xff, 0xc0,
    0x0, 0x0, 0xff, 0xf9, 0xff, 0xe0, 0x0, 0x0,
    0x3f, 0xfd, 0xff, 0xf0, 0x0, 0x0, 0x1f, 0xfe,
    0xff, 0xf0, 0x0, 0x0, 0xf, 0xff, 0x80,

    /* U+00C4 "Ä" */
    0x0, 0x7, 0x80, 0x1, 0xe0, 0x0, 0x0, 0x1f,
    0xe0, 0x7, 0xf8, 0x0, 0x0, 0x3f, 0xf0, 0xf,
    0xfc, 0x0, 0x0, 0x3f, 0xf0, 0xf, 0xfc, 0x0,
    0x0, 0x3f, 0xf0, 0xf, 0xfc, 0x0, 0x0, 0x3f,
    0xf0, 0xf, 0xfc, 0x0, 0x0, 0x1f, 0xe0, 0x7,
    0xf8, 0x0, 0x0, 0xf, 0xc0, 0x3, 0xe0, 0x0,
    0x0, 0x0, 0x0, 0x0, 0x0, 0x0, 0x0, 0x0,
    0x0, 0x0, 0x0, 0x0, 0x0, 0x0, 0x0, 0x0,
    0x0, 0x0, 0x0, 0x0, 0x3f, 0xfc, 0x0, 0x0,
    0x0, 0x0, 0x3f, 0xfc, 0x0, 0x0, 0x0, 0x0,
    0x3f, 0xfc, 0x0, 0x0, 0x0, 0x0, 0x7f, 0xfe,
    0x0, 0x0, 0x0, 0x0, 0x7f, 0xfe, 0x0, 0x0,
    0x0, 0x0, 0xff, 0xff, 0x0, 0x0, 0x0, 0x0,
    0xff, 0xff, 0x0, 0x0, 0x0, 0x0, 0xff, 0xff,
    0x0, 0x0, 0x0, 0x1, 0xff, 0xff, 0x80, 0x0,
    0x0, 0x1, 0xff, 0xff, 0x80, 0x0, 0x0, 0x1,
    0xff, 0xff, 0x80, 0x0, 0x0, 0x3, 0xff, 0xff,
    0xc0, 0x0, 0x0, 0x3, 0xff, 0xff, 0xc0, 0x0,
    0x0, 0x3, 0xff, 0xff, 0xc0, 0x0, 0x0, 0x7,
    0xff, 0xff, 0xe0, 0x0, 0x0, 0x7, 0xfe, 0x7f,
    0xe0, 0x0, 0x0, 0x7, 0xfe, 0x7f, 0xf0, 0x0,
    0x0, 0xf, 0xfe, 0x7f, 0xf0, 0x0, 0x0, 0xf,
    0xfe, 0x3f, 0xf0, 0x0, 0x0, 0x1f, 0xfc, 0x3f,
    0xf8, 0x0, 0x0, 0x1f, 0xfc, 0x3f, 0xf8, 0x0,
    0x0, 0x1f, 0xfc, 0x1f, 0xf8, 0x0, 0x0, 0x3f,
    0xf8, 0x1f, 0xfc, 0x0, 0x0, 0x3f, 0xf8, 0x1f,
    0xfc, 0x0, 0x0, 0x3f, 0xf8, 0xf, 0xfc, 0x0,
    0x0, 0x7f, 0xf0, 0xf, 0xfe, 0x0, 0x0, 0x7f,
    0xf0, 0xf, 0xfe, 0x0, 0x0, 0x7f, 0xf0, 0xf,
    0xff, 0x0, 0x0, 0xff, 0xe0, 0x7, 0xff, 0x0,
    0x0, 0xff, 0xe0, 0x7, 0xff, 0x0, 0x1, 0xff,
    0xe0, 0x7, 0xff, 0x80, 0x1, 0xff, 0xc0, 0x3,
    0xff, 0x80, 0x1, 0xff, 0xc0, 0x3, 0xff, 0x80,
    0x3, 0xff, 0xff, 0xff, 0xff, 0xc0, 0x3, 0xff,
    0xff, 0xff, 0xff, 0xc0, 0x3, 0xff, 0xff, 0xff,
    0xff, 0xc0, 0x7, 0xff, 0xff, 0xff, 0xff, 0xe0,
    0x7, 0xff, 0xff, 0xff, 0xff, 0xe0, 0x7, 0xff,
    0xff, 0xff, 0xff, 0xf0, 0xf, 0xff, 0xff, 0xff,
    0xff, 0xf0, 0xf, 0xff, 0xff, 0xff, 0xff, 0xf0,
    0xf, 0xfe, 0x0, 0x0, 0x7f, 0xf8, 0x1f, 0xfe,
    0x0, 0x0, 0x7f, 0xf8, 0x1f, 0xfe, 0x0, 0x0,
    0x3f, 0xf8, 0x3f, 0xfc, 0x0, 0x0, 0x3f, 0xfc,
    0x3f, 0xfc, 0x0, 0x0, 0x3f, 0xfc, 0x3f, 0xfc,
    0x0, 0x0, 0x1f, 0xfc, 0x7f, 0xf8, 0x0, 0x0,
    0x1f, 0xfe, 0x7f, 0xf8, 0x0, 0x0, 0x1f, 0xfe,
    0x7f, 0xf8, 0x0, 0x0, 0xf, 0xff, 0xff, 0xf0,
    0x0, 0x0, 0xf, 0xff, 0xff, 0xf0, 0x0, 0x0,
    0xf, 0xff,

    /* U+00C5 "Å" */
    0x0, 0x0, 0x7, 0xc0, 0x0, 0x0, 0x0, 0x0,
    0xf, 0xf8, 0x0, 0x0, 0x0, 0x0, 0xf, 0xfe,
    0x0, 0x0, 0x0, 0x0, 0xf, 0x8f, 0x80, 0x0,
    0x0, 0x0, 0xf, 0x83, 0xe0, 0x0, 0x0, 0x0,
    0x7, 0x80, 0xf0, 0x0, 0x0, 0x0, 0x3, 0xc0,
    0x78, 0x0, 0x0, 0x0, 0x1, 0xe0, 0x3c, 0x0,
    0x0, 0x0, 0x0, 0xf0, 0x1e, 0x0, 0x0, 0x0,
    0x0, 0x7c, 0x1f, 0x0, 0x0, 0x0, 0x0, 0x1f,
    0x1f, 0x0, 0x0, 0x0, 0x0, 0x7, 0xff, 0x0,
    0x0, 0x0, 0x0, 0x1, 0xff, 0x0, 0x0, 0x0,
    0x0, 0x0, 0x3e, 0x0, 0x0, 0x0, 0x0, 0x0,
    0x0, 0x0, 0x0, 0x0, 0x0, 0x0, 0x0, 0x0,
    0x0, 0x0, 0x0, 0x0, 0x3f, 0xf8, 0x0, 0x0,
    0x0, 0x0, 0x1f, 0xfc, 0x0, 0x0, 0x0, 0x0,
    0x1f, 0xfe, 0x0, 0x0, 0x0, 0x0, 0xf, 0xff,
    0x80, 0x0, 0x0, 0x0, 0x7, 0xff, 0xc0, 0x0,
    0x0, 0x0, 0x7, 0xff, 0xf0, 0x0, 0x0, 0x0,
    0x3, 0xff, 0xf8, 0x0, 0x0, 0x0, 0x1, 0xff,
    0xfc, 0x0, 0x0, 0x0, 0x1, 0xff, 0xff, 0x0,
    0x0, 0x0, 0x0, 0xff, 0xff, 0x80, 0x0, 0x0,
    0x0, 0x7f, 0xff, 0xe0, 0x0, 0x0, 0x0, 0x7f,
    0xff, 0xf0, 0x0, 0x0, 0x0, 0x3f, 0xff, 0xf8,
    0x0, 0x0, 0x0, 0x3f, 0xf7, 0xfe, 0x0, 0x0,
    0x0, 0x1f, 0xfb, 0xff, 0x0, 0x0, 0x0, 0xf,
    0xfd, 0xff, 0xc0, 0x0, 0x0, 0xf, 0xfc, 0x7f,
    0xe0, 0x0, 0x0, 0x7, 0xfe, 0x3f, 0xf0, 0x0,
    0x0, 0x3, 0xff, 0x1f, 0xfc, 0x0, 0x0, 0x3,
    0xff, 0x87, 0xfe, 0x0, 0x0, 0x1, 0xff, 0x83,
    0xff, 0x0, 0x0, 0x0, 0xff, 0xc1, 0xff, 0xc0,
    0x0, 0x0, 0xff, 0xe0, 0x7f, 0xe0, 0x0, 0x0,
    0x7f, 0xe0, 0x3f, 0xf8, 0x0, 0x0, 0x3f, 0xf0,
    0x1f, 0xfc, 0x0, 0x0, 0x3f, 0xf8, 0x7, 0xfe,
    0x0, 0x0, 0x1f, 0xf8, 0x3, 0xff, 0x80, 0x0,
    0x1f, 0xfc, 0x1, 0xff, 0xc0, 0x0, 0xf, 0xfe,
    0x0, 0x7f, 0xf0, 0x0, 0x7, 0xff, 0x0, 0x3f,
    0xf8, 0x0, 0x7, 0xff, 0x0, 0x1f, 0xfc, 0x0,
    0x3, 0xff, 0x80, 0x7, 0xff, 0x0, 0x1, 0xff,
    0xc0, 0x3, 0xff, 0x80, 0x1, 0xff, 0xff, 0xff,
    0xff, 0xe0, 0x0, 0xff, 0xff, 0xff, 0xff, 0xf0,
    0x0, 0x7f, 0xff, 0xff, 0xff, 0xf8, 0x0, 0x7f,
    0xff, 0xff, 0xff, 0xfe, 0x0, 0x3f, 0xff, 0xff,
    0xff, 0xff, 0x0, 0x1f, 0xff, 0xff, 0xff, 0xff,
    0xc0, 0x1f, 0xff, 0xff, 0xff, 0xff, 0xe0, 0xf,
    0xff, 0xff, 0xff, 0xff, 0xf0, 0x7, 0xff, 0x0,
    0x0, 0x3f, 0xfc, 0x7, 0xff, 0x80, 0x0, 0x1f,
    0xfe, 0x3, 0xff, 0x80, 0x0, 0x7, 0xff, 0x3,
    0xff, 0xc0, 0x0, 0x3, 0xff, 0xc1, 0xff, 0xe0,
    0x0, 0x1, 0xff, 0xe0, 0xff, 0xf0, 0x0, 0x0,
    0x7f, 0xf8, 0xff, 0xf0, 0x0, 0x0, 0x3f, 0xfc,
    0x7f, 0xf8, 0x0, 0x0, 0x1f, 0xfe, 0x3f, 0xfc,
    0x0, 0x0, 0x7, 0xff, 0xbf, 0xfc, 0x0, 0x0,
    0x3, 0xff, 0xdf, 0xfe, 0x0, 0x0, 0x1, 0xff,
    0xf0,

    /* U+00C6 "Æ" */
    0x0, 0x0, 0x0, 0x1f, 0xff, 0xff, 0xff, 0xfe,
    0x0, 0x0, 0x0, 0xf, 0xff, 0xff, 0xff, 0xff,
    0x80, 0x0, 0x0, 0x3, 0xff, 0xff, 0xff, 0xff,
    0xe0, 0x0, 0x0, 0x1, 0xff, 0xff, 0xff, 0xff,
    0xf8, 0x0, 0x0, 0x0, 0x7f, 0xff, 0xff, 0xff,
    0xfe, 0x0, 0x0, 0x0, 0x3f, 0xff, 0xff, 0xff,
    0xff, 0x80, 0x0, 0x0, 0xf, 0xff, 0xff, 0xff,
    0xff, 0xe0, 0x0, 0x0, 0x7, 0xff, 0xff, 0xff,
    0xff, 0xf8, 0x0, 0x0, 0x1, 0xff, 0xff, 0xe0,
    0x0, 0x0, 0x0, 0x0, 0x0, 0xff, 0xff, 0xf8,
    0x0, 0x0, 0x0, 0x0, 0x0, 0x3f, 0xff, 0xfe,
    0x0, 0x0, 0x0, 0x0, 0x0, 0x1f, 0xff, 0xff,
    0x80, 0x0, 0x0, 0x0, 0x0, 0x7, 0xff, 0xff,
    0xe0, 0x0, 0x0, 0x0, 0x0, 0x3, 0xff, 0xff,
    0xf8, 0x0, 0x0, 0x0, 0x0, 0x0, 0xff, 0xef,
    0xfe, 0x0, 0x0, 0x0, 0x0, 0x0, 0x7f, 0xfb,
    0xff, 0x80, 0x0, 0x0, 0x0, 0x0, 0x1f, 0xfc,
    0xff, 0xe0, 0x0, 0x0, 0x0, 0x0, 0xf, 0xff,
    0x1f, 0xf8, 0x0, 0x0, 0x0, 0x0, 0x3, 0xff,
    0x87, 0xfe, 0x0, 0x0, 0x0, 0x0, 0x1, 0xff,
    0xe1, 0xff, 0x80, 0x0, 0x0, 0x0, 0x0, 0x7f,
    0xf0, 0x7f, 0xf0, 0x0, 0x0, 0x0, 0x0, 0x3f,
    0xfc, 0x1f, 0xfc, 0x0, 0x0, 0x0, 0x0, 0xf,
    0xfe, 0x7, 0xff, 0xff, 0xff, 0x80, 0x0, 0x7,
    0xff, 0x81, 0xff, 0xff, 0xff, 0xe0, 0x0, 0x1,
    0xff, 0xc0, 0x7f, 0xff, 0xff, 0xf8, 0x0, 0x0,
    0xff, 0xf0, 0x1f, 0xff, 0xff, 0xfe, 0x0, 0x0,
    0x3f, 0xf8, 0x7, 0xff, 0xff, 0xff, 0x80, 0x0,
    0x1f, 0xfe, 0x1, 0xff, 0xff, 0xff, 0xe0, 0x0,
    0xf, 0xff, 0x0, 0x7f, 0xff, 0xff, 0xf8, 0x0,
    0x3, 0xff, 0xc0, 0x1f, 0xff, 0xff, 0xfe, 0x0,
    0x1, 0xff, 0xe0, 0x7, 0xff, 0x0, 0x0, 0x0,
    0x0, 0x7f, 0xf8, 0x1, 0xff, 0xc0, 0x0, 0x0,
    0x0, 0x3f, 0xff, 0xff, 0xff, 0xf0, 0x0, 0x0,
    0x0, 0xf, 0xff, 0xff, 0xff, 0xfc, 0x0, 0x0,
    0x0, 0x7, 0xff, 0xff, 0xff, 0xff, 0x0, 0x0,
    0x0, 0x1, 0xff, 0xff, 0xff, 0xff, 0xc0, 0x0,
    0x0, 0x0, 0xff, 0xff, 0xff, 0xff, 0xf0, 0x0,
    0x0, 0x0, 0x3f, 0xff, 0xff, 0xff, 0xfc, 0x0,
    0x0, 0x0, 0x1f, 0xff, 0xff, 0xff, 0xff, 0x0,
    0x0, 0x0, 0x7, 0xff, 0xff, 0xff, 0xff, 0xc0,
    0x0, 0x0, 0x3, 0xff, 0xe0, 0x0, 0x7f, 0xf0,
    0x0, 0x0, 0x0, 0xff, 0xf0, 0x0, 0xf, 0xfc,
    0x0, 0x0, 0x0, 0x7f, 0xfc, 0x0, 0x3, 0xff,
    0x0, 0x0, 0x0, 0x1f, 0xfe, 0x0, 0x0, 0xff,
    0xc0, 0x0, 0x0, 0xf, 0xff, 0x80, 0x0, 0x3f,
    0xff, 0xff, 0xff, 0xc3, 0xff, 0xc0, 0x0, 0xf,
    0xff, 0xff, 0xff, 0xf1, 0xff, 0xf0, 0x0, 0x3,
    0xff, 0xff, 0xff, 0xfc, 0x7f, 0xf8, 0x0, 0x0,
    0xff, 0xff, 0xff, 0xff, 0x3f, 0xfe, 0x0, 0x0,
    0x3f, 0xff, 0xff, 0xff, 0xcf, 0xff, 0x0, 0x0,
    0xf, 0xff, 0xff, 0xff, 0xf7, 0xff, 0xc0, 0x0,
    0x3, 0xff, 0xff, 0xff, 0xfd, 0xff, 0xe0, 0x0,
    0x0, 0xff, 0xff, 0xff, 0xff,

    /* U+00C7 "Ç" */
    0x0, 0x0, 0x4, 0x0, 0x0, 0x0, 0x0, 0xff,
    0xfe, 0x0, 0x0, 0x0, 0xff, 0xff, 0xf0, 0x0,
    0x0, 0xff, 0xff, 0xff, 0x0, 0x0, 0x7f, 0xff,
    0xff, 0xe0, 0x0, 0x7f, 0xff, 0xff, 0xfc, 0x0,
    0x3f, 0xff, 0xff, 0xff, 0x80, 0xf, 0xff, 0xff,
    0xff, 0xf0, 0x7, 0xff, 0xff, 0xff, 0xfe, 0x3,
    0xff, 0xe0, 0x7, 0xff, 0xc1, 0xff, 0xe0, 0x0,
    0xff, 0xf0, 0x7f, 0xf0, 0x0, 0x1f, 0xfe, 0x3f,
    0xf8, 0x0, 0x3, 0xff, 0x8f, 0xfe, 0x0, 0x0,
    0xff, 0xe3, 0xff, 0x0, 0x0, 0x1f, 0xfd, 0xff,
    0xc0, 0x0, 0x7, 0xff, 0x7f, 0xf0, 0x0, 0x1,
    0xff, 0xdf, 0xfc, 0x0, 0x0, 0x7f, 0xf7, 0xfe,
    0x0, 0x0, 0x0, 0x3, 0xff, 0x80, 0x0, 0x0,
    0x0, 0xff, 0xe0, 0x0, 0x0, 0x0, 0x3f, 0xf8,
    0x0, 0x0, 0x0, 0xf, 0xfe, 0x0, 0x0, 0x0,
    0x3, 0xff, 0x80, 0x0, 0x0, 0x0, 0xff, 0xe0,
    0x0, 0x0, 0x0, 0x3f, 0xf8, 0x0, 0x0, 0x0,
    0xf, 0xfe, 0x0, 0x0, 0x0, 0x3, 0xff, 0x80,
    0x0, 0x0, 0x0, 0xff, 0xe0, 0x0, 0x0, 0x0,
    0x3f, 0xf8, 0x0, 0x0, 0x0, 0xf, 0xfe, 0x0,
    0x0, 0x0, 0x3, 0xff, 0x80, 0x0, 0x0, 0x0,
    0xff, 0xe0, 0x0, 0x0, 0x0, 0x3f, 0xf8, 0x0,
    0x0, 0x0, 0xf, 0xfe, 0x0, 0x0, 0x0, 0x1,
    0xff, 0xc0, 0x0, 0x7, 0xff, 0x7f, 0xf0, 0x0,
    0x1, 0xff, 0xdf, 0xfc, 0x0, 0x0, 0x7f, 0xf7,
    0xff, 0x0, 0x0, 0x1f, 0xfc, 0xff, 0xe0, 0x0,
    0xf, 0xff, 0x3f, 0xfc, 0x0, 0x3, 0xff, 0x8f,
    0xff, 0x0, 0x1, 0xff, 0xe1, 0xff, 0xe0, 0x0,
    0xff, 0xf8, 0x7f, 0xfe, 0x0, 0xff, 0xfc, 0xf,
    0xff, 0xff, 0xff, 0xff, 0x1, 0xff, 0xff, 0xff,
    0xff, 0x80, 0x7f, 0xff, 0xff, 0xff, 0xc0, 0xf,
    0xff, 0xff, 0xff, 0xe0, 0x1, 0xff, 0xff, 0xff,
    0xf0, 0x0, 0x1f, 0xff, 0xff, 0xf8, 0x0, 0x3,
    0xff, 0xff, 0xf8, 0x0, 0x0, 0x3f, 0xff, 0xfc,
    0x0, 0x0, 0x3, 0xff, 0xf8, 0x0, 0x0, 0x0,
    0x1f, 0xe0, 0x0, 0x0, 0x0, 0x7, 0xf8, 0x0,
    0x0, 0x0, 0x3, 0xff, 0x80, 0x0, 0x0, 0x0,
    0xff, 0xf8, 0x0, 0x0, 0x0, 0x3f, 0xfe, 0x0,
    0x0, 0x0, 0x0, 0xff, 0xc0, 0x0, 0x0, 0x0,
    0x1f, 0xf0, 0x0, 0x0, 0x0, 0x7, 0xfc, 0x0,
    0x0, 0x0, 0x1, 0xff, 0x0, 0x0, 0x0, 0x0,
    0xff, 0xc0, 0x0, 0x0, 0x1, 0xff, 0xe0, 0x0,
    0x0, 0x0, 0x7f, 0xf8, 0x0, 0x0, 0x0, 0x1f,
    0xfc, 0x0, 0x0, 0x0, 0x7, 0xfe, 0x0, 0x0,
    0x0, 0x1, 0xff, 0x0, 0x0, 0x0, 0x0, 0x7c,
    0x0, 0x0, 0x0,

    /* U+00C8 "È" */
    0x7, 0xff, 0x80, 0x0, 0x0, 0x7f, 0xf0, 0x0,
    0x0, 0x7, 0xff, 0x0, 0x0, 0x0, 0x7f, 0xf0,
    0x0, 0x0, 0x7, 0xfe, 0x0, 0x0, 0x0, 0xff,
    0xe0, 0x0, 0x0, 0xf, 0xfe, 0x0, 0x0, 0x0,
    0xff, 0xc0, 0x0, 0x0, 0xf, 0xfc, 0x0, 0x0,
    0x0, 0xff, 0xc0, 0x0, 0x0, 0xf, 0xf8, 0x0,
    0x0, 0x0, 0x0, 0x0, 0x0, 0x0, 0x0, 0x0,
    0x1, 0xff, 0xff, 0xff, 0xff, 0xff, 0xff, 0xff,
    0xff, 0xff, 0xff, 0xff, 0xff, 0xff, 0xff, 0xff,
    0xff, 0xff, 0xff, 0xff, 0xff, 0xff, 0xff, 0xff,
    0xff, 0xff, 0xff, 0xff, 0xff, 0xff, 0xff, 0xff,
    0xff, 0xff, 0xff, 0xff, 0xff, 0xc0, 0x0, 0x0,
    0x3f, 0xf8, 0x0, 0x0, 0x7, 0xff, 0x0, 0x0,
    0x0, 0xff, 0xe0, 0x0, 0x0, 0x1f, 0xfc, 0x0,
    0x0, 0x3, 0xff, 0x80, 0x0, 0x0, 0x7f, 0xf0,
    0x0, 0x0, 0xf, 0xfe, 0x0, 0x0, 0x1, 0xff,
    0xc0, 0x0, 0x0, 0x3f, 0xf8, 0x0, 0x0, 0x7,
    0xff, 0x0, 0x0, 0x0, 0xff, 0xe0, 0x0, 0x0,
    0x1f, 0xfc, 0x0, 0x0, 0x3, 0xff, 0x80, 0x0,
    0x0, 0x7f, 0xff, 0xff, 0xff, 0x8f, 0xff, 0xff,
    0xff, 0xf1, 0xff, 0xff, 0xff, 0xfe, 0x3f, 0xff,
    0xff, 0xff, 0xc7, 0xff, 0xff, 0xff, 0xf8, 0xff,
    0xff, 0xff, 0xff, 0x1f, 0xff, 0xff, 0xff, 0xe3,
    0xff, 0xff, 0xff, 0xfc, 0x7f, 0xf0, 0x0, 0x0,
    0xf, 0xfe, 0x0, 0x0, 0x1, 0xff, 0xc0, 0x0,
    0x0, 0x3f, 0xf8, 0x0, 0x0, 0x7, 0xff, 0x0,
    0x0, 0x0, 0xff, 0xe0, 0x0, 0x0, 0x1f, 0xfc,
    0x0, 0x0, 0x3, 0xff, 0x80, 0x0, 0x0, 0x7f,
    0xf0, 0x0, 0x0, 0xf, 0xfe, 0x0, 0x0, 0x1,
    0xff, 0xc0, 0x0, 0x0, 0x3f, 0xf8, 0x0, 0x0,
    0x7, 0xff, 0x0, 0x0, 0x0, 0xff, 0xe0, 0x0,
    0x0, 0x1f, 0xff, 0xff, 0xff, 0xff, 0xff, 0xff,
    0xff, 0xff, 0xff, 0xff, 0xff, 0xff, 0xff, 0xff,
    0xff, 0xff, 0xff, 0xff, 0xff, 0xff, 0xff, 0xff,
    0xff, 0xff, 0xff, 0xff, 0xff, 0xff, 0xff, 0xff,
    0xff, 0xff, 0xff, 0xff, 0xe0,

    /* U+00C9 "É" */
    0x0, 0x0, 0xf, 0xff, 0x0, 0x0, 0x3, 0xff,
    0xc0, 0x0, 0x0, 0xff, 0xf0, 0x0, 0x0, 0x1f,
    0xfc, 0x0, 0x0, 0x7, 0xff, 0x0, 0x0, 0x1,
    0xff, 0xc0, 0x0, 0x0, 0x3f, 0xf0, 0x0, 0x0,
    0xf, 0xfc, 0x0, 0x0, 0x3, 0xff, 0x0, 0x0,
    0x0, 0x7f, 0xc0, 0x0, 0x0, 0x1f, 0xf0, 0x0,
    0x0, 0x0, 0x0, 0x0, 0x0, 0x0, 0x0, 0x0,
    0x1, 0xff, 0xff, 0xff, 0xff, 0xff, 0xff, 0xff,
    0xff, 0xff, 0xff, 0xff, 0xff, 0xff, 0xff, 0xff,
    0xff, 0xff, 0xff, 0xff, 0xff, 0xff, 0xff, 0xff,
    0xff, 0xff, 0xff, 0xff, 0xff, 0xff, 0xff, 0xff,
    0xff, 0xff, 0xff, 0xff, 0xff, 0xc0, 0x0, 0x0,
    0x3f, 0xf8, 0x0, 0x0, 0x7, 0xff, 0x0, 0x0,
    0x0, 0xff, 0xe0, 0x0, 0x0, 0x1f, 0xfc, 0x0,
    0x0, 0x3, 0xff, 0x80, 0x0, 0x0, 0x7f, 0xf0,
    0x0, 0x0, 0xf, 0xfe, 0x0, 0x0, 0x1, 0xff,
    0xc0, 0x0, 0x0, 0x3f, 0xf8, 0x0, 0x0, 0x7,
    0xff, 0x0, 0x0, 0x0, 0xff, 0xe0, 0x0, 0x0,
    0x1f, 0xfc, 0x0, 0x0, 0x3, 0xff, 0x80, 0x0,
    0x0, 0x7f, 0xff, 0xff, 0xff, 0x8f, 0xff, 0xff,
    0xff, 0xf1, 0xff, 0xff, 0xff, 0xfe, 0x3f, 0xff,
    0xff, 0xff, 0xc7, 0xff, 0xff, 0xff, 0xf8, 0xff,
    0xff, 0xff, 0xff, 0x1f, 0xff, 0xff, 0xff, 0xe3,
    0xff, 0xff, 0xff, 0xfc, 0x7f, 0xf0, 0x0, 0x0,
    0xf, 0xfe, 0x0, 0x0, 0x1, 0xff, 0xc0, 0x0,
    0x0, 0x3f, 0xf8, 0x0, 0x0, 0x7, 0xff, 0x0,
    0x0, 0x0, 0xff, 0xe0, 0x0, 0x0, 0x1f, 0xfc,
    0x0, 0x0, 0x3, 0xff, 0x80, 0x0, 0x0, 0x7f,
    0xf0, 0x0, 0x0, 0xf, 0xfe, 0x0, 0x0, 0x1,
    0xff, 0xc0, 0x0, 0x0, 0x3f, 0xf8, 0x0, 0x0,
    0x7, 0xff, 0x0, 0x0, 0x0, 0xff, 0xe0, 0x0,
    0x0, 0x1f, 0xff, 0xff, 0xff, 0xff, 0xff, 0xff,
    0xff, 0xff, 0xff, 0xff, 0xff, 0xff, 0xff, 0xff,
    0xff, 0xff, 0xff, 0xff, 0xff, 0xff, 0xff, 0xff,
    0xff, 0xff, 0xff, 0xff, 0xff, 0xff, 0xff, 0xff,
    0xff, 0xff, 0xff, 0xff, 0xe0,

    /* U+00CA "Ê" */
    0x0, 0x1, 0xf8, 0x0, 0x0, 0x0, 0x7f, 0x80,
    0x0, 0x0, 0x1f, 0xfc, 0x0, 0x0, 0xf, 0xff,
    0xc0, 0x0, 0x3, 0xff, 0xfc, 0x0, 0x0, 0xff,
    0xff, 0xc0, 0x0, 0x3f, 0xe7, 0xfc, 0x0, 0xf,
    0xf8, 0x7f, 0xc0, 0x3, 0xfe, 0x7, 0xfc, 0x0,
    0xff, 0x80, 0x3f, 0xe0, 0x3f, 0xc0, 0x3, 0xfe,
    0x0, 0x0, 0x0, 0x0, 0x0, 0x0, 0x0, 0x0,
    0x0, 0x0, 0x0, 0x0, 0x0, 0x3f, 0xff, 0xff,
    0xff, 0xff, 0xff, 0xff, 0xff, 0xff, 0xff, 0xff,
    0xff, 0xff, 0xff, 0xff, 0xff, 0xff, 0xff, 0xff,
    0xff, 0xff, 0xff, 0xff, 0xff, 0xff, 0xff, 0xff,
    0xff, 0xff, 0xff, 0xff, 0xff, 0xff, 0xff, 0xff,
    0xff, 0xf8, 0x0, 0x0, 0x7, 0xff, 0x0, 0x0,
    0x0, 0xff, 0xe0, 0x0, 0x0, 0x1f, 0xfc, 0x0,
    0x0, 0x3, 0xff, 0x80, 0x0, 0x0, 0x7f, 0xf0,
    0x0, 0x0, 0xf, 0xfe, 0x0, 0x0, 0x1, 0xff,
    0xc0, 0x0, 0x0, 0x3f, 0xf8, 0x0, 0x0, 0x7,
    0xff, 0x0, 0x0, 0x0, 0xff, 0xe0, 0x0, 0x0,
    0x1f, 0xfc, 0x0, 0x0, 0x3, 0xff, 0x80, 0x0,
    0x0, 0x7f, 0xf0, 0x0, 0x0, 0xf, 0xff, 0xff,
    0xff, 0xf1, 0xff, 0xff, 0xff, 0xfe, 0x3f, 0xff,
    0xff, 0xff, 0xc7, 0xff, 0xff, 0xff, 0xf8, 0xff,
    0xff, 0xff, 0xff, 0x1f, 0xff, 0xff, 0xff, 0xe3,
    0xff, 0xff, 0xff, 0xfc, 0x7f, 0xff, 0xff, 0xff,
    0x8f, 0xfe, 0x0, 0x0, 0x1, 0xff, 0xc0, 0x0,
    0x0, 0x3f, 0xf8, 0x0, 0x0, 0x7, 0xff, 0x0,
    0x0, 0x0, 0xff, 0xe0, 0x0, 0x0, 0x1f, 0xfc,
    0x0, 0x0, 0x3, 0xff, 0x80, 0x0, 0x0, 0x7f,
    0xf0, 0x0, 0x0, 0xf, 0xfe, 0x0, 0x0, 0x1,
    0xff, 0xc0, 0x0, 0x0, 0x3f, 0xf8, 0x0, 0x0,
    0x7, 0xff, 0x0, 0x0, 0x0, 0xff, 0xe0, 0x0,
    0x0, 0x1f, 0xfc, 0x0, 0x0, 0x3, 0xff, 0xff,
    0xff, 0xff, 0xff, 0xff, 0xff, 0xff, 0xff, 0xff,
    0xff, 0xff, 0xff, 0xff, 0xff, 0xff, 0xff, 0xff,
    0xff, 0xff, 0xff, 0xff, 0xff, 0xff, 0xff, 0xff,
    0xff, 0xff, 0xff, 0xff, 0xff, 0xff, 0xff, 0xff,
    0xfc,

    /* U+00CB "Ë" */
    0x1, 0xe0, 0x0, 0x78, 0x0, 0xff, 0x0, 0x3f,
    0xc0, 0x3f, 0xf0, 0xf, 0xfc, 0x7, 0xfe, 0x1,
    0xff, 0x80, 0xff, 0xc0, 0x3f, 0xf0, 0x1f, 0xf8,
    0x7, 0xfe, 0x1, 0xfe, 0x0, 0x7f, 0x80, 0x1f,
    0x80, 0x7, 0xe0, 0x0, 0x0, 0x0, 0x0, 0x0,
    0x0, 0x0, 0x0, 0x0, 0x0, 0x0, 0x0, 0x0,
    0x7f, 0xff, 0xff, 0xff, 0xff, 0xff, 0xff, 0xff,
    0xff, 0xff, 0xff, 0xff, 0xff, 0xff, 0xff, 0xff,
    0xff, 0xff, 0xff, 0xff, 0xff, 0xff, 0xff, 0xff,
    0xff, 0xff, 0xff, 0xff, 0xff, 0xff, 0xff, 0xff,
    0xff, 0xff, 0xff, 0xff, 0xf0, 0x0, 0x0, 0xf,
    0xfe, 0x0, 0x0, 0x1, 0xff, 0xc0, 0x0, 0x0,
    0x3f, 0xf8, 0x0, 0x0, 0x7, 0xff, 0x0, 0x0,
    0x0, 0xff, 0xe0, 0x0, 0x0, 0x1f, 0xfc, 0x0,
    0x0, 0x3, 0xff, 0x80, 0x0, 0x0, 0x7f, 0xf0,
    0x0, 0x0, 0xf, 0xfe, 0x0, 0x0, 0x1, 0xff,
    0xc0, 0x0, 0x0, 0x3f, 0xf8, 0x0, 0x0, 0x7,
    0xff, 0x0, 0x0, 0x0, 0xff, 0xe0, 0x0, 0x0,
    0x1f, 0xff, 0xff, 0xff, 0xc3, 0xff, 0xff, 0xff,
    0xf8, 0x7f, 0xff, 0xff, 0xff, 0xf, 0xff, 0xff,
    0xff, 0xe1, 0xff, 0xff, 0xff, 0xfc, 0x3f, 0xff,
    0xff, 0xff, 0x87, 0xff, 0xff, 0xff, 0xf0, 0xff,
    0xff, 0xff, 0xfe, 0x1f, 0xfc, 0x0, 0x0, 0x3,
    0xff, 0x80, 0x0, 0x0, 0x7f, 0xf0, 0x0, 0x0,
    0xf, 0xfe, 0x0, 0x0, 0x1, 0xff, 0xc0, 0x0,
    0x0, 0x3f, 0xf8, 0x0, 0x0, 0x7, 0xff, 0x0,
    0x0, 0x0, 0xff, 0xe0, 0x0, 0x0, 0x1f, 0xfc,
    0x0, 0x0, 0x3, 0xff, 0x80, 0x0, 0x0, 0x7f,
    0xf0, 0x0, 0x0, 0xf, 0xfe, 0x0, 0x0, 0x1,
    0xff, 0xc0, 0x0, 0x0, 0x3f, 0xf8, 0x0, 0x0,
    0x7, 0xff, 0xff, 0xff, 0xff, 0xff, 0xff, 0xff,
    0xff, 0xff, 0xff, 0xff, 0xff, 0xff, 0xff, 0xff,
    0xff, 0xff, 0xff, 0xff, 0xff, 0xff, 0xff, 0xff,
    0xff, 0xff, 0xff, 0xff, 0xff, 0xff, 0xff, 0xff,
    0xff, 0xff, 0xff, 0xf8,

    /* U+00CC "Ì" */
    0x7f, 0xf0, 0x7, 0xff, 0x0, 0xff, 0xe0, 0xf,
    0xfe, 0x0, 0xff, 0xe0, 0xf, 0xfc, 0x0, 0xff,
    0xc0, 0xf, 0xf8, 0x0, 0xff, 0x80, 0xf, 0xf8,
    0x1, 0xff, 0x0, 0x0, 0x0, 0x0, 0x0, 0x1,
    0xff, 0xc0, 0x3f, 0xf8, 0x7, 0xff, 0x0, 0xff,
    0xe0, 0x1f, 0xfc, 0x3, 0xff, 0x80, 0x7f, 0xf0,
    0xf, 0xfe, 0x1, 0xff, 0xc0, 0x3f, 0xf8, 0x7,
    0xff, 0x0, 0xff, 0xe0, 0x1f, 0xfc, 0x3, 0xff,
    0x80, 0x7f, 0xf0, 0xf, 0xfe, 0x1, 0xff, 0xc0,
    0x3f, 0xf8, 0x7, 0xff, 0x0, 0xff, 0xe0, 0x1f,
    0xfc, 0x3, 0xff, 0x80, 0x7f, 0xf0, 0xf, 0xfe,
    0x1, 0xff, 0xc0, 0x3f, 0xf8, 0x7, 0xff, 0x0,
    0xff, 0xe0, 0x1f, 0xfc, 0x3, 0xff, 0x80, 0x7f,
    0xf0, 0xf, 0xfe, 0x1, 0xff, 0xc0, 0x3f, 0xf8,
    0x7, 0xff, 0x0, 0xff, 0xe0, 0x1f, 0xfc, 0x3,
    0xff, 0x80, 0x7f, 0xf0, 0xf, 0xfe, 0x1, 0xff,
    0xc0, 0x3f, 0xf8, 0x7, 0xff, 0x0, 0xff, 0xe0,
    0x1f, 0xfc, 0x3, 0xff, 0x80, 0x7f, 0xf0, 0xf,
    0xfe, 0x1, 0xff, 0xc0, 0x3f, 0xf8, 0x7, 0xff,
    0x0, 0xff, 0xe0,

    /* U+00CD "Í" */
    0x1, 0xff, 0xc0, 0x7f, 0xf0, 0xf, 0xfe, 0x3,
    0xff, 0x80, 0xff, 0xe0, 0x1f, 0xf8, 0x7, 0xfe,
    0x0, 0xff, 0x80, 0x3f, 0xe0, 0xf, 0xf8, 0x1,
    0xff, 0x0, 0x0, 0x0, 0x0, 0x0, 0x1, 0xff,
    0xc0, 0x3f, 0xf8, 0x7, 0xff, 0x0, 0xff, 0xe0,
    0x1f, 0xfc, 0x3, 0xff, 0x80, 0x7f, 0xf0, 0xf,
    0xfe, 0x1, 0xff, 0xc0, 0x3f, 0xf8, 0x7, 0xff,
    0x0, 0xff, 0xe0, 0x1f, 0xfc, 0x3, 0xff, 0x80,
    0x7f, 0xf0, 0xf, 0xfe, 0x1, 0xff, 0xc0, 0x3f,
    0xf8, 0x7, 0xff, 0x0, 0xff, 0xe0, 0x1f, 0xfc,
    0x3, 0xff, 0x80, 0x7f, 0xf0, 0xf, 0xfe, 0x1,
    0xff, 0xc0, 0x3f, 0xf8, 0x7, 0xff, 0x0, 0xff,
    0xe0, 0x1f, 0xfc, 0x3, 0xff, 0x80, 0x7f, 0xf0,
    0xf, 0xfe, 0x1, 0xff, 0xc0, 0x3f, 0xf8, 0x7,
    0xff, 0x0, 0xff, 0xe0, 0x1f, 0xfc, 0x3, 0xff,
    0x80, 0x7f, 0xf0, 0xf, 0xfe, 0x1, 0xff, 0xc0,
    0x3f, 0xf8, 0x7, 0xff, 0x0, 0xff, 0xe0, 0x1f,
    0xfc, 0x3, 0xff, 0x80, 0x7f, 0xf0, 0xf, 0xfe,
    0x1, 0xff, 0xc0, 0x3f, 0xf8, 0x7, 0xff, 0x0,
    0xff, 0xe0, 0x0,

    /* U+00CE "Î" */
    0x0, 0x3f, 0x80, 0x0, 0x7, 0xfc, 0x0, 0x0,
    0xff, 0xe0, 0x0, 0x1f, 0xff, 0x0, 0x3, 0xff,
    0xf8, 0x0, 0x7f, 0xff, 0xc0, 0xf, 0xfb, 0xfe,
    0x3, 0xff, 0x1f, 0xf0, 0x7f, 0xc0, 0x7f, 0x8f,
    0xf8, 0x3, 0xfc, 0xff, 0x0, 0x1f, 0xf0, 0x0,
    0x0, 0x0, 0x0, 0x0, 0x0, 0x0, 0x0, 0x0,
    0x0, 0x0, 0xff, 0xe0, 0x0, 0xf, 0xfe, 0x0,
    0x0, 0xff, 0xe0, 0x0, 0xf, 0xfe, 0x0, 0x0,
    0xff, 0xe0, 0x0, 0xf, 0xfe, 0x0, 0x0, 0xff,
    0xe0, 0x0, 0xf, 0xfe, 0x0, 0x0, 0xff, 0xe0,
    0x0, 0xf, 0xfe, 0x0, 0x0, 0xff, 0xe0, 0x0,
    0xf, 0xfe, 0x0, 0x0, 0xff, 0xe0, 0x0, 0xf,
    0xfe, 0x0, 0x0, 0xff, 0xe0, 0x0, 0xf, 0xfe,
    0x0, 0x0, 0xff, 0xe0, 0x0, 0xf, 0xfe, 0x0,
    0x0, 0xff, 0xe0, 0x0, 0xf, 0xfe, 0x0, 0x0,
    0xff, 0xe0, 0x0, 0xf, 0xfe, 0x0, 0x0, 0xff,
    0xe0, 0x0, 0xf, 0xfe, 0x0, 0x0, 0xff, 0xe0,
    0x0, 0xf, 0xfe, 0x0, 0x0, 0xff, 0xe0, 0x0,
    0xf, 0xfe, 0x0, 0x0, 0xff, 0xe0, 0x0, 0xf,
    0xfe, 0x0, 0x0, 0xff, 0xe0, 0x0, 0xf, 0xfe,
    0x0, 0x0, 0xff, 0xe0, 0x0, 0xf, 0xfe, 0x0,
    0x0, 0xff, 0xe0, 0x0, 0xf, 0xfe, 0x0, 0x0,
    0xff, 0xe0, 0x0, 0xf, 0xfe, 0x0, 0x0, 0xff,
    0xe0, 0x0, 0xf, 0xfe, 0x0, 0x0, 0xff, 0xe0,
    0x0, 0xf, 0xfe, 0x0, 0x0, 0xff, 0xe0, 0x0,
    0xf, 0xfe, 0x0, 0x0, 0xff, 0xe0, 0x0, 0xf,
    0xfe, 0x0, 0x0, 0xff, 0xe0, 0x0, 0xf, 0xfe,
    0x0, 0x0, 0xff, 0xe0, 0x0, 0xf, 0xfe, 0x0,
    0x0, 0xff, 0xe0, 0x0, 0xf, 0xfe, 0x0,

    /* U+00CF "Ï" */
    0x1e, 0x0, 0x7, 0x87, 0xf8, 0x1, 0xfe, 0xff,
    0xc0, 0x3f, 0xff, 0xfc, 0x3, 0xff, 0xff, 0xc0,
    0x3f, 0xff, 0xfc, 0x3, 0xff, 0x7f, 0x80, 0x1f,
    0xe3, 0xf0, 0x0, 0xfc, 0x0, 0x0, 0x0, 0x0,
    0x0, 0x0, 0x0, 0x0, 0x0, 0x0, 0x0, 0x7,
    0xff, 0x0, 0x0, 0x7f, 0xf0, 0x0, 0x7, 0xff,
    0x0, 0x0, 0x7f, 0xf0, 0x0, 0x7, 0xff, 0x0,
    0x0, 0x7f, 0xf0, 0x0, 0x7, 0xff, 0x0, 0x0,
    0x7f, 0xf0, 0x0, 0x7, 0xff, 0x0, 0x0, 0x7f,
    0xf0, 0x0, 0x7, 0xff, 0x0, 0x0, 0x7f, 0xf0,
    0x0, 0x7, 0xff, 0x0, 0x0, 0x7f, 0xf0, 0x0,
    0x7, 0xff, 0x0, 0x0, 0x7f, 0xf0, 0x0, 0x7,
    0xff, 0x0, 0x0, 0x7f, 0xf0, 0x0, 0x7, 0xff,
    0x0, 0x0, 0x7f, 0xf0, 0x0, 0x7, 0xff, 0x0,
    0x0, 0x7f, 0xf0, 0x0, 0x7, 0xff, 0x0, 0x0,
    0x7f, 0xf0, 0x0, 0x7, 0xff, 0x0, 0x0, 0x7f,
    0xf0, 0x0, 0x7, 0xff, 0x0, 0x0, 0x7f, 0xf0,
    0x0, 0x7, 0xff, 0x0, 0x0, 0x7f, 0xf0, 0x0,
    0x7, 0xff, 0x0, 0x0, 0x7f, 0xf0, 0x0, 0x7,
    0xff, 0x0, 0x0, 0x7f, 0xf0, 0x0, 0x7, 0xff,
    0x0, 0x0, 0x7f, 0xf0, 0x0, 0x7, 0xff, 0x0,
    0x0, 0x7f, 0xf0, 0x0, 0x7, 0xff, 0x0, 0x0,
    0x7f, 0xf0, 0x0, 0x7, 0xff, 0x0, 0x0, 0x7f,
    0xf0, 0x0, 0x7, 0xff, 0x0, 0x0, 0x7f, 0xf0,
    0x0, 0x7, 0xff, 0x0, 0x0, 0x7f, 0xf0, 0x0,
    0x7, 0xff, 0x0, 0x0, 0x7f, 0xf0, 0x0, 0x7,
    0xff, 0x0, 0x0, 0x7f, 0xf0, 0x0, 0x7, 0xff,
    0x0, 0x0, 0x7f, 0xf0, 0x0,

    /* U+00D0 "Ð" */
    0x7, 0xff, 0xff, 0xc0, 0x0, 0x0, 0x7f, 0xff,
    0xff, 0x80, 0x0, 0x7, 0xff, 0xff, 0xff, 0x0,
    0x0, 0x7f, 0xff, 0xff, 0xf8, 0x0, 0x7, 0xff,
    0xff, 0xff, 0xe0, 0x0, 0x7f, 0xff, 0xff, 0xff,
    0x0, 0x7, 0xff, 0xff, 0xff, 0xf8, 0x0, 0x7f,
    0xff, 0xff, 0xff, 0xc0, 0x7, 0xff, 0x0, 0x7f,
    0xfe, 0x0, 0x7f, 0xf0, 0x1, 0xff, 0xf0, 0x7,
    0xff, 0x0, 0xf, 0xff, 0x0, 0x7f, 0xf0, 0x0,
    0x7f, 0xf8, 0x7, 0xff, 0x0, 0x3, 0xff, 0x80,
    0x7f, 0xf0, 0x0, 0x1f, 0xfc, 0x7, 0xff, 0x0,
    0x1, 0xff, 0xc0, 0x7f, 0xf0, 0x0, 0xf, 0xfe,
    0x7, 0xff, 0x0, 0x0, 0xff, 0xe0, 0x7f, 0xf0,
    0x0, 0xf, 0xfe, 0x7, 0xff, 0x0, 0x0, 0xff,
    0xe0, 0x7f, 0xf0, 0x0, 0x7, 0xff, 0x7, 0xff,
    0x0, 0x0, 0x7f, 0xf0, 0x7f, 0xf0, 0x0, 0x7,
    0xff, 0x7, 0xff, 0x0, 0x0, 0x7f, 0xff, 0xff,
    0xff, 0xf8, 0x7, 0xff, 0xff, 0xff, 0xff, 0x80,
    0x7f, 0xff, 0xff, 0xff, 0xf8, 0x7, 0xff, 0xff,
    0xff, 0xff, 0x80, 0x7f, 0xff, 0xff, 0xff, 0xf8,
    0x7, 0xff, 0xff, 0xff, 0xff, 0x80, 0x7f, 0xf0,
    0x7f, 0xf0, 0x0, 0x7, 0xff, 0x7, 0xff, 0x0,
    0x0, 0x7f, 0xf0, 0x7f, 0xf0, 0x0, 0x7, 0xff,
    0x7, 0xff, 0x0, 0x0, 0x7f, 0xf0, 0x7f, 0xf0,
    0x0, 0xf, 0xfe, 0x7, 0xff, 0x0, 0x0, 0xff,
    0xe0, 0x7f, 0xf0, 0x0, 0xf, 0xfe, 0x7, 0xff,
    0x0, 0x0, 0xff, 0xe0, 0x7f, 0xf0, 0x0, 0x1f,
    0xfc, 0x7, 0xff, 0x0, 0x1, 0xff, 0xc0, 0x7f,
    0xf0, 0x0, 0x3f, 0xf8, 0x7, 0xff, 0x0, 0x7,
    0xff, 0x80, 0x7f, 0xf0, 0x0, 0xff, 0xf0, 0x7,
    0xff, 0x0, 0x1f, 0xff, 0x0, 0x7f, 0xf0, 0x7,
    0xff, 0xe0, 0x7, 0xff, 0xff, 0xff, 0xfc, 0x0,
    0x7f, 0xff, 0xff, 0xff, 0x80, 0x7, 0xff, 0xff,
    0xff, 0xf0, 0x0, 0x7f, 0xff, 0xff, 0xfe, 0x0,
    0x7, 0xff, 0xff, 0xff, 0x80, 0x0, 0x7f, 0xff,
    0xff, 0xf0, 0x0, 0x7, 0xff, 0xff, 0xfc, 0x0,
    0x0, 0x7f, 0xff, 0xfc, 0x0, 0x0,

    /* U+00D1 "Ñ" */
    0x0, 0x7, 0xe0, 0x7, 0xe0, 0x0, 0x3, 0xfe,
    0x1, 0xf8, 0x0, 0x3, 0xff, 0xe0, 0xfe, 0x0,
    0x0, 0xff, 0xff, 0xff, 0x0, 0x0, 0x7f, 0xff,
    0xff, 0xc0, 0x0, 0x1f, 0xff, 0xff, 0xe0, 0x0,
    0xf, 0xe1, 0xff, 0xf8, 0x0, 0x3, 0xf0, 0x1f,
    0xf8, 0x0, 0x0, 0xfc, 0x0, 0xfc, 0x0, 0x0,
    0x0, 0x0, 0x0, 0x0, 0x0, 0x0, 0x0, 0x0,
    0x0, 0x0, 0x0, 0x0, 0x0, 0x0, 0x0, 0x0,
    0x0, 0x0, 0x0, 0x0, 0x3f, 0xf8, 0x0, 0x0,
    0x7f, 0xff, 0xff, 0x0, 0x0, 0x1f, 0xff, 0xff,
    0xc0, 0x0, 0x7, 0xff, 0xff, 0xf8, 0x0, 0x1,
    0xff, 0xff, 0xff, 0x0, 0x0, 0x7f, 0xff, 0xff,
    0xc0, 0x0, 0x1f, 0xff, 0xff, 0xf8, 0x0, 0x7,
    0xff, 0xff, 0xfe, 0x0, 0x1, 0xff, 0xff, 0xff,
    0xc0, 0x0, 0x7f, 0xff, 0xff, 0xf8, 0x0, 0x1f,
    0xff, 0xff, 0xfe, 0x0, 0x7, 0xff, 0xff, 0xff,
    0xc0, 0x1, 0xff, 0xff, 0xff, 0xf0, 0x0, 0x7f,
    0xff, 0xff, 0xfe, 0x0, 0x1f, 0xff, 0xff, 0xff,
    0xc0, 0x7, 0xff, 0xff, 0xff, 0xf0, 0x1, 0xff,
    0xff, 0xff, 0xfe, 0x0, 0x7f, 0xff, 0xff, 0xff,
    0x80, 0x1f, 0xff, 0xff, 0xff, 0xf0, 0x7, 0xff,
    0xff, 0xef, 0xfe, 0x1, 0xff, 0xff, 0xfb, 0xff,
    0x80, 0x7f, 0xff, 0xfe, 0x7f, 0xf0, 0x1f, 0xff,
    0xff, 0x9f, 0xfc, 0x7, 0xff, 0xff, 0xe3, 0xff,
    0x81, 0xff, 0xff, 0xf8, 0x7f, 0xf0, 0x7f, 0xff,
    0xfe, 0x1f, 0xfc, 0x1f, 0xff, 0xff, 0x83, 0xff,
    0x87, 0xff, 0xff, 0xe0, 0xff, 0xe1, 0xff, 0xff,
    0xf8, 0x1f, 0xfc, 0x7f, 0xff, 0xfe, 0x3, 0xff,
    0x9f, 0xff, 0xff, 0x80, 0xff, 0xe7, 0xff, 0xff,
    0xe0, 0x1f, 0xfd, 0xff, 0xff, 0xf8, 0x7, 0xff,
    0x7f, 0xff, 0xfe, 0x0, 0xff, 0xff, 0xff, 0xff,
    0x80, 0x1f, 0xff, 0xff, 0xff, 0xe0, 0x7, 0xff,
    0xff, 0xff, 0xf8, 0x0, 0xff, 0xff, 0xff, 0xfe,
    0x0, 0x3f, 0xff, 0xff, 0xff, 0x80, 0x7, 0xff,
    0xff, 0xff, 0xe0, 0x0, 0xff, 0xff, 0xff, 0xf8,
    0x0, 0x3f, 0xff, 0xff, 0xfe, 0x0, 0x7, 0xff,
    0xff, 0xff, 0x80, 0x1, 0xff, 0xff, 0xff, 0xe0,
    0x0, 0x3f, 0xff, 0xff, 0xf8, 0x0, 0xf, 0xff,
    0xff, 0xfe, 0x0, 0x1, 0xff, 0xff, 0xff, 0x80,
    0x0, 0x3f, 0xff, 0xff, 0xe0, 0x0, 0xf, 0xff,
    0xff, 0xf8, 0x0, 0x1, 0xff, 0xff, 0xfe, 0x0,
    0x0, 0x7f, 0xff, 0xff, 0x80, 0x0, 0xf, 0xff,
    0xff, 0xe0, 0x0, 0x1, 0xff, 0xc0,

    /* U+00D2 "Ò" */
    0x0, 0x7f, 0xf8, 0x0, 0x0, 0x0, 0x3, 0xff,
    0x80, 0x0, 0x0, 0x0, 0x3f, 0xfc, 0x0, 0x0,
    0x0, 0x1, 0xff, 0xe0, 0x0, 0x0, 0x0, 0xf,
    0xfe, 0x0, 0x0, 0x0, 0x0, 0x7f, 0xf0, 0x0,
    0x0, 0x0, 0x3, 0xff, 0x80, 0x0, 0x0, 0x0,
    0x1f, 0xf8, 0x0, 0x0, 0x0, 0x0, 0xff, 0xc0,
    0x0, 0x0, 0x0, 0x7, 0xfe, 0x0, 0x0, 0x0,
    0x0, 0x3f, 0xe0, 0x0, 0x0, 0x0, 0x0, 0x0,
    0x0, 0x0, 0x0, 0x0, 0x0, 0x0, 0x0, 0x0,
    0x0, 0x0, 0x0, 0x0, 0x0, 0x0, 0x1, 0xff,
    0xf8, 0x0, 0x0, 0x0, 0x7f, 0xff, 0xe0, 0x0,
    0x0, 0x1f, 0xff, 0xff, 0x80, 0x0, 0x7, 0xff,
    0xff, 0xfe, 0x0, 0x0, 0xff, 0xff, 0xff, 0xf0,
    0x0, 0x1f, 0xff, 0xff, 0xff, 0x80, 0x3, 0xff,
    0xff, 0xff, 0xfc, 0x0, 0x7f, 0xff, 0xff, 0xff,
    0xe0, 0xf, 0xff, 0x80, 0x3f, 0xff, 0x0, 0xff,
    0xf0, 0x0, 0xff, 0xf0, 0x1f, 0xfe, 0x0, 0x7,
    0xff, 0x81, 0xff, 0xc0, 0x0, 0x3f, 0xf8, 0x3f,
    0xf8, 0x0, 0x3, 0xff, 0xc3, 0xff, 0x80, 0x0,
    0x1f, 0xfc, 0x3f, 0xf8, 0x0, 0x1, 0xff, 0xc7,
    0xff, 0x0, 0x0, 0xf, 0xfe, 0x7f, 0xf0, 0x0,
    0x0, 0xff, 0xe7, 0xff, 0x0, 0x0, 0xf, 0xfe,
    0xff, 0xe0, 0x0, 0x0, 0xff, 0xef, 0xfe, 0x0,
    0x0, 0x7, 0xff, 0xff, 0xe0, 0x0, 0x0, 0x7f,
    0xff, 0xfe, 0x0, 0x0, 0x7, 0xff, 0xff, 0xe0,
    0x0, 0x0, 0x7f, 0xff, 0xfe, 0x0, 0x0, 0x7,
    0xff, 0xff, 0xe0, 0x0, 0x0, 0x7f, 0xff, 0xfe,
    0x0, 0x0, 0x7, 0xff, 0xff, 0xe0, 0x0, 0x0,
    0x7f, 0xff, 0xfe, 0x0, 0x0, 0x7, 0xff, 0xff,
    0xe0, 0x0, 0x0, 0x7f, 0xff, 0xfe, 0x0, 0x0,
    0x7, 0xff, 0xff, 0xe0, 0x0, 0x0, 0x7f, 0xff,
    0xfe, 0x0, 0x0, 0x7, 0xff, 0xff, 0xe0, 0x0,
    0x0, 0x7f, 0xff, 0xfe, 0x0, 0x0, 0xf, 0xfe,
    0x7f, 0xf0, 0x0, 0x0, 0xff, 0xe7, 0xff, 0x0,
    0x0, 0xf, 0xfe, 0x7f, 0xf0, 0x0, 0x0, 0xff,
    0xe3, 0xff, 0x80, 0x0, 0x1f, 0xfc, 0x3f, 0xf8,
    0x0, 0x1, 0xff, 0xc3, 0xff, 0xc0, 0x0, 0x3f,
    0xfc, 0x1f, 0xfc, 0x0, 0x3, 0xff, 0x81, 0xff,
    0xe0, 0x0, 0x7f, 0xf8, 0xf, 0xff, 0x0, 0xf,
    0xff, 0x0, 0xff, 0xfc, 0x3, 0xff, 0xf0, 0x7,
    0xff, 0xff, 0xff, 0xfe, 0x0, 0x3f, 0xff, 0xff,
    0xff, 0xc0, 0x1, 0xff, 0xff, 0xff, 0xf8, 0x0,
    0xf, 0xff, 0xff, 0xff, 0x0, 0x0, 0x7f, 0xff,
    0xff, 0xe0, 0x0, 0x1, 0xff, 0xff, 0xf8, 0x0,
    0x0, 0x7, 0xff, 0xff, 0x0, 0x0, 0x0, 0x1f,
    0xff, 0x80, 0x0, 0x0, 0x0, 0x6, 0x0, 0x0,
    0x0,

    /* U+00D3 "Ó" */
    0x0, 0x0, 0x0, 0xff, 0xe0, 0x0, 0x0, 0x0,
    0x1f, 0xfe, 0x0, 0x0, 0x0, 0x3, 0xff, 0xc0,
    0x0, 0x0, 0x0, 0x3f, 0xf8, 0x0, 0x0, 0x0,
    0x7, 0xff, 0x0, 0x0, 0x0, 0x0, 0xff, 0xe0,
    0x0, 0x0, 0x0, 0xf, 0xfc, 0x0, 0x0, 0x0,
    0x1, 0xff, 0x80, 0x0, 0x0, 0x0, 0x3f, 0xf0,
    0x0, 0x0, 0x0, 0x3, 0xfe, 0x0, 0x0, 0x0,
    0x0, 0x7f, 0xc0, 0x0, 0x0, 0x0, 0x0, 0x0,
    0x0, 0x0, 0x0, 0x0, 0x0, 0x0, 0x0, 0x0,
    0x0, 0x0, 0x0, 0x0, 0x0, 0x0, 0x1, 0xff,
    0xf8, 0x0, 0x0, 0x0, 0x7f, 0xff, 0xe0, 0x0,
    0x0, 0x1f, 0xff, 0xff, 0x80, 0x0, 0x7, 0xff,
    0xff, 0xfe, 0x0, 0x0, 0xff, 0xff, 0xff, 0xf0,
    0x0, 0x1f, 0xff, 0xff, 0xff, 0x80, 0x3, 0xff,
    0xff, 0xff, 0xfc, 0x0, 0x7f, 0xff, 0xff, 0xff,
    0xe0, 0xf, 0xff, 0x80, 0x3f, 0xff, 0x0, 0xff,
    0xf0, 0x0, 0xff, 0xf0, 0x1f, 0xfe, 0x0, 0x7,
    0xff, 0x81, 0xff, 0xc0, 0x0, 0x3f, 0xf8, 0x3f,
    0xf8, 0x0, 0x3, 0xff, 0xc3, 0xff, 0x80, 0x0,
    0x1f, 0xfc, 0x3f, 0xf8, 0x0, 0x1, 0xff, 0xc7,
    0xff, 0x0, 0x0, 0xf, 0xfe, 0x7f, 0xf0, 0x0,
    0x0, 0xff, 0xe7, 0xff, 0x0, 0x0, 0xf, 0xfe,
    0xff, 0xe0, 0x0, 0x0, 0xff, 0xef, 0xfe, 0x0,
    0x0, 0x7, 0xff, 0xff, 0xe0, 0x0, 0x0, 0x7f,
    0xff, 0xfe, 0x0, 0x0, 0x7, 0xff, 0xff, 0xe0,
    0x0, 0x0, 0x7f, 0xff, 0xfe, 0x0, 0x0, 0x7,
    0xff, 0xff, 0xe0, 0x0, 0x0, 0x7f, 0xff, 0xfe,
    0x0, 0x0, 0x7, 0xff, 0xff, 0xe0, 0x0, 0x0,
    0x7f, 0xff, 0xfe, 0x0, 0x0, 0x7, 0xff, 0xff,
    0xe0, 0x0, 0x0, 0x7f, 0xff, 0xfe, 0x0, 0x0,
    0x7, 0xff, 0xff, 0xe0, 0x0, 0x0, 0x7f, 0xff,
    0xfe, 0x0, 0x0, 0x7, 0xff, 0xff, 0xe0, 0x0,
    0x0, 0x7f, 0xff, 0xfe, 0x0, 0x0, 0xf, 0xfe,
    0x7f, 0xf0, 0x0, 0x0, 0xff, 0xe7, 0xff, 0x0,
    0x0, 0xf, 0xfe, 0x7f, 0xf0, 0x0, 0x0, 0xff,
    0xe3, 0xff, 0x80, 0x0, 0x1f, 0xfc, 0x3f, 0xf8,
    0x0, 0x1, 0xff, 0xc3, 0xff, 0xc0, 0x0, 0x3f,
    0xfc, 0x1f, 0xfc, 0x0, 0x3, 0xff, 0x81, 0xff,
    0xe0, 0x0, 0x7f, 0xf8, 0xf, 0xff, 0x0, 0xf,
    0xff, 0x0, 0xff, 0xfc, 0x3, 0xff, 0xf0, 0x7,
    0xff, 0xff, 0xff, 0xfe, 0x0, 0x3f, 0xff, 0xff,
    0xff, 0xc0, 0x1, 0xff, 0xff, 0xff, 0xf8, 0x0,
    0xf, 0xff, 0xff, 0xff, 0x0, 0x0, 0x7f, 0xff,
    0xff, 0xe0, 0x0, 0x1, 0xff, 0xff, 0xf8, 0x0,
    0x0, 0x7, 0xff, 0xff, 0x0, 0x0, 0x0, 0x1f,
    0xff, 0x80, 0x0, 0x0, 0x0, 0x6, 0x0, 0x0,
    0x0,

    /* U+00D4 "Ô" */
    0x0, 0x0, 0x1f, 0x80, 0x0, 0x0, 0x0, 0x7,
    0xfc, 0x0, 0x0, 0x0, 0x0, 0xff, 0xf0, 0x0,
    0x0, 0x0, 0x1f, 0xff, 0x80, 0x0, 0x0, 0x3,
    0xff, 0xfc, 0x0, 0x0, 0x0, 0x7f, 0xff, 0xe0,
    0x0, 0x0, 0xf, 0xf9, 0xff, 0x0, 0x0, 0x3,
    0xff, 0xf, 0xf8, 0x0, 0x0, 0x7f, 0xe0, 0x7f,
    0xc0, 0x0, 0xf, 0xf8, 0x1, 0xfe, 0x0, 0x0,
    0xff, 0x0, 0xf, 0xf8, 0x0, 0x0, 0x0, 0x0,
    0x0, 0x0, 0x0, 0x0, 0x0, 0x0, 0x0, 0x0,
    0x0, 0x0, 0x0, 0x0, 0x0, 0x0, 0x1, 0xff,
    0xf8, 0x0, 0x0, 0x0, 0x7f, 0xff, 0xe0, 0x0,
    0x0, 0x1f, 0xff, 0xff, 0x80, 0x0, 0x7, 0xff,
    0xff, 0xfe, 0x0, 0x0, 0xff, 0xff, 0xff, 0xf0,
    0x0, 0x1f, 0xff, 0xff, 0xff, 0x80, 0x3, 0xff,
    0xff, 0xff, 0xfc, 0x0, 0x7f, 0xff, 0xff, 0xff,
    0xe0, 0xf, 0xff, 0x80, 0x3f, 0xff, 0x0, 0xff,
    0xf0, 0x0, 0xff, 0xf0, 0x1f, 0xfe, 0x0, 0x7,
    0xff, 0x81, 0xff, 0xc0, 0x0, 0x3f, 0xf8, 0x3f,
    0xf8, 0x0, 0x3, 0xff, 0xc3, 0xff, 0x80, 0x0,
    0x1f, 0xfc, 0x3f, 0xf8, 0x0, 0x1, 0xff, 0xc7,
    0xff, 0x0, 0x0, 0xf, 0xfe, 0x7f, 0xf0, 0x0,
    0x0, 0xff, 0xe7, 0xff, 0x0, 0x0, 0xf, 0xfe,
    0xff, 0xe0, 0x0, 0x0, 0xff, 0xef, 0xfe, 0x0,
    0x0, 0x7, 0xff, 0xff, 0xe0, 0x0, 0x0, 0x7f,
    0xff, 0xfe, 0x0, 0x0, 0x7, 0xff, 0xff, 0xe0,
    0x0, 0x0, 0x7f, 0xff, 0xfe, 0x0, 0x0, 0x7,
    0xff, 0xff, 0xe0, 0x0, 0x0, 0x7f, 0xff, 0xfe,
    0x0, 0x0, 0x7, 0xff, 0xff, 0xe0, 0x0, 0x0,
    0x7f, 0xff, 0xfe, 0x0, 0x0, 0x7, 0xff, 0xff,
    0xe0, 0x0, 0x0, 0x7f, 0xff, 0xfe, 0x0, 0x0,
    0x7, 0xff, 0xff, 0xe0, 0x0, 0x0, 0x7f, 0xff,
    0xfe, 0x0, 0x0, 0x7, 0xff, 0xff, 0xe0, 0x0,
    0x0, 0x7f, 0xff, 0xfe, 0x0, 0x0, 0xf, 0xfe,
    0x7f, 0xf0, 0x0, 0x0, 0xff, 0xe7, 0xff, 0x0,
    0x0, 0xf, 0xfe, 0x7f, 0xf0, 0x0, 0x0, 0xff,
    0xe3, 0xff, 0x80, 0x0, 0x1f, 0xfc, 0x3f, 0xf8,
    0x0, 0x1, 0xff, 0xc3, 0xff, 0xc0, 0x0, 0x3f,
    0xfc, 0x1f, 0xfc, 0x0, 0x3, 0xff, 0x81, 0xff,
    0xe0, 0x0, 0x7f, 0xf8, 0xf, 0xff, 0x0, 0xf,
    0xff, 0x0, 0xff, 0xfc, 0x3, 0xff, 0xf0, 0x7,
    0xff, 0xff, 0xff, 0xfe, 0x0, 0x3f, 0xff, 0xff,
    0xff, 0xc0, 0x1, 0xff, 0xff, 0xff, 0xf8, 0x0,
    0xf, 0xff, 0xff, 0xff, 0x0, 0x0, 0x7f, 0xff,
    0xff, 0xe0, 0x0, 0x1, 0xff, 0xff, 0xf8, 0x0,
    0x0, 0x7, 0xff, 0xff, 0x0, 0x0, 0x0, 0x1f,
    0xff, 0x80, 0x0, 0x0, 0x0, 0x6, 0x0, 0x0,
    0x0,

    /* U+00D5 "Õ" */
    0x0, 0x3, 0xe0, 0x7, 0xe0, 0x0, 0x0, 0xff,
    0xc0, 0x7e, 0x0, 0x0, 0x1f, 0xff, 0xf, 0xe0,
    0x0, 0x1, 0xff, 0xff, 0xfc, 0x0, 0x0, 0x3f,
    0xff, 0xff, 0xc0, 0x0, 0x3, 0xff, 0xff, 0xf8,
    0x0, 0x0, 0x7f, 0xf, 0xff, 0x80, 0x0, 0x7,
    0xe0, 0x3f, 0xf0, 0x0, 0x0, 0x7e, 0x0, 0xfc,
    0x0, 0x0, 0x0, 0x0, 0x0, 0x0, 0x0, 0x0,
    0x0, 0x0, 0x0, 0x0, 0x0, 0x0, 0x0, 0x0,
    0x0, 0x0, 0x0, 0x0, 0x0, 0x0, 0x0, 0x0,
    0x0, 0x1f, 0xff, 0x80, 0x0, 0x0, 0x7, 0xff,
    0xfe, 0x0, 0x0, 0x1, 0xff, 0xff, 0xf8, 0x0,
    0x0, 0x7f, 0xff, 0xff, 0xe0, 0x0, 0xf, 0xff,
    0xff, 0xff, 0x0, 0x1, 0xff, 0xff, 0xff, 0xf8,
    0x0, 0x3f, 0xff, 0xff, 0xff, 0xc0, 0x7, 0xff,
    0xff, 0xff, 0xfe, 0x0, 0xff, 0xf8, 0x3, 0xff,
    0xf0, 0xf, 0xff, 0x0, 0xf, 0xff, 0x1, 0xff,
    0xe0, 0x0, 0x7f, 0xf8, 0x1f, 0xfc, 0x0, 0x3,
    0xff, 0x83, 0xff, 0x80, 0x0, 0x3f, 0xfc, 0x3f,
    0xf8, 0x0, 0x1, 0xff, 0xc3, 0xff, 0x80, 0x0,
    0x1f, 0xfc, 0x7f, 0xf0, 0x0, 0x0, 0xff, 0xe7,
    0xff, 0x0, 0x0, 0xf, 0xfe, 0x7f, 0xf0, 0x0,
    0x0, 0xff, 0xef, 0xfe, 0x0, 0x0, 0xf, 0xfe,
    0xff, 0xe0, 0x0, 0x0, 0x7f, 0xff, 0xfe, 0x0,
    0x0, 0x7, 0xff, 0xff, 0xe0, 0x0, 0x0, 0x7f,
    0xff, 0xfe, 0x0, 0x0, 0x7, 0xff, 0xff, 0xe0,
    0x0, 0x0, 0x7f, 0xff, 0xfe, 0x0, 0x0, 0x7,
    0xff, 0xff, 0xe0, 0x0, 0x0, 0x7f, 0xff, 0xfe,
    0x0, 0x0, 0x7, 0xff, 0xff, 0xe0, 0x0, 0x0,
    0x7f, 0xff, 0xfe, 0x0, 0x0, 0x7, 0xff, 0xff,
    0xe0, 0x0, 0x0, 0x7f, 0xff, 0xfe, 0x0, 0x0,
    0x7, 0xff, 0xff, 0xe0, 0x0, 0x0, 0x7f, 0xff,
    0xfe, 0x0, 0x0, 0x7, 0xff, 0xff, 0xe0, 0x0,
    0x0, 0xff, 0xe7, 0xff, 0x0, 0x0, 0xf, 0xfe,
    0x7f, 0xf0, 0x0, 0x0, 0xff, 0xe7, 0xff, 0x0,
    0x0, 0xf, 0xfe, 0x3f, 0xf8, 0x0, 0x1, 0xff,
    0xc3, 0xff, 0x80, 0x0, 0x1f, 0xfc, 0x3f, 0xfc,
    0x0, 0x3, 0xff, 0xc1, 0xff, 0xc0, 0x0, 0x3f,
    0xf8, 0x1f, 0xfe, 0x0, 0x7, 0xff, 0x80, 0xff,
    0xf0, 0x0, 0xff, 0xf0, 0xf, 0xff, 0xc0, 0x3f,
    0xff, 0x0, 0x7f, 0xff, 0xff, 0xff, 0xe0, 0x3,
    0xff, 0xff, 0xff, 0xfc, 0x0, 0x1f, 0xff, 0xff,
    0xff, 0x80, 0x0, 0xff, 0xff, 0xff, 0xf0, 0x0,
    0x7, 0xff, 0xff, 0xfe, 0x0, 0x0, 0x1f, 0xff,
    0xff, 0x80, 0x0, 0x0, 0x7f, 0xff, 0xf0, 0x0,
    0x0, 0x1, 0xff, 0xf8, 0x0, 0x0, 0x0, 0x0,
    0x60, 0x0, 0x0,

    /* U+00D6 "Ö" */
    0x0, 0x1e, 0x0, 0x7, 0x80, 0x0, 0x7, 0xf8,
    0x1, 0xfe, 0x0, 0x0, 0xff, 0xc0, 0x3f, 0xf0,
    0x0, 0xf, 0xfc, 0x3, 0xff, 0x0, 0x0, 0xff,
    0xc0, 0x3f, 0xf0, 0x0, 0xf, 0xfc, 0x3, 0xff,
    0x0, 0x0, 0x7f, 0x80, 0x1f, 0xe0, 0x0, 0x3,
    0xf0, 0x0, 0xfc, 0x0, 0x0, 0x0, 0x0, 0x0,
    0x0, 0x0, 0x0, 0x0, 0x0, 0x0, 0x0, 0x0,
    0x0, 0x0, 0x0, 0x0, 0x0, 0x0, 0x0, 0x0,
    0x0, 0x0, 0x0, 0x1, 0xff, 0xf8, 0x0, 0x0,
    0x0, 0x7f, 0xff, 0xe0, 0x0, 0x0, 0x1f, 0xff,
    0xff, 0x80, 0x0, 0x7, 0xff, 0xff, 0xfe, 0x0,
    0x0, 0xff, 0xff, 0xff, 0xf0, 0x0, 0x1f, 0xff,
    0xff, 0xff, 0x80, 0x3, 0xff, 0xff, 0xff, 0xfc,
    0x0, 0x7f, 0xff, 0xff, 0xff, 0xe0, 0xf, 0xff,
    0x80, 0x3f, 0xff, 0x0, 0xff, 0xf0, 0x0, 0xff,
    0xf0, 0x1f, 0xfe, 0x0, 0x7, 0xff, 0x81, 0xff,
    0xc0, 0x0, 0x3f, 0xf8, 0x3f, 0xf8, 0x0, 0x3,
    0xff, 0xc3, 0xff, 0x80, 0x0, 0x1f, 0xfc, 0x3f,
    0xf8, 0x0, 0x1, 0xff, 0xc7, 0xff, 0x0, 0x0,
    0xf, 0xfe, 0x7f, 0xf0, 0x0, 0x0, 0xff, 0xe7,
    0xff, 0x0, 0x0, 0xf, 0xfe, 0xff, 0xe0, 0x0,
    0x0, 0xff, 0xef, 0xfe, 0x0, 0x0, 0x7, 0xff,
    0xff, 0xe0, 0x0, 0x0, 0x7f, 0xff, 0xfe, 0x0,
    0x0, 0x7, 0xff, 0xff, 0xe0, 0x0, 0x0, 0x7f,
    0xff, 0xfe, 0x0, 0x0, 0x7, 0xff, 0xff, 0xe0,
    0x0, 0x0, 0x7f, 0xff, 0xfe, 0x0, 0x0, 0x7,
    0xff, 0xff, 0xe0, 0x0, 0x0, 0x7f, 0xff, 0xfe,
    0x0, 0x0, 0x7, 0xff, 0xff, 0xe0, 0x0, 0x0,
    0x7f, 0xff, 0xfe, 0x0, 0x0, 0x7, 0xff, 0xff,
    0xe0, 0x0, 0x0, 0x7f, 0xff, 0xfe, 0x0, 0x0,
    0x7, 0xff, 0xff, 0xe0, 0x0, 0x0, 0x7f, 0xff,
    0xfe, 0x0, 0x0, 0xf, 0xfe, 0x7f, 0xf0, 0x0,
    0x0, 0xff, 0xe7, 0xff, 0x0, 0x0, 0xf, 0xfe,
    0x7f, 0xf0, 0x0, 0x0, 0xff, 0xe3, 0xff, 0x80,
    0x0, 0x1f, 0xfc, 0x3f, 0xf8, 0x0, 0x1, 0xff,
    0xc3, 0xff, 0xc0, 0x0, 0x3f, 0xfc, 0x1f, 0xfc,
    0x0, 0x3, 0xff, 0x81, 0xff, 0xe0, 0x0, 0x7f,
    0xf8, 0xf, 0xff, 0x0, 0xf, 0xff, 0x0, 0xff,
    0xfc, 0x3, 0xff, 0xf0, 0x7, 0xff, 0xff, 0xff,
    0xfe, 0x0, 0x3f, 0xff, 0xff, 0xff, 0xc0, 0x1,
    0xff, 0xff, 0xff, 0xf8, 0x0, 0xf, 0xff, 0xff,
    0xff, 0x0, 0x0, 0x7f, 0xff, 0xff, 0xe0, 0x0,
    0x1, 0xff, 0xff, 0xf8, 0x0, 0x0, 0x7, 0xff,
    0xff, 0x0, 0x0, 0x0, 0x1f, 0xff, 0x80, 0x0,
    0x0, 0x0, 0x6, 0x0, 0x0, 0x0,

    /* U+00D7 "×" */
    0x2, 0x0, 0x0, 0x10, 0x1, 0xc0, 0x0, 0xe,
    0x0, 0xf8, 0x0, 0x7, 0xc0, 0x7f, 0x0, 0x3,
    0xf8, 0x7f, 0xe0, 0x1, 0xff, 0x3f, 0xfc, 0x0,
    0xff, 0xe7, 0xff, 0x80, 0x7f, 0xf8, 0xff, 0xf0,
    0x3f, 0xfc, 0x1f, 0xfe, 0x1f, 0xfe, 0x3, 0xff,
    0xcf, 0xff, 0x0, 0x7f, 0xff, 0xff, 0x80, 0xf,
    0xff, 0xff, 0xc0, 0x1, 0xff, 0xff, 0xe0, 0x0,
    0x3f, 0xff, 0xf0, 0x0, 0xf, 0xff, 0xf8, 0x0,
    0x1, 0xff, 0xfc, 0x0, 0x0, 0x3f, 0xfe, 0x0,
    0x0, 0xf, 0xff, 0xc0, 0x0, 0x7, 0xff, 0xf8,
    0x0, 0x3, 0xff, 0xff, 0x0, 0x1, 0xff, 0xff,
    0xe0, 0x0, 0xff, 0xff, 0xfc, 0x0, 0x7f, 0xff,
    0xff, 0x80, 0x3f, 0xff, 0xff, 0xf0, 0x1f, 0xff,
    0x3f, 0xfe, 0xf, 0xff, 0x87, 0xff, 0xc7, 0xff,
    0xc0, 0xff, 0xfb, 0xff, 0xe0, 0x1f, 0xff, 0x7f,
    0xf0, 0x3, 0xff, 0x8f, 0xf8, 0x0, 0x7f, 0xc1,
    0xfc, 0x0, 0xf, 0xe0, 0x3e, 0x0, 0x1, 0xf0,
    0x7, 0x0, 0x0, 0x38, 0x0, 0x80, 0x0, 0x4,
    0x0,

    /* U+00D8 "Ø" */
    0x0, 0x0, 0x0, 0x0, 0x1f, 0xc0, 0x0, 0x0,
    0x0, 0x3, 0xf8, 0x0, 0x1, 0xff, 0xf8, 0x3f,
    0x0, 0x0, 0x7f, 0xff, 0xe7, 0xf0, 0x0, 0x1f,
    0xff, 0xff, 0xfe, 0x0, 0x7, 0xff, 0xff, 0xff,
    0xe0, 0x0, 0xff, 0xff, 0xff, 0xfc, 0x0, 0x1f,
    0xff, 0xff, 0xff, 0x80, 0x3, 0xff, 0xff, 0xff,
    0xfc, 0x0, 0x7f, 0xff, 0xff, 0xff, 0xe0, 0xf,
    0xff, 0x80, 0x3f, 0xff, 0x0, 0xff, 0xf0, 0x0,
    0xff, 0xf0, 0x1f, 0xfe, 0x0, 0xf, 0xff, 0x81,
    0xff, 0xc0, 0x1, 0xff, 0xf8, 0x3f, 0xf8, 0x0,
    0x1f, 0xff, 0xc3, 0xff, 0x80, 0x3, 0xff, 0xfc,
    0x3f, 0xf8, 0x0, 0x3f, 0xff, 0xc7, 0xff, 0x0,
    0x7, 0xff, 0xfe, 0x7f, 0xf0, 0x0, 0xfe, 0xff,
    0xe7, 0xff, 0x0, 0xf, 0xcf, 0xfe, 0xff, 0xe0,
    0x1, 0xfc, 0x7f, 0xef, 0xfe, 0x0, 0x1f, 0x87,
    0xff, 0xff, 0xe0, 0x3, 0xf8, 0x7f, 0xff, 0xfe,
    0x0, 0x7f, 0x7, 0xff, 0xff, 0xe0, 0x7, 0xe0,
    0x7f, 0xff, 0xfe, 0x0, 0xfe, 0x7, 0xff, 0xff,
    0xe0, 0xf, 0xc0, 0x7f, 0xff, 0xfe, 0x1, 0xfc,
    0x7, 0xff, 0xff, 0xe0, 0x1f, 0x80, 0x7f, 0xff,
    0xfe, 0x3, 0xf8, 0x7, 0xff, 0xff, 0xe0, 0x7f,
    0x0, 0x7f, 0xff, 0xfe, 0x7, 0xe0, 0x7, 0xff,
    0xff, 0xe0, 0xfe, 0x0, 0x7f, 0xff, 0xfe, 0xf,
    0xc0, 0x7, 0xff, 0xff, 0xe1, 0xfc, 0x0, 0x7f,
    0xf7, 0xff, 0x3f, 0x80, 0xf, 0xfe, 0x7f, 0xf3,
    0xf0, 0x0, 0xff, 0xe7, 0xff, 0x7f, 0x0, 0xf,
    0xfe, 0x7f, 0xf7, 0xe0, 0x0, 0xff, 0xe3, 0xff,
    0xfe, 0x0, 0x1f, 0xfc, 0x3f, 0xff, 0xc0, 0x1,
    0xff, 0xc3, 0xff, 0xfc, 0x0, 0x3f, 0xfc, 0x1f,
    0xff, 0x80, 0x3, 0xff, 0x81, 0xff, 0xf0, 0x0,
    0x7f, 0xf8, 0xf, 0xff, 0x0, 0xf, 0xff, 0x0,
    0xff, 0xfc, 0x3, 0xff, 0xf0, 0x7, 0xff, 0xff,
    0xff, 0xfe, 0x0, 0x3f, 0xff, 0xff, 0xff, 0xc0,
    0x1, 0xff, 0xff, 0xff, 0xf8, 0x0, 0x3f, 0xff,
    0xff, 0xff, 0x0, 0x3, 0xff, 0xff, 0xff, 0xe0,
    0x0, 0x7f, 0xff, 0xff, 0xf8, 0x0, 0xf, 0xe7,
    0xff, 0xfe, 0x0, 0x0, 0xfe, 0x1f, 0xff, 0x80,
    0x0, 0x1f, 0xc0, 0x6, 0x0, 0x0, 0x1, 0xf8,
    0x0, 0x0, 0x0, 0x0, 0x3f, 0x80, 0x0, 0x0,
    0x0, 0x0,

    /* U+00D9 "Ù" */
    0x3, 0xff, 0xc0, 0x0, 0x0, 0x1, 0xff, 0xe0,
    0x0, 0x0, 0x0, 0xff, 0xf0, 0x0, 0x0, 0x0,
    0x7f, 0xf0, 0x0, 0x0, 0x0, 0x3f, 0xf8, 0x0,
    0x0, 0x0, 0x1f, 0xfc, 0x0, 0x0, 0x0, 0xf,
    0xfc, 0x0, 0x0, 0x0, 0x7, 0xfe, 0x0, 0x0,
    0x0, 0x3, 0xff, 0x0, 0x0, 0x0, 0x1, 0xff,
    0x80, 0x0, 0x0, 0x1, 0xff, 0x80, 0x0, 0x0,
    0x0, 0x0, 0x0, 0x0, 0x0, 0x0, 0x0, 0x0,
    0x0, 0x0, 0x0, 0x0, 0x0, 0x0, 0xff, 0xe0,
    0x0, 0x7, 0xff, 0xff, 0xe0, 0x0, 0x7, 0xff,
    0xff, 0xe0, 0x0, 0x7, 0xff, 0xff, 0xe0, 0x0,
    0x7, 0xff, 0xff, 0xe0, 0x0, 0x7, 0xff, 0xff,
    0xe0, 0x0, 0x7, 0xff, 0xff, 0xe0, 0x0, 0x7,
    0xff, 0xff, 0xe0, 0x0, 0x7, 0xff, 0xff, 0xe0,
    0x0, 0x7, 0xff, 0xff, 0xe0, 0x0, 0x7, 0xff,
    0xff, 0xe0, 0x0, 0x7, 0xff, 0xff, 0xe0, 0x0,
    0x7, 0xff, 0xff, 0xe0, 0x0, 0x7, 0xff, 0xff,
    0xe0, 0x0, 0x7, 0xff, 0xff, 0xe0, 0x0, 0x7,
    0xff, 0xff, 0xe0, 0x0, 0x7, 0xff, 0xff, 0xe0,
    0x0, 0x7, 0xff, 0xff, 0xe0, 0x0, 0x7, 0xff,
    0xff, 0xe0, 0x0, 0x7, 0xff, 0xff, 0xe0, 0x0,
    0x7, 0xff, 0xff, 0xe0, 0x0, 0x7, 0xff, 0xff,
    0xe0, 0x0, 0x7, 0xff, 0xff, 0xe0, 0x0, 0x7,
    0xff, 0xff, 0xe0, 0x0, 0x7, 0xff, 0xff, 0xe0,
    0x0, 0x7, 0xff, 0xff, 0xe0, 0x0, 0x7, 0xff,
    0xff, 0xe0, 0x0, 0x7, 0xff, 0xff, 0xe0, 0x0,
    0x7, 0xff, 0xff, 0xe0, 0x0, 0x7, 0xff, 0xff,
    0xe0, 0x0, 0x7, 0xff, 0xff, 0xe0, 0x0, 0x7,
    0xff, 0xff, 0xe0, 0x0, 0x7, 0xff, 0xff, 0xe0,
    0x0, 0x7, 0xff, 0xff, 0xe0, 0x0, 0x7, 0xff,
    0xff, 0xe0, 0x0, 0x7, 0xff, 0xff, 0xe0, 0x0,
    0x7, 0xff, 0xff, 0xe0, 0x0, 0x7, 0xff, 0xff,
    0xe0, 0x0, 0x7, 0xff, 0xff, 0xe0, 0x0, 0x7,
    0xff, 0x7f, 0xf0, 0x0, 0xf, 0xfe, 0x7f, 0xf0,
    0x0, 0xf, 0xfe, 0x7f, 0xf8, 0x0, 0x1f, 0xfe,
    0x3f, 0xfc, 0x0, 0x3f, 0xfc, 0x3f, 0xfe, 0x0,
    0x7f, 0xfc, 0x1f, 0xff, 0xff, 0xff, 0xf8, 0x1f,
    0xff, 0xff, 0xff, 0xf8, 0xf, 0xff, 0xff, 0xff,
    0xf0, 0x7, 0xff, 0xff, 0xff, 0xe0, 0x3, 0xff,
    0xff, 0xff, 0xc0, 0x0, 0xff, 0xff, 0xff, 0x0,
    0x0, 0x3f, 0xff, 0xfc, 0x0, 0x0, 0xf, 0xff,
    0xe0, 0x0, 0x0, 0x0, 0x18, 0x0, 0x0,

    /* U+00DA "Ú" */
    0x0, 0x0, 0x7, 0xff, 0x80, 0x0, 0x0, 0x7,
    0xff, 0x0, 0x0, 0x0, 0xf, 0xff, 0x0, 0x0,
    0x0, 0x1f, 0xfe, 0x0, 0x0, 0x0, 0x1f, 0xfc,
    0x0, 0x0, 0x0, 0x3f, 0xf8, 0x0, 0x0, 0x0,
    0x7f, 0xf0, 0x0, 0x0, 0x0, 0x7f, 0xe0, 0x0,
    0x0, 0x0, 0xff, 0xc0, 0x0, 0x0, 0x1, 0xff,
    0x80, 0x0, 0x0, 0x1, 0xff, 0x0, 0x0, 0x0,
    0x0, 0x0, 0x0, 0x0, 0x0, 0x0, 0x0, 0x0,
    0x0, 0x0, 0x0, 0x0, 0x0, 0x0, 0xff, 0xe0,
    0x0, 0x7, 0xff, 0xff, 0xe0, 0x0, 0x7, 0xff,
    0xff, 0xe0, 0x0, 0x7, 0xff, 0xff, 0xe0, 0x0,
    0x7, 0xff, 0xff, 0xe0, 0x0, 0x7, 0xff, 0xff,
    0xe0, 0x0, 0x7, 0xff, 0xff, 0xe0, 0x0, 0x7,
    0xff, 0xff, 0xe0, 0x0, 0x7, 0xff, 0xff, 0xe0,
    0x0, 0x7, 0xff, 0xff, 0xe0, 0x0, 0x7, 0xff,
    0xff, 0xe0, 0x0, 0x7, 0xff, 0xff, 0xe0, 0x0,
    0x7, 0xff, 0xff, 0xe0, 0x0, 0x7, 0xff, 0xff,
    0xe0, 0x0, 0x7, 0xff, 0xff, 0xe0, 0x0, 0x7,
    0xff, 0xff, 0xe0, 0x0, 0x7, 0xff, 0xff, 0xe0,
    0x0, 0x7, 0xff, 0xff, 0xe0, 0x0, 0x7, 0xff,
    0xff, 0xe0, 0x0, 0x7, 0xff, 0xff, 0xe0, 0x0,
    0x7, 0xff, 0xff, 0xe0, 0x0, 0x7, 0xff, 0xff,
    0xe0, 0x0, 0x7, 0xff, 0xff, 0xe0, 0x0, 0x7,
    0xff, 0xff, 0xe0, 0x0, 0x7, 0xff, 0xff, 0xe0,
    0x0, 0x7, 0xff, 0xff, 0xe0, 0x0, 0x7, 0xff,
    0xff, 0xe0, 0x0, 0x7, 0xff, 0xff, 0xe0, 0x0,
    0x7, 0xff, 0xff, 0xe0, 0x0, 0x7, 0xff, 0xff,
    0xe0, 0x0, 0x7, 0xff, 0xff, 0xe0, 0x0, 0x7,
    0xff, 0xff, 0xe0, 0x0, 0x7, 0xff, 0xff, 0xe0,
    0x0, 0x7, 0xff, 0xff, 0xe0, 0x0, 0x7, 0xff,
    0xff, 0xe0, 0x0, 0x7, 0xff, 0xff, 0xe0, 0x0,
    0x7, 0xff, 0xff, 0xe0, 0x0, 0x7, 0xff, 0xff,
    0xe0, 0x0, 0x7, 0xff, 0xff, 0xe0, 0x0, 0x7,
    0xff, 0x7f, 0xf0, 0x0, 0xf, 0xfe, 0x7f, 0xf0,
    0x0, 0xf, 0xfe, 0x7f, 0xf8, 0x0, 0x1f, 0xfe,
    0x3f, 0xfc, 0x0, 0x3f, 0xfc, 0x3f, 0xfe, 0x0,
    0x7f, 0xfc, 0x1f, 0xff, 0xff, 0xff, 0xf8, 0x1f,
    0xff, 0xff, 0xff, 0xf8, 0xf, 0xff, 0xff, 0xff,
    0xf0, 0x7, 0xff, 0xff, 0xff, 0xe0, 0x3, 0xff,
    0xff, 0xff, 0xc0, 0x0, 0xff, 0xff, 0xff, 0x0,
    0x0, 0x3f, 0xff, 0xfc, 0x0, 0x0, 0xf, 0xff,
    0xe0, 0x0, 0x0, 0x0, 0x18, 0x0, 0x0,

    /* U+00DB "Û" */
    0x0, 0x0, 0xfe, 0x0, 0x0, 0x0, 0x1, 0xff,
    0x0, 0x0, 0x0, 0x3, 0xff, 0x80, 0x0, 0x0,
    0x7, 0xff, 0xe0, 0x0, 0x0, 0xf, 0xff, 0xf0,
    0x0, 0x0, 0x1f, 0xff, 0xf8, 0x0, 0x0, 0x7f,
    0xe7, 0xfc, 0x0, 0x0, 0xff, 0xc3, 0xfe, 0x0,
    0x1, 0xff, 0x1, 0xff, 0x0, 0x3, 0xfe, 0x0,
    0xff, 0x80, 0x7, 0xfc, 0x0, 0x3f, 0xc0, 0x0,
    0x0, 0x0, 0x0, 0x0, 0x0, 0x0, 0x0, 0x0,
    0x0, 0x0, 0x0, 0x0, 0x0, 0x0, 0xff, 0xe0,
    0x0, 0x7, 0xff, 0xff, 0xe0, 0x0, 0x7, 0xff,
    0xff, 0xe0, 0x0, 0x7, 0xff, 0xff, 0xe0, 0x0,
    0x7, 0xff, 0xff, 0xe0, 0x0, 0x7, 0xff, 0xff,
    0xe0, 0x0, 0x7, 0xff, 0xff, 0xe0, 0x0, 0x7,
    0xff, 0xff, 0xe0, 0x0, 0x7, 0xff, 0xff, 0xe0,
    0x0, 0x7, 0xff, 0xff, 0xe0, 0x0, 0x7, 0xff,
    0xff, 0xe0, 0x0, 0x7, 0xff, 0xff, 0xe0, 0x0,
    0x7, 0xff, 0xff, 0xe0, 0x0, 0x7, 0xff, 0xff,
    0xe0, 0x0, 0x7, 0xff, 0xff, 0xe0, 0x0, 0x7,
    0xff, 0xff, 0xe0, 0x0, 0x7, 0xff, 0xff, 0xe0,
    0x0, 0x7, 0xff, 0xff, 0xe0, 0x0, 0x7, 0xff,
    0xff, 0xe0, 0x0, 0x7, 0xff, 0xff, 0xe0, 0x0,
    0x7, 0xff, 0xff, 0xe0, 0x0, 0x7, 0xff, 0xff,
    0xe0, 0x0, 0x7, 0xff, 0xff, 0xe0, 0x0, 0x7,
    0xff, 0xff, 0xe0, 0x0, 0x7, 0xff, 0xff, 0xe0,
    0x0, 0x7, 0xff, 0xff, 0xe0, 0x0, 0x7, 0xff,
    0xff, 0xe0, 0x0, 0x7, 0xff, 0xff, 0xe0, 0x0,
    0x7, 0xff, 0xff, 0xe0, 0x0, 0x7, 0xff, 0xff,
    0xe0, 0x0, 0x7, 0xff, 0xff, 0xe0, 0x0, 0x7,
    0xff, 0xff, 0xe0, 0x0, 0x7, 0xff, 0xff, 0xe0,
    0x0, 0x7, 0xff, 0xff, 0xe0, 0x0, 0x7, 0xff,
    0xff, 0xe0, 0x0, 0x7, 0xff, 0xff, 0xe0, 0x0,
    0x7, 0xff, 0xff, 0xe0, 0x0, 0x7, 0xff, 0xff,
    0xe0, 0x0, 0x7, 0xff, 0xff, 0xe0, 0x0, 0x7,
    0xff, 0x7f, 0xf0, 0x0, 0xf, 0xfe, 0x7f, 0xf0,
    0x0, 0xf, 0xfe, 0x7f, 0xf8, 0x0, 0x1f, 0xfe,
    0x3f, 0xfc, 0x0, 0x3f, 0xfc, 0x3f, 0xfe, 0x0,
    0x7f, 0xfc, 0x1f, 0xff, 0xff, 0xff, 0xf8, 0x1f,
    0xff, 0xff, 0xff, 0xf8, 0xf, 0xff, 0xff, 0xff,
    0xf0, 0x7, 0xff, 0xff, 0xff, 0xe0, 0x3, 0xff,
    0xff, 0xff, 0xc0, 0x0, 0xff, 0xff, 0xff, 0x0,
    0x0, 0x3f, 0xff, 0xfc, 0x0, 0x0, 0xf, 0xff,
    0xe0, 0x0, 0x0, 0x0, 0x18, 0x0, 0x0,

    /* U+00DC "Ü" */
    0x0, 0x78, 0x0, 0x1e, 0x0, 0x1, 0xfe, 0x0,
    0x7f, 0x80, 0x3, 0xff, 0x0, 0xff, 0xc0, 0x3,
    0xff, 0x0, 0xff, 0xc0, 0x3, 0xff, 0x0, 0xff,
    0xc0, 0x3, 0xff, 0x0, 0xff, 0xc0, 0x1, 0xfe,
    0x0, 0x7f, 0x80, 0x0, 0xfc, 0x0, 0x3f, 0x0,
    0x0, 0x0, 0x0, 0x0, 0x0, 0x0, 0x0, 0x0,
    0x0, 0x0, 0x0, 0x0, 0x0, 0x0, 0x0, 0x0,
    0x0, 0x0, 0x0, 0x0, 0xff, 0xe0, 0x0, 0x7,
    0xff, 0xff, 0xe0, 0x0, 0x7, 0xff, 0xff, 0xe0,
    0x0, 0x7, 0xff, 0xff, 0xe0, 0x0, 0x7, 0xff,
    0xff, 0xe0, 0x0, 0x7, 0xff, 0xff, 0xe0, 0x0,
    0x7, 0xff, 0xff, 0xe0, 0x0, 0x7, 0xff, 0xff,
    0xe0, 0x0, 0x7, 0xff, 0xff, 0xe0, 0x0, 0x7,
    0xff, 0xff, 0xe0, 0x0, 0x7, 0xff, 0xff, 0xe0,
    0x0, 0x7, 0xff, 0xff, 0xe0, 0x0, 0x7, 0xff,
    0xff, 0xe0, 0x0, 0x7, 0xff, 0xff, 0xe0, 0x0,
    0x7, 0xff, 0xff, 0xe0, 0x0, 0x7, 0xff, 0xff,
    0xe0, 0x0, 0x7, 0xff, 0xff, 0xe0, 0x0, 0x7,
    0xff, 0xff, 0xe0, 0x0, 0x7, 0xff, 0xff, 0xe0,
    0x0, 0x7, 0xff, 0xff, 0xe0, 0x0, 0x7, 0xff,
    0xff, 0xe0, 0x0, 0x7, 0xff, 0xff, 0xe0, 0x0,
    0x7, 0xff, 0xff, 0xe0, 0x0, 0x7, 0xff, 0xff,
    0xe0, 0x0, 0x7, 0xff, 0xff, 0xe0, 0x0, 0x7,
    0xff, 0xff, 0xe0, 0x0, 0x7, 0xff, 0xff, 0xe0,
    0x0, 0x7, 0xff, 0xff, 0xe0, 0x0, 0x7, 0xff,
    0xff, 0xe0, 0x0, 0x7, 0xff, 0xff, 0xe0, 0x0,
    0x7, 0xff, 0xff, 0xe0, 0x0, 0x7, 0xff, 0xff,
    0xe0, 0x0, 0x7, 0xff, 0xff, 0xe0, 0x0, 0x7,
    0xff, 0xff, 0xe0, 0x0, 0x7, 0xff, 0xff, 0xe0,
    0x0, 0x7, 0xff, 0xff, 0xe0, 0x0, 0x7, 0xff,
    0xff, 0xe0, 0x0, 0x7, 0xff, 0xff, 0xe0, 0x0,
    0x7, 0xff, 0xff, 0xe0, 0x0, 0x7, 0xff, 0x7f,
    0xf0, 0x0, 0xf, 0xfe, 0x7f, 0xf0, 0x0, 0xf,
    0xfe, 0x7f, 0xf8, 0x0, 0x1f, 0xfe, 0x3f, 0xfc,
    0x0, 0x3f, 0xfc, 0x3f, 0xfe, 0x0, 0x7f, 0xfc,
    0x1f, 0xff, 0xff, 0xff, 0xf8, 0x1f, 0xff, 0xff,
    0xff, 0xf8, 0xf, 0xff, 0xff, 0xff, 0xf0, 0x7,
    0xff, 0xff, 0xff, 0xe0, 0x3, 0xff, 0xff, 0xff,
    0xc0, 0x0, 0xff, 0xff, 0xff, 0x0, 0x0, 0x3f,
    0xff, 0xfc, 0x0, 0x0, 0xf, 0xff, 0xe0, 0x0,
    0x0, 0x0, 0x18, 0x0, 0x0,

    /* U+00DD "Ý" */
    0x0, 0x0, 0x0, 0xff, 0xe0, 0x0, 0x0, 0x0,
    0xf, 0xff, 0x0, 0x0, 0x0, 0x0, 0x7f, 0xf0,
    0x0, 0x0, 0x0, 0x7, 0xff, 0x0, 0x0, 0x0,
    0x0, 0x3f, 0xf0, 0x0, 0x0, 0x0, 0x3, 0xff,
    0x0, 0x0, 0x0, 0x0, 0x3f, 0xf0, 0x0, 0x0,
    0x0, 0x1, 0xff, 0x0, 0x0, 0x0, 0x0, 0x1f,
    0xf0, 0x0, 0x0, 0x0, 0x0, 0xff, 0x80, 0x0,
    0x0, 0x0, 0xf, 0xf8, 0x0, 0x0, 0x0, 0x0,
    0x0, 0x0, 0x0, 0x0, 0x0, 0x0, 0x0, 0x0,
    0x0, 0x3f, 0xfc, 0x0, 0x0, 0x7f, 0xf9, 0xff,
    0xe0, 0x0, 0x3, 0xff, 0xc7, 0xff, 0x80, 0x0,
    0x3f, 0xfc, 0x3f, 0xfc, 0x0, 0x1, 0xff, 0xe0,
    0xff, 0xf0, 0x0, 0x1f, 0xfe, 0x7, 0xff, 0x80,
    0x0, 0xff, 0xf0, 0x1f, 0xfe, 0x0, 0xf, 0xff,
    0x0, 0xff, 0xf0, 0x0, 0x7f, 0xf8, 0x3, 0xff,
    0x80, 0x3, 0xff, 0x80, 0x1f, 0xfe, 0x0, 0x3f,
    0xfc, 0x0, 0x7f, 0xf0, 0x1, 0xff, 0xc0, 0x3,
    0xff, 0xc0, 0x1f, 0xfe, 0x0, 0xf, 0xfe, 0x0,
    0xff, 0xe0, 0x0, 0x7f, 0xf0, 0x7, 0xff, 0x0,
    0x1, 0xff, 0xc0, 0x7f, 0xf0, 0x0, 0xf, 0xfe,
    0x3, 0xff, 0x80, 0x0, 0x3f, 0xf8, 0x3f, 0xf8,
    0x0, 0x1, 0xff, 0xc1, 0xff, 0xc0, 0x0, 0x7,
    0xff, 0x1f, 0xfc, 0x0, 0x0, 0x3f, 0xf8, 0xff,
    0xe0, 0x0, 0x0, 0xff, 0xc7, 0xfe, 0x0, 0x0,
    0x7, 0xff, 0x7f, 0xf0, 0x0, 0x0, 0x1f, 0xfb,
    0xff, 0x0, 0x0, 0x0, 0xff, 0xff, 0xf8, 0x0,
    0x0, 0x3, 0xff, 0xff, 0x80, 0x0, 0x0, 0x1f,
    0xff, 0xfc, 0x0, 0x0, 0x0, 0x7f, 0xff, 0xc0,
    0x0, 0x0, 0x3, 0xff, 0xfe, 0x0, 0x0, 0x0,
    0xf, 0xff, 0xe0, 0x0, 0x0, 0x0, 0x7f, 0xff,
    0x0, 0x0, 0x0, 0x1, 0xff, 0xf0, 0x0, 0x0,
    0x0, 0xf, 0xff, 0x80, 0x0, 0x0, 0x0, 0x3f,
    0xf8, 0x0, 0x0, 0x0, 0x1, 0xff, 0xc0, 0x0,
    0x0, 0x0, 0xf, 0xfe, 0x0, 0x0, 0x0, 0x0,
    0x7f, 0xf0, 0x0, 0x0, 0x0, 0x3, 0xff, 0x80,
    0x0, 0x0, 0x0, 0x1f, 0xfc, 0x0, 0x0, 0x0,
    0x0, 0xff, 0xe0, 0x0, 0x0, 0x0, 0x7, 0xff,
    0x0, 0x0, 0x0, 0x0, 0x3f, 0xf8, 0x0, 0x0,
    0x0, 0x1, 0xff, 0xc0, 0x0, 0x0, 0x0, 0xf,
    0xfe, 0x0, 0x0, 0x0, 0x0, 0x7f, 0xf0, 0x0,
    0x0, 0x0, 0x3, 0xff, 0x80, 0x0, 0x0, 0x0,
    0x1f, 0xfc, 0x0, 0x0, 0x0, 0x0, 0xff, 0xe0,
    0x0, 0x0, 0x0, 0x7, 0xff, 0x0, 0x0, 0x0,
    0x0, 0x3f, 0xf8, 0x0, 0x0, 0x0, 0x1, 0xff,
    0xc0, 0x0, 0x0, 0x0, 0xf, 0xfe, 0x0, 0x0,
    0x0, 0x0, 0x7f, 0xf0, 0x0, 0x0,

    /* U+00DE "Þ" */
    0xff, 0xe0, 0x0, 0x0, 0x3, 0xff, 0x80, 0x0,
    0x0, 0xf, 0xfe, 0x0, 0x0, 0x0, 0x3f, 0xf8,
    0x0, 0x0, 0x0, 0xff, 0xe0, 0x0, 0x0, 0x3,
    0xff, 0x80, 0x0, 0x0, 0xf, 0xfe, 0x0, 0x0,
    0x0, 0x3f, 0xf8, 0x0, 0x0, 0x0, 0xff, 0xe0,
    0x0, 0x0, 0x3, 0xff, 0x80, 0x0, 0x0, 0xf,
    0xff, 0xff, 0xf0, 0x0, 0x3f, 0xff, 0xff, 0xfc,
    0x0, 0xff, 0xff, 0xff, 0xfc, 0x3, 0xff, 0xff,
    0xff, 0xfc, 0xf, 0xff, 0xff, 0xff, 0xf8, 0x3f,
    0xff, 0xff, 0xff, 0xf0, 0xff, 0xff, 0xff, 0xff,
    0xe3, 0xff, 0xff, 0xff, 0xff, 0xcf, 0xfe, 0x0,
    0x3f, 0xff, 0x3f, 0xf8, 0x0, 0x3f, 0xfe, 0xff,
    0xe0, 0x0, 0x7f, 0xfb, 0xff, 0x80, 0x0, 0xff,
    0xef, 0xfe, 0x0, 0x3, 0xff, 0xff, 0xf8, 0x0,
    0x7, 0xff, 0xff, 0xe0, 0x0, 0x1f, 0xff, 0xff,
    0x80, 0x0, 0x7f, 0xff, 0xfe, 0x0, 0x1, 0xff,
    0xff, 0xf8, 0x0, 0x7, 0xff, 0xff, 0xe0, 0x0,
    0x1f, 0xff, 0xff, 0x80, 0x0, 0xff, 0xff, 0xfe,
    0x0, 0x3, 0xff, 0xbf, 0xf8, 0x0, 0x1f, 0xfe,
    0xff, 0xe0, 0x0, 0xff, 0xfb, 0xff, 0x80, 0xf,
    0xff, 0xcf, 0xff, 0xff, 0xff, 0xff, 0x3f, 0xff,
    0xff, 0xff, 0xf8, 0xff, 0xff, 0xff, 0xff, 0xc3,
    0xff, 0xff, 0xff, 0xfe, 0xf, 0xff, 0xff, 0xff,
    0xf0, 0x3f, 0xff, 0xff, 0xff, 0x0, 0xff, 0xff,
    0xff, 0xf0, 0x3, 0xff, 0xff, 0xfc, 0x0, 0xf,
    0xfe, 0x0, 0x0, 0x0, 0x3f, 0xf8, 0x0, 0x0,
    0x0, 0xff, 0xe0, 0x0, 0x0, 0x3, 0xff, 0x80,
    0x0, 0x0, 0xf, 0xfe, 0x0, 0x0, 0x0, 0x3f,
    0xf8, 0x0, 0x0, 0x0, 0xff, 0xe0, 0x0, 0x0,
    0x3, 0xff, 0x80, 0x0, 0x0, 0xf, 0xfe, 0x0,
    0x0, 0x0, 0x3f, 0xf8, 0x0, 0x0, 0x0,

    /* U+00DF "ß" */
    0x0, 0xf, 0xfc, 0x0, 0x0, 0x0, 0xff, 0xff,
    0x0, 0x0, 0x7, 0xff, 0xff, 0x80, 0x0, 0x3f,
    0xff, 0xff, 0xc0, 0x0, 0xff, 0xff, 0xff, 0xc0,
    0x3, 0xff, 0xff, 0xff, 0xc0, 0x7, 0xff, 0xff,
    0xff, 0x80, 0x1f, 0xff, 0xff, 0xff, 0x80, 0x7f,
    0xfc, 0x1f, 0xff, 0x0, 0xff, 0xf0, 0xf, 0xff,
    0x1, 0xff, 0xc0, 0x1f, 0xfe, 0x7, 0xff, 0x80,
    0x1f, 0xfc, 0xf, 0xfe, 0x0, 0x3f, 0xf8, 0x1f,
    0xfc, 0x0, 0x7f, 0xf0, 0x3f, 0xf8, 0x0, 0xff,
    0xe0, 0x7f, 0xf0, 0x1, 0xff, 0xc0, 0xff, 0xe0,
    0x7, 0xff, 0x81, 0xff, 0xc0, 0xf, 0xfe, 0x3,
    0xff, 0x80, 0x3f, 0xfc, 0x7, 0xff, 0x0, 0x7f,
    0xf0, 0xf, 0xfe, 0x1, 0xff, 0xe0, 0x1f, 0xfc,
    0x3, 0xff, 0x80, 0x3f, 0xf8, 0xf, 0xfe, 0x0,
    0x7f, 0xf0, 0x1f, 0xfc, 0x0, 0xff, 0xe0, 0x3f,
    0xf8, 0x1, 0xff, 0xc0, 0x7f, 0xf0, 0x3, 0xff,
    0x80, 0xff, 0xe0, 0x7, 0xff, 0x1, 0xff, 0xe0,
    0xf, 0xfe, 0x3, 0xff, 0xc0, 0x1f, 0xfc, 0x7,
    0xff, 0xc0, 0x3f, 0xf8, 0x7, 0xff, 0xc0, 0x7f,
    0xf0, 0xf, 0xff, 0xc0, 0xff, 0xe0, 0xf, 0xff,
    0xc1, 0xff, 0xc0, 0xf, 0xff, 0xc3, 0xff, 0x80,
    0xf, 0xff, 0xc7, 0xff, 0x0, 0xf, 0xff, 0xcf,
    0xfe, 0x0, 0xf, 0xff, 0x9f, 0xfc, 0x0, 0xf,
    0xff, 0xbf, 0xf8, 0x0, 0xf, 0xff, 0x7f, 0xf0,
    0x0, 0xf, 0xff, 0xff, 0xe0, 0x0, 0xf, 0xff,
    0xff, 0xc0, 0x0, 0x1f, 0xff, 0xff, 0x80, 0x0,
    0x3f, 0xff, 0xff, 0x0, 0x0, 0x7f, 0xff, 0xfe,
    0x0, 0x0, 0xff, 0xff, 0xfc, 0x0, 0x3, 0xff,
    0xff, 0xf8, 0x60, 0xf, 0xff, 0x7f, 0xf0, 0xff,
    0xff, 0xfe, 0xff, 0xe1, 0xff, 0xff, 0xfd, 0xff,
    0xc7, 0xff, 0xff, 0xf3, 0xff, 0x8f, 0xff, 0xff,
    0xc7, 0xff, 0x1f, 0xff, 0xff, 0xf, 0xfe, 0x3f,
    0xff, 0xfc, 0x1f, 0xfc, 0xff, 0xff, 0xf0, 0x3f,
    0xf8, 0x7f, 0xff, 0x0, 0x0, 0x0, 0x1, 0x80,
    0x0,

    /* U+00E0 "à" */
    0xf, 0xff, 0x0, 0x0, 0x0, 0xff, 0xf0, 0x0,
    0x0, 0xf, 0xfe, 0x0, 0x0, 0x0, 0xff, 0xe0,
    0x0, 0x0, 0xf, 0xfc, 0x0, 0x0, 0x0, 0xff,
    0xc0, 0x0, 0x0, 0xf, 0xfc, 0x0, 0x0, 0x1,
    0xff, 0x80, 0x0, 0x0, 0x1f, 0xf8, 0x0, 0x0,
    0x1, 0xff, 0x80, 0x0, 0x0, 0x1f, 0xf0, 0x0,
    0x0, 0x0, 0x0, 0x0, 0x0, 0x0, 0x0, 0x0,
    0x0, 0x0, 0x0, 0x0, 0x0, 0x0, 0x0, 0x0,
    0x0, 0x0, 0x0, 0x2, 0x0, 0x0, 0x0, 0x3f,
    0xff, 0x0, 0x0, 0x1f, 0xff, 0xf8, 0x0, 0xf,
    0xff, 0xff, 0xc0, 0x3, 0xff, 0xff, 0xfc, 0x0,
    0xff, 0xff, 0xff, 0xc0, 0x3f, 0xff, 0xff, 0xfc,
    0xf, 0xff, 0xff, 0xff, 0xc1, 0xff, 0xff, 0xff,
    0xf8, 0x7f, 0xf8, 0xf, 0xff, 0xf, 0xfe, 0x0,
    0xff, 0xf1, 0xff, 0xc0, 0xf, 0xfe, 0x0, 0x0,
    0x1, 0xff, 0xc0, 0x0, 0x0, 0x3f, 0xf8, 0x0,
    0x0, 0x7, 0xff, 0x0, 0x3, 0xff, 0xff, 0xe0,
    0x7, 0xff, 0xff, 0xfc, 0x3, 0xff, 0xff, 0xff,
    0x81, 0xff, 0xff, 0xff, 0xf0, 0x7f, 0xff, 0xff,
    0xfe, 0x1f, 0xff, 0xff, 0xff, 0xc3, 0xff, 0xe0,
    0x3f, 0xf8, 0xff, 0xf0, 0x7, 0xff, 0x1f, 0xfc,
    0x0, 0xff, 0xe7, 0xff, 0x0, 0x1f, 0xfc, 0xff,
    0xe0, 0x3, 0xff, 0x9f, 0xfc, 0x0, 0x7f, 0xf3,
    0xff, 0x80, 0xf, 0xfe, 0x7f, 0xf0, 0x1, 0xff,
    0xcf, 0xff, 0x0, 0x7f, 0xf9, 0xff, 0xf0, 0x3f,
    0xff, 0x1f, 0xff, 0xff, 0xff, 0xe3, 0xff, 0xff,
    0xff, 0xfc, 0x7f, 0xff, 0xff, 0xff, 0x87, 0xff,
    0xff, 0xff, 0xf0, 0x7f, 0xff, 0xff, 0xfe, 0x7,
    0xff, 0xfc, 0xff, 0xe0, 0x3f, 0xff, 0x1f, 0xfc,
    0x3, 0xff, 0x83, 0xff, 0x80, 0x3, 0x0, 0x0,
    0x0,

    /* U+00E1 "á" */
    0x0, 0x0, 0x1f, 0xfc, 0x0, 0x0, 0x7, 0xff,
    0x80, 0x0, 0x0, 0xff, 0xe0, 0x0, 0x0, 0x3f,
    0xf8, 0x0, 0x0, 0xf, 0xfe, 0x0, 0x0, 0x1,
    0xff, 0x80, 0x0, 0x0, 0x7f, 0xe0, 0x0, 0x0,
    0x1f, 0xf8, 0x0, 0x0, 0x3, 0xfe, 0x0, 0x0,
    0x0, 0xff, 0x80, 0x0, 0x0, 0x3f, 0xf0, 0x0,
    0x0, 0x0, 0x0, 0x0, 0x0, 0x0, 0x0, 0x0,
    0x0, 0x0, 0x0, 0x0, 0x0, 0x0, 0x0, 0x0,
    0x0, 0x0, 0x0, 0x2, 0x0, 0x0, 0x0, 0x3f,
    0xff, 0x0, 0x0, 0x1f, 0xff, 0xf8, 0x0, 0xf,
    0xff, 0xff, 0xc0, 0x3, 0xff, 0xff, 0xfc, 0x0,
    0xff, 0xff, 0xff, 0xc0, 0x3f, 0xff, 0xff, 0xfc,
    0xf, 0xff, 0xff, 0xff, 0xc1, 0xff, 0xff, 0xff,
    0xf8, 0x7f, 0xf8, 0xf, 0xff, 0xf, 0xfe, 0x0,
    0xff, 0xf1, 0xff, 0xc0, 0xf, 0xfe, 0x0, 0x0,
    0x1, 0xff, 0xc0, 0x0, 0x0, 0x3f, 0xf8, 0x0,
    0x0, 0x7, 0xff, 0x0, 0x3, 0xff, 0xff, 0xe0,
    0x7, 0xff, 0xff, 0xfc, 0x3, 0xff, 0xff, 0xff,
    0x81, 0xff, 0xff, 0xff, 0xf0, 0x7f, 0xff, 0xff,
    0xfe, 0x1f, 0xff, 0xff, 0xff, 0xc3, 0xff, 0xe0,
    0x3f, 0xf8, 0xff, 0xf0, 0x7, 0xff, 0x1f, 0xfc,
    0x0, 0xff, 0xe7, 0xff, 0x0, 0x1f, 0xfc, 0xff,
    0xe0, 0x3, 0xff, 0x9f, 0xfc, 0x0, 0x7f, 0xf3,
    0xff, 0x80, 0xf, 0xfe, 0x7f, 0xf0, 0x1, 0xff,
    0xcf, 0xff, 0x0, 0x7f, 0xf9, 0xff, 0xf0, 0x3f,
    0xff, 0x1f, 0xff, 0xff, 0xff, 0xe3, 0xff, 0xff,
    0xff, 0xfc, 0x7f, 0xff, 0xff, 0xff, 0x87, 0xff,
    0xff, 0xff, 0xf0, 0x7f, 0xff, 0xff, 0xfe, 0x7,
    0xff, 0xfc, 0xff, 0xe0, 0x3f, 0xff, 0x1f, 0xfc,
    0x3, 0xff, 0x83, 0xff, 0x80, 0x3, 0x0, 0x0,
    0x0,

    /* U+00E2 "â" */
    0x0, 0x3, 0xf8, 0x0, 0x0, 0x1, 0xff, 0x80,
    0x0, 0x0, 0x7f, 0xf8, 0x0, 0x0, 0x1f, 0xff,
    0x80, 0x0, 0x7, 0xff, 0xf8, 0x0, 0x1, 0xff,
    0xff, 0x80, 0x0, 0x7f, 0xc7, 0xfc, 0x0, 0x1f,
    0xf0, 0x7f, 0xc0, 0xf, 0xfc, 0x7, 0xfc, 0x3,
    0xff, 0x0, 0x7f, 0xc0, 0x0, 0x0, 0x0, 0x0,
    0x0, 0x0, 0x0, 0x0, 0x0, 0x0, 0x0, 0x0,
    0x0, 0x0, 0x0, 0x0, 0x0, 0x0, 0x0, 0x0,
    0x0, 0x0, 0x0, 0x2, 0x0, 0x0, 0x0, 0x3f,
    0xff, 0x0, 0x0, 0x1f, 0xff, 0xf8, 0x0, 0xf,
    0xff, 0xff, 0xc0, 0x3, 0xff, 0xff, 0xfc, 0x0,
    0xff, 0xff, 0xff, 0xc0, 0x3f, 0xff, 0xff, 0xfc,
    0xf, 0xff, 0xff, 0xff, 0xc1, 0xff, 0xff, 0xff,
    0xf8, 0x7f, 0xf8, 0xf, 0xff, 0xf, 0xfe, 0x0,
    0xff, 0xf1, 0xff, 0xc0, 0xf, 0xfe, 0x0, 0x0,
    0x1, 0xff, 0xc0, 0x0, 0x0, 0x3f, 0xf8, 0x0,
    0x0, 0x7, 0xff, 0x0, 0x3, 0xff, 0xff, 0xe0,
    0x7, 0xff, 0xff, 0xfc, 0x3, 0xff, 0xff, 0xff,
    0x81, 0xff, 0xff, 0xff, 0xf0, 0x7f, 0xff, 0xff,
    0xfe, 0x1f, 0xff, 0xff, 0xff, 0xc3, 0xff, 0xe0,
    0x3f, 0xf8, 0xff, 0xf0, 0x7, 0xff, 0x1f, 0xfc,
    0x0, 0xff, 0xe7, 0xff, 0x0, 0x1f, 0xfc, 0xff,
    0xe0, 0x3, 0xff, 0x9f, 0xfc, 0x0, 0x7f, 0xf3,
    0xff, 0x80, 0xf, 0xfe, 0x7f, 0xf0, 0x1, 0xff,
    0xcf, 0xff, 0x0, 0x7f, 0xf9, 0xff, 0xf0, 0x3f,
    0xff, 0x1f, 0xff, 0xff, 0xff, 0xe3, 0xff, 0xff,
    0xff, 0xfc, 0x7f, 0xff, 0xff, 0xff, 0x87, 0xff,
    0xff, 0xff, 0xf0, 0x7f, 0xff, 0xff, 0xfe, 0x7,
    0xff, 0xfc, 0xff, 0xe0, 0x3f, 0xff, 0x1f, 0xfc,
    0x3, 0xff, 0x83, 0xff, 0x80, 0x3, 0x0, 0x0,
    0x0,

    /* U+00E3 "ã" */
    0x0, 0x7c, 0x0, 0xfc, 0x0, 0x3f, 0xf0, 0x1f,
    0x80, 0xf, 0xff, 0x87, 0xf0, 0x1, 0xff, 0xff,
    0xfc, 0x0, 0x7f, 0xff, 0xff, 0x80, 0xf, 0xff,
    0xff, 0xe0, 0x3, 0xf8, 0x7f, 0xfc, 0x0, 0x7e,
    0x3, 0xff, 0x0, 0xf, 0xc0, 0x1f, 0x80, 0x0,
    0x0, 0x0, 0x0, 0x0, 0x0, 0x0, 0x0, 0x0,
    0x0, 0x0, 0x0, 0x0, 0x0, 0x0, 0x0, 0x0,
    0x0, 0x0, 0x0, 0x0, 0x0, 0x0, 0x0, 0x0,
    0x0, 0x0, 0x0, 0x2, 0x0, 0x0, 0x0, 0x3f,
    0xff, 0x0, 0x0, 0x1f, 0xff, 0xf8, 0x0, 0xf,
    0xff, 0xff, 0xc0, 0x3, 0xff, 0xff, 0xfc, 0x0,
    0xff, 0xff, 0xff, 0xc0, 0x3f, 0xff, 0xff, 0xfc,
    0xf, 0xff, 0xff, 0xff, 0xc1, 0xff, 0xff, 0xff,
    0xf8, 0x7f, 0xf8, 0xf, 0xff, 0xf, 0xfe, 0x0,
    0xff, 0xf1, 0xff, 0xc0, 0xf, 0xfe, 0x0, 0x0,
    0x1, 0xff, 0xc0, 0x0, 0x0, 0x3f, 0xf8, 0x0,
    0x0, 0x7, 0xff, 0x0, 0x3, 0xff, 0xff, 0xe0,
    0x7, 0xff, 0xff, 0xfc, 0x3, 0xff, 0xff, 0xff,
    0x81, 0xff, 0xff, 0xff, 0xf0, 0x7f, 0xff, 0xff,
    0xfe, 0x1f, 0xff, 0xff, 0xff, 0xc3, 0xff, 0xe0,
    0x3f, 0xf8, 0xff, 0xf0, 0x7, 0xff, 0x1f, 0xfc,
    0x0, 0xff, 0xe7, 0xff, 0x0, 0x1f, 0xfc, 0xff,
    0xe0, 0x3, 0xff, 0x9f, 0xfc, 0x0, 0x7f, 0xf3,
    0xff, 0x80, 0xf, 0xfe, 0x7f, 0xf0, 0x1, 0xff,
    0xcf, 0xff, 0x0, 0x7f, 0xf9, 0xff, 0xf0, 0x3f,
    0xff, 0x1f, 0xff, 0xff, 0xff, 0xe3, 0xff, 0xff,
    0xff, 0xfc, 0x7f, 0xff, 0xff, 0xff, 0x87, 0xff,
    0xff, 0xff, 0xf0, 0x7f, 0xff, 0xff, 0xfe, 0x7,
    0xff, 0xfc, 0xff, 0xe0, 0x7f, 0xff, 0x1f, 0xfc,
    0x3, 0xff, 0x83, 0xff, 0x80, 0x2, 0x0, 0x0,
    0x0,

    /* U+00E4 "ä" */
    0x3, 0xc0, 0x0, 0xf0, 0x1, 0xfe, 0x0, 0x7f,
    0x80, 0x7f, 0xe0, 0x1f, 0xf8, 0xf, 0xfc, 0x3,
    0xff, 0x1, 0xff, 0x80, 0x7f, 0xe0, 0x3f, 0xf0,
    0xf, 0xfc, 0x3, 0xfc, 0x0, 0xff, 0x0, 0x3f,
    0x0, 0xf, 0x80, 0x0, 0x0, 0x0, 0x0, 0x0,
    0x0, 0x0, 0x0, 0x0, 0x0, 0x0, 0x0, 0x0,
    0x0, 0x0, 0x0, 0x0, 0x0, 0x0, 0x0, 0x0,
    0x0, 0x0, 0x0, 0x0, 0x0, 0x0, 0x0, 0x10,
    0x0, 0x0, 0x1, 0xff, 0xf8, 0x0, 0x0, 0xff,
    0xff, 0xc0, 0x0, 0x7f, 0xff, 0xfe, 0x0, 0x1f,
    0xff, 0xff, 0xe0, 0x7, 0xff, 0xff, 0xfe, 0x1,
    0xff, 0xff, 0xff, 0xe0, 0x7f, 0xff, 0xff, 0xfe,
    0xf, 0xff, 0xff, 0xff, 0xc3, 0xff, 0xc0, 0x7f,
    0xf8, 0x7f, 0xf0, 0x7, 0xff, 0x8f, 0xfe, 0x0,
    0x7f, 0xf0, 0x0, 0x0, 0xf, 0xfe, 0x0, 0x0,
    0x1, 0xff, 0xc0, 0x0, 0x0, 0x3f, 0xf8, 0x0,
    0x1f, 0xff, 0xff, 0x0, 0x3f, 0xff, 0xff, 0xe0,
    0x1f, 0xff, 0xff, 0xfc, 0xf, 0xff, 0xff, 0xff,
    0x83, 0xff, 0xff, 0xff, 0xf0, 0xff, 0xff, 0xff,
    0xfe, 0x1f, 0xff, 0x1, 0xff, 0xc7, 0xff, 0x80,
    0x3f, 0xf8, 0xff, 0xe0, 0x7, 0xff, 0x3f, 0xf8,
    0x0, 0xff, 0xe7, 0xff, 0x0, 0x1f, 0xfc, 0xff,
    0xe0, 0x3, 0xff, 0x9f, 0xfc, 0x0, 0x7f, 0xf3,
    0xff, 0x80, 0xf, 0xfe, 0x7f, 0xf8, 0x3, 0xff,
    0xcf, 0xff, 0x81, 0xff, 0xf8, 0xff, 0xff, 0xff,
    0xff, 0x1f, 0xff, 0xff, 0xff, 0xe3, 0xff, 0xff,
    0xff, 0xfc, 0x3f, 0xff, 0xff, 0xff, 0x83, 0xff,
    0xff, 0xff, 0xf0, 0x3f, 0xff, 0xe7, 0xff, 0x3,
    0xff, 0xf8, 0xff, 0xe0, 0x1f, 0xfc, 0x1f, 0xfc,
    0x0, 0x18, 0x0, 0x0, 0x0,

    /* U+00E5 "å" */
    0x0, 0x3, 0xf0, 0x0, 0x0, 0x1, 0xff, 0x80,
    0x0, 0x0, 0x7f, 0xf8, 0x0, 0x0, 0x1f, 0xf,
    0x80, 0x0, 0x7, 0xc0, 0xf8, 0x0, 0x0, 0xf0,
    0xf, 0x0, 0x0, 0x1e, 0x1, 0xe0, 0x0, 0x3,
    0xc0, 0x3c, 0x0, 0x0, 0x7c, 0xf, 0x80, 0x0,
    0x7, 0xc3, 0xe0, 0x0, 0x0, 0x7f, 0xf8, 0x0,
    0x0, 0x7, 0xfe, 0x0, 0x0, 0x0, 0x3f, 0x0,
    0x0, 0x0, 0x0, 0x0, 0x0, 0x0, 0x0, 0x0,
    0x0, 0x0, 0x0, 0x0, 0x0, 0x0, 0x0, 0x0,
    0x0, 0x0, 0x0, 0x0, 0x0, 0x0, 0x0, 0x0,
    0x1, 0x0, 0x0, 0x0, 0x1f, 0xff, 0x80, 0x0,
    0xf, 0xff, 0xfc, 0x0, 0x7, 0xff, 0xff, 0xe0,
    0x1, 0xff, 0xff, 0xfe, 0x0, 0x7f, 0xff, 0xff,
    0xe0, 0x1f, 0xff, 0xff, 0xfe, 0x7, 0xff, 0xff,
    0xff, 0xe0, 0xff, 0xff, 0xff, 0xfc, 0x3f, 0xfc,
    0x7, 0xff, 0x87, 0xff, 0x0, 0x7f, 0xf8, 0xff,
    0xe0, 0x7, 0xff, 0x0, 0x0, 0x0, 0xff, 0xe0,
    0x0, 0x0, 0x1f, 0xfc, 0x0, 0x0, 0x3, 0xff,
    0x80, 0x1, 0xff, 0xff, 0xf0, 0x3, 0xff, 0xff,
    0xfe, 0x1, 0xff, 0xff, 0xff, 0xc0, 0xff, 0xff,
    0xff, 0xf8, 0x3f, 0xff, 0xff, 0xff, 0xf, 0xff,
    0xff, 0xff, 0xe1, 0xff, 0xf0, 0x1f, 0xfc, 0x7f,
    0xf8, 0x3, 0xff, 0x8f, 0xfe, 0x0, 0x7f, 0xf3,
    0xff, 0x80, 0xf, 0xfe, 0x7f, 0xf0, 0x1, 0xff,
    0xcf, 0xfe, 0x0, 0x3f, 0xf9, 0xff, 0xc0, 0x7,
    0xff, 0x3f, 0xf8, 0x0, 0xff, 0xe7, 0xff, 0x80,
    0x3f, 0xfc, 0xff, 0xf8, 0x1f, 0xff, 0x8f, 0xff,
    0xff, 0xff, 0xf1, 0xff, 0xff, 0xff, 0xfe, 0x3f,
    0xff, 0xff, 0xff, 0xc3, 0xff, 0xff, 0xff, 0xf8,
    0x3f, 0xff, 0xff, 0xff, 0x3, 0xff, 0xfe, 0x7f,
    0xf0, 0x3f, 0xff, 0x8f, 0xfe, 0x1, 0xff, 0xc1,
    0xff, 0xc0, 0x1, 0x80, 0x0, 0x0,

    /* U+00E6 "æ" */
    0x0, 0x0, 0x0, 0x0, 0x0, 0x0, 0x0, 0x0,
    0xf, 0xff, 0xc0, 0x1f, 0xff, 0x0, 0x0, 0x3f,
    0xff, 0xf8, 0x3f, 0xff, 0xe0, 0x0, 0x7f, 0xff,
    0xff, 0x7f, 0xff, 0xfc, 0x0, 0x7f, 0xff, 0xff,
    0xff, 0xff, 0xff, 0x0, 0x7f, 0xff, 0xff, 0xff,
    0xff, 0xff, 0xc0, 0x7f, 0xff, 0xff, 0xff, 0xff,
    0xff, 0xf0, 0x7f, 0xff, 0xff, 0xff, 0xff, 0xff,
    0xfc, 0x3f, 0xff, 0xff, 0xff, 0xff, 0xff, 0xfe,
    0x3f, 0xfe, 0x3, 0xff, 0xfc, 0x7, 0xff, 0x9f,
    0xfe, 0x0, 0xff, 0xfc, 0x1, 0xff, 0xcf, 0xfe,
    0x0, 0x3f, 0xfc, 0x0, 0xff, 0xe0, 0x0, 0x0,
    0x1f, 0xfe, 0x0, 0x3f, 0xf0, 0x0, 0x0, 0xf,
    0xff, 0x0, 0x1f, 0xfc, 0x0, 0x0, 0x7, 0xff,
    0x0, 0xf, 0xfe, 0x0, 0x0, 0x3, 0xff, 0x80,
    0x7, 0xff, 0x0, 0x1f, 0xff, 0xff, 0xff, 0xff,
    0xff, 0x80, 0x7f, 0xff, 0xff, 0xff, 0xff, 0xff,
    0xc1, 0xff, 0xff, 0xff, 0xff, 0xff, 0xff, 0xe1,
    0xff, 0xff, 0xff, 0xff, 0xff, 0xff, 0xf1, 0xff,
    0xff, 0xff, 0xff, 0xff, 0xff, 0xf9, 0xff, 0xff,
    0xff, 0xff, 0xff, 0xff, 0xfd, 0xff, 0xff, 0xff,
    0xff, 0xff, 0xff, 0xfe, 0xff, 0xfc, 0x3, 0xff,
    0x80, 0x0, 0x0, 0xff, 0xf8, 0x1, 0xff, 0xc0,
    0x0, 0x0, 0x7f, 0xf8, 0x0, 0xff, 0xe0, 0x0,
    0x0, 0x3f, 0xf8, 0x0, 0x7f, 0xf8, 0x0, 0x0,
    0x1f, 0xfc, 0x0, 0x3f, 0xfc, 0x0, 0x0, 0xf,
    0xfe, 0x0, 0x1f, 0xff, 0x0, 0x0, 0x7, 0xff,
    0x0, 0xf, 0xff, 0xc0, 0x0, 0xc3, 0xff, 0xc0,
    0x1f, 0xff, 0xf0, 0x1, 0xf0, 0xff, 0xff, 0xff,
    0xff, 0xff, 0xff, 0xf8, 0x7f, 0xff, 0xff, 0xff,
    0xff, 0xff, 0xfe, 0x3f, 0xff, 0xff, 0xff, 0xff,
    0xff, 0xff, 0xf, 0xff, 0xff, 0xff, 0xff, 0xff,
    0xff, 0xc3, 0xff, 0xff, 0xfc, 0xff, 0xff, 0xff,
    0xc0, 0xff, 0xff, 0xfc, 0x3f, 0xff, 0xff, 0xc0,
    0x1f, 0xff, 0xf8, 0x7, 0xff, 0xff, 0x80, 0x3,
    0xff, 0xe0, 0x0, 0xff, 0xfe, 0x0, 0x0, 0xc,
    0x0, 0x0, 0x1, 0x80, 0x0,

    /* U+00E7 "ç" */
    0x0, 0x0, 0x0, 0x0, 0x0, 0x7, 0xff, 0xc0,
    0x0, 0x7, 0xff, 0xfe, 0x0, 0x7, 0xff, 0xff,
    0xc0, 0x3, 0xff, 0xff, 0xfc, 0x1, 0xff, 0xff,
    0xff, 0x80, 0xff, 0xff, 0xff, 0xe0, 0x7f, 0xff,
    0xff, 0xfc, 0x1f, 0xff, 0xff, 0xff, 0x8f, 0xff,
    0x1, 0xff, 0xe3, 0xff, 0x80, 0x3f, 0xf9, 0xff,
    0xc0, 0xf, 0xff, 0x7f, 0xf0, 0x1, 0xff, 0xdf,
    0xfc, 0x0, 0x7f, 0xff, 0xfe, 0x0, 0x1f, 0xff,
    0xff, 0x80, 0x0, 0x0, 0xff, 0xe0, 0x0, 0x0,
    0x3f, 0xf8, 0x0, 0x0, 0xf, 0xfe, 0x0, 0x0,
    0x3, 0xff, 0x80, 0x0, 0x0, 0xff, 0xe0, 0x0,
    0x0, 0x3f, 0xf8, 0x0, 0x0, 0xf, 0xfe, 0x0,
    0x0, 0x3, 0xff, 0x80, 0x0, 0x0, 0xff, 0xe0,
    0x0, 0x0, 0x3f, 0xf8, 0x0, 0x7f, 0xf7, 0xff,
    0x0, 0x1f, 0xfd, 0xff, 0xc0, 0x7, 0xff, 0x7f,
    0xf8, 0x3, 0xff, 0xcf, 0xfe, 0x1, 0xff, 0xe3,
    0xff, 0xe0, 0xff, 0xf8, 0x7f, 0xff, 0xff, 0xfe,
    0x1f, 0xff, 0xff, 0xff, 0x3, 0xff, 0xff, 0xff,
    0x80, 0x7f, 0xff, 0xff, 0xc0, 0xf, 0xff, 0xff,
    0xe0, 0x1, 0xff, 0xff, 0xf0, 0x0, 0x1f, 0xff,
    0xf8, 0x0, 0x1, 0xff, 0xf0, 0x0, 0x0, 0xf,
    0xf0, 0x0, 0x0, 0x7, 0xfc, 0x0, 0x0, 0x1,
    0xff, 0xc0, 0x0, 0x0, 0x7f, 0xf8, 0x0, 0x0,
    0x1f, 0xff, 0x0, 0x0, 0x0, 0x7f, 0xe0, 0x0,
    0x0, 0xf, 0xf8, 0x0, 0x0, 0x3, 0xfe, 0x0,
    0x0, 0x0, 0xff, 0x80, 0x0, 0x0, 0x7f, 0xe0,
    0x0, 0x0, 0xff, 0xf0, 0x0, 0x0, 0x3f, 0xfc,
    0x0, 0x0, 0xf, 0xfe, 0x0, 0x0, 0x3, 0xff,
    0x0, 0x0, 0x0, 0xff, 0x0, 0x0, 0x0, 0x3e,
    0x0, 0x0,

    /* U+00E8 "è" */
    0xf, 0xfe, 0x0, 0x0, 0x1, 0xff, 0xe0, 0x0,
    0x0, 0x1f, 0xfc, 0x0, 0x0, 0x1, 0xff, 0xc0,
    0x0, 0x0, 0x1f, 0xfc, 0x0, 0x0, 0x1, 0xff,
    0x80, 0x0, 0x0, 0x1f, 0xf8, 0x0, 0x0, 0x1,
    0xff, 0x80, 0x0, 0x0, 0x1f, 0xf0, 0x0, 0x0,
    0x1, 0xff, 0x0, 0x0, 0x0, 0x3f, 0xe0, 0x0,
    0x0, 0x0, 0x0, 0x0, 0x0, 0x0, 0x0, 0x0,
    0x0, 0x0, 0x0, 0x0, 0x0, 0x0, 0x0, 0x0,
    0x0, 0x0, 0x0, 0x0, 0x0, 0x0, 0x0, 0x1f,
    0xff, 0x0, 0x0, 0xf, 0xff, 0xfc, 0x0, 0x7,
    0xff, 0xff, 0xc0, 0x1, 0xff, 0xff, 0xfe, 0x0,
    0x7f, 0xff, 0xff, 0xe0, 0x1f, 0xff, 0xff, 0xfc,
    0x7, 0xff, 0xff, 0xff, 0xc0, 0xff, 0xff, 0xff,
    0xfc, 0x3f, 0xfc, 0x7, 0xff, 0x87, 0xff, 0x0,
    0x3f, 0xf9, 0xff, 0xe0, 0x7, 0xff, 0x3f, 0xf8,
    0x0, 0x7f, 0xe7, 0xff, 0x0, 0xf, 0xfc, 0xff,
    0xe0, 0x1, 0xff, 0xff, 0xf8, 0x0, 0x3f, 0xff,
    0xff, 0xff, 0xff, 0xff, 0xff, 0xff, 0xff, 0xff,
    0xff, 0xff, 0xff, 0xff, 0xff, 0xff, 0xff, 0xff,
    0xff, 0xff, 0xff, 0xff, 0xff, 0xff, 0xff, 0xff,
    0xff, 0xff, 0xff, 0xff, 0xff, 0xff, 0xff, 0xf8,
    0x0, 0x0, 0x7, 0xff, 0x0, 0x0, 0x0, 0xff,
    0xf0, 0x0, 0x0, 0xf, 0xfe, 0x0, 0x0, 0x1,
    0xff, 0xe0, 0x0, 0x20, 0x3f, 0xfc, 0x0, 0xe,
    0x3, 0xff, 0xc0, 0x3, 0xe0, 0x7f, 0xfe, 0x1,
    0xfe, 0x7, 0xff, 0xff, 0xff, 0xe0, 0x7f, 0xff,
    0xff, 0xfe, 0xf, 0xff, 0xff, 0xff, 0xc0, 0xff,
    0xff, 0xff, 0xf0, 0x7, 0xff, 0xff, 0xfc, 0x0,
    0x7f, 0xff, 0xfe, 0x0, 0x3, 0xff, 0xff, 0x0,
    0x0, 0x1f, 0xff, 0x80, 0x0, 0x0, 0xc, 0x0,
    0x0,

    /* U+00E9 "é" */
    0x0, 0x0, 0x3f, 0xfc, 0x0, 0x0, 0xf, 0xff,
    0x0, 0x0, 0x1, 0xff, 0xc0, 0x0, 0x0, 0x7f,
    0xf0, 0x0, 0x0, 0x1f, 0xfc, 0x0, 0x0, 0x3,
    0xff, 0x0, 0x0, 0x0, 0xff, 0xc0, 0x0, 0x0,
    0x1f, 0xf0, 0x0, 0x0, 0x7, 0xfc, 0x0, 0x0,
    0x1, 0xff, 0x80, 0x0, 0x0, 0x3f, 0xe0, 0x0,
    0x0, 0x0, 0x0, 0x0, 0x0, 0x0, 0x0, 0x0,
    0x0, 0x0, 0x0, 0x0, 0x0, 0x0, 0x0, 0x0,
    0x0, 0x0, 0x0, 0x0, 0x0, 0x0, 0x0, 0x1f,
    0xff, 0x0, 0x0, 0xf, 0xff, 0xfc, 0x0, 0x7,
    0xff, 0xff, 0xc0, 0x1, 0xff, 0xff, 0xfe, 0x0,
    0x7f, 0xff, 0xff, 0xe0, 0x1f, 0xff, 0xff, 0xfc,
    0x7, 0xff, 0xff, 0xff, 0xc0, 0xff, 0xff, 0xff,
    0xfc, 0x3f, 0xfc, 0x7, 0xff, 0x87, 0xff, 0x0,
    0x3f, 0xf9, 0xff, 0xe0, 0x7, 0xff, 0x3f, 0xf8,
    0x0, 0x7f, 0xe7, 0xff, 0x0, 0xf, 0xfc, 0xff,
    0xe0, 0x1, 0xff, 0xff, 0xf8, 0x0, 0x3f, 0xff,
    0xff, 0xff, 0xff, 0xff, 0xff, 0xff, 0xff, 0xff,
    0xff, 0xff, 0xff, 0xff, 0xff, 0xff, 0xff, 0xff,
    0xff, 0xff, 0xff, 0xff, 0xff, 0xff, 0xff, 0xff,
    0xff, 0xff, 0xff, 0xff, 0xff, 0xff, 0xff, 0xf8,
    0x0, 0x0, 0x7, 0xff, 0x0, 0x0, 0x0, 0xff,
    0xf0, 0x0, 0x0, 0xf, 0xfe, 0x0, 0x0, 0x1,
    0xff, 0xe0, 0x0, 0x20, 0x3f, 0xfc, 0x0, 0xe,
    0x3, 0xff, 0xc0, 0x3, 0xe0, 0x7f, 0xfe, 0x1,
    0xfe, 0x7, 0xff, 0xff, 0xff, 0xe0, 0x7f, 0xff,
    0xff, 0xfe, 0xf, 0xff, 0xff, 0xff, 0xc0, 0xff,
    0xff, 0xff, 0xf0, 0x7, 0xff, 0xff, 0xfc, 0x0,
    0x7f, 0xff, 0xfe, 0x0, 0x3, 0xff, 0xff, 0x0,
    0x0, 0x1f, 0xff, 0x80, 0x0, 0x0, 0xc, 0x0,
    0x0,

    /* U+00EA "ê" */
    0x0, 0x7, 0xf0, 0x0, 0x0, 0x1, 0xff, 0x0,
    0x0, 0x0, 0x7f, 0xf0, 0x0, 0x0, 0x3f, 0xff,
    0x0, 0x0, 0xf, 0xff, 0xf0, 0x0, 0x3, 0xfe,
    0xff, 0x80, 0x0, 0xff, 0x8f, 0xf8, 0x0, 0x3f,
    0xe0, 0xff, 0x80, 0xf, 0xf8, 0xf, 0xf8, 0x3,
    0xfe, 0x0, 0xff, 0x80, 0x0, 0x0, 0x0, 0x0,
    0x0, 0x0, 0x0, 0x0, 0x0, 0x0, 0x0, 0x0,
    0x0, 0x0, 0x0, 0x0, 0x0, 0x0, 0x0, 0x0,
    0x0, 0x0, 0x0, 0x0, 0x0, 0x0, 0x0, 0x1f,
    0xff, 0x0, 0x0, 0xf, 0xff, 0xfc, 0x0, 0x7,
    0xff, 0xff, 0xc0, 0x1, 0xff, 0xff, 0xfe, 0x0,
    0x7f, 0xff, 0xff, 0xe0, 0x1f, 0xff, 0xff, 0xfc,
    0x7, 0xff, 0xff, 0xff, 0xc0, 0xff, 0xff, 0xff,
    0xfc, 0x3f, 0xfc, 0x7, 0xff, 0x87, 0xff, 0x0,
    0x3f, 0xf9, 0xff, 0xe0, 0x7, 0xff, 0x3f, 0xf8,
    0x0, 0x7f, 0xe7, 0xff, 0x0, 0xf, 0xfc, 0xff,
    0xe0, 0x1, 0xff, 0xff, 0xf8, 0x0, 0x3f, 0xff,
    0xff, 0xff, 0xff, 0xff, 0xff, 0xff, 0xff, 0xff,
    0xff, 0xff, 0xff, 0xff, 0xff, 0xff, 0xff, 0xff,
    0xff, 0xff, 0xff, 0xff, 0xff, 0xff, 0xff, 0xff,
    0xff, 0xff, 0xff, 0xff, 0xff, 0xff, 0xff, 0xf8,
    0x0, 0x0, 0x7, 0xff, 0x0, 0x0, 0x0, 0xff,
    0xf0, 0x0, 0x0, 0xf, 0xfe, 0x0, 0x0, 0x1,
    0xff, 0xe0, 0x0, 0x20, 0x3f, 0xfc, 0x0, 0xe,
    0x3, 0xff, 0xc0, 0x3, 0xe0, 0x7f, 0xfe, 0x1,
    0xfe, 0x7, 0xff, 0xff, 0xff, 0xe0, 0x7f, 0xff,
    0xff, 0xfe, 0xf, 0xff, 0xff, 0xff, 0xc0, 0xff,
    0xff, 0xff, 0xf0, 0x7, 0xff, 0xff, 0xfc, 0x0,
    0x7f, 0xff, 0xfe, 0x0, 0x3, 0xff, 0xff, 0x0,
    0x0, 0x1f, 0xff, 0x80, 0x0, 0x0, 0xc, 0x0,
    0x0,

    /* U+00EB "ë" */
    0x3, 0xc0, 0x1, 0xe0, 0x1, 0xfe, 0x0, 0xff,
    0x0, 0x7f, 0xe0, 0x3f, 0xf0, 0xf, 0xfc, 0x7,
    0xfe, 0x1, 0xff, 0x80, 0xff, 0xc0, 0x3f, 0xf0,
    0x1f, 0xf8, 0x3, 0xfc, 0x1, 0xfe, 0x0, 0x3f,
    0x0, 0x1f, 0x80, 0x0, 0x0, 0x0, 0x0, 0x0,
    0x0, 0x0, 0x0, 0x0, 0x0, 0x0, 0x0, 0x0,
    0x0, 0x0, 0x0, 0x0, 0x0, 0x0, 0x0, 0x0,
    0x0, 0x0, 0x0, 0x0, 0x0, 0x0, 0x0, 0x0,
    0x0, 0x0, 0x0, 0xff, 0xf8, 0x0, 0x0, 0x7f,
    0xff, 0xe0, 0x0, 0x3f, 0xff, 0xfe, 0x0, 0xf,
    0xff, 0xff, 0xf0, 0x3, 0xff, 0xff, 0xff, 0x0,
    0xff, 0xff, 0xff, 0xe0, 0x3f, 0xff, 0xff, 0xfe,
    0x7, 0xff, 0xff, 0xff, 0xe1, 0xff, 0xe0, 0x3f,
    0xfc, 0x3f, 0xf8, 0x1, 0xff, 0xcf, 0xff, 0x0,
    0x3f, 0xf9, 0xff, 0xc0, 0x3, 0xff, 0x3f, 0xf8,
    0x0, 0x7f, 0xe7, 0xff, 0x0, 0xf, 0xff, 0xff,
    0xc0, 0x1, 0xff, 0xff, 0xff, 0xff, 0xff, 0xff,
    0xff, 0xff, 0xff, 0xff, 0xff, 0xff, 0xff, 0xff,
    0xff, 0xff, 0xff, 0xff, 0xff, 0xff, 0xff, 0xff,
    0xff, 0xff, 0xff, 0xff, 0xff, 0xff, 0xff, 0xff,
    0xff, 0xff, 0xff, 0xc0, 0x0, 0x0, 0x3f, 0xf8,
    0x0, 0x0, 0x7, 0xff, 0x80, 0x0, 0x0, 0x7f,
    0xf0, 0x0, 0x0, 0xf, 0xfe, 0x0, 0x1, 0x1,
    0xff, 0xe0, 0x0, 0x70, 0x1f, 0xfe, 0x0, 0x1f,
    0x3, 0xff, 0xf0, 0xf, 0xf0, 0x3f, 0xff, 0xff,
    0xff, 0x3, 0xff, 0xff, 0xff, 0xe0, 0x7f, 0xff,
    0xff, 0xfe, 0x7, 0xff, 0xff, 0xff, 0x80, 0x3f,
    0xff, 0xff, 0xe0, 0x3, 0xff, 0xff, 0xf0, 0x0,
    0x1f, 0xff, 0xf8, 0x0, 0x0, 0xff, 0xfc, 0x0,
    0x0, 0x0, 0x60, 0x0, 0x0,

    /* U+00EC "ì" */
    0x7f, 0xf0, 0xf, 0xff, 0x0, 0xff, 0xe0, 0xf,
    0xfe, 0x0, 0xff, 0xe0, 0xf, 0xfc, 0x0, 0xff,
    0xc0, 0xf, 0xfc, 0x0, 0xff, 0x80, 0xf, 0xf8,
    0x1, 0xff, 0x80, 0x0, 0x0, 0x0, 0x0, 0x0,
    0x0, 0x0, 0x0, 0x0, 0x0, 0x0, 0x0, 0xff,
    0xe0, 0x1f, 0xfc, 0x3, 0xff, 0x80, 0x7f, 0xf0,
    0xf, 0xfe, 0x1, 0xff, 0xc0, 0x3f, 0xf8, 0x7,
    0xff, 0x0, 0xff, 0xe0, 0x1f, 0xfc, 0x3, 0xff,
    0x80, 0x7f, 0xf0, 0xf, 0xfe, 0x1, 0xff, 0xc0,
    0x3f, 0xf8, 0x7, 0xff, 0x0, 0xff, 0xe0, 0x1f,
    0xfc, 0x3, 0xff, 0x80, 0x7f, 0xf0, 0xf, 0xfe,
    0x1, 0xff, 0xc0, 0x3f, 0xf8, 0x7, 0xff, 0x0,
    0xff, 0xe0, 0x1f, 0xfc, 0x3, 0xff, 0x80, 0x7f,
    0xf0, 0xf, 0xfe, 0x1, 0xff, 0xc0, 0x3f, 0xf8,
    0x7, 0xff, 0x0, 0xff, 0xe0, 0x1f, 0xfc, 0x3,
    0xff, 0x80, 0x7f, 0xf0, 0xf, 0xfe, 0x1, 0xff,
    0xc0,

    /* U+00ED "í" */
    0x1, 0xff, 0xe0, 0x7f, 0xf8, 0xf, 0xfe, 0x3,
    0xff, 0x80, 0xff, 0xe0, 0x1f, 0xf8, 0x7, 0xfe,
    0x0, 0xff, 0x80, 0x3f, 0xf0, 0xf, 0xfc, 0x1,
    0xff, 0x0, 0x0, 0x0, 0x0, 0x0, 0x0, 0x0,
    0x0, 0x0, 0x0, 0x0, 0x0, 0x0, 0xff, 0xe0,
    0x1f, 0xfc, 0x3, 0xff, 0x80, 0x7f, 0xf0, 0xf,
    0xfe, 0x1, 0xff, 0xc0, 0x3f, 0xf8, 0x7, 0xff,
    0x0, 0xff, 0xe0, 0x1f, 0xfc, 0x3, 0xff, 0x80,
    0x7f, 0xf0, 0xf, 0xfe, 0x1, 0xff, 0xc0, 0x3f,
    0xf8, 0x7, 0xff, 0x0, 0xff, 0xe0, 0x1f, 0xfc,
    0x3, 0xff, 0x80, 0x7f, 0xf0, 0xf, 0xfe, 0x1,
    0xff, 0xc0, 0x3f, 0xf8, 0x7, 0xff, 0x0, 0xff,
    0xe0, 0x1f, 0xfc, 0x3, 0xff, 0x80, 0x7f, 0xf0,
    0xf, 0xfe, 0x1, 0xff, 0xc0, 0x3f, 0xf8, 0x7,
    0xff, 0x0, 0xff, 0xe0, 0x1f, 0xfc, 0x3, 0xff,
    0x80, 0x7f, 0xf0, 0xf, 0xfe, 0x1, 0xff, 0xc0,
    0x0,

    /* U+00EE "î" */
    0x0, 0x3f, 0x80, 0x0, 0x7, 0xfc, 0x0, 0x0,
    0xff, 0xe0, 0x0, 0x1f, 0xff, 0x0, 0x7, 0xff,
    0xf8, 0x0, 0xff, 0xff, 0xe0, 0x1f, 0xf1, 0xff,
    0x3, 0xfe, 0xf, 0xf8, 0x7f, 0xc0, 0x7f, 0xcf,
    0xf8, 0x3, 0xfe, 0xff, 0x0, 0x1f, 0xf0, 0x0,
    0x0, 0x0, 0x0, 0x0, 0x0, 0x0, 0x0, 0x0,
    0x0, 0x0, 0x0, 0x0, 0x0, 0x0, 0x0, 0x0,
    0x0, 0xff, 0xe0, 0x0, 0xf, 0xfe, 0x0, 0x0,
    0xff, 0xe0, 0x0, 0xf, 0xfe, 0x0, 0x0, 0xff,
    0xe0, 0x0, 0xf, 0xfe, 0x0, 0x0, 0xff, 0xe0,
    0x0, 0xf, 0xfe, 0x0, 0x0, 0xff, 0xe0, 0x0,
    0xf, 0xfe, 0x0, 0x0, 0xff, 0xe0, 0x0, 0xf,
    0xfe, 0x0, 0x0, 0xff, 0xe0, 0x0, 0xf, 0xfe,
    0x0, 0x0, 0xff, 0xe0, 0x0, 0xf, 0xfe, 0x0,
    0x0, 0xff, 0xe0, 0x0, 0xf, 0xfe, 0x0, 0x0,
    0xff, 0xe0, 0x0, 0xf, 0xfe, 0x0, 0x0, 0xff,
    0xe0, 0x0, 0xf, 0xfe, 0x0, 0x0, 0xff, 0xe0,
    0x0, 0xf, 0xfe, 0x0, 0x0, 0xff, 0xe0, 0x0,
    0xf, 0xfe, 0x0, 0x0, 0xff, 0xe0, 0x0, 0xf,
    0xfe, 0x0, 0x0, 0xff, 0xe0, 0x0, 0xf, 0xfe,
    0x0, 0x0, 0xff, 0xe0, 0x0, 0xf, 0xfe, 0x0,
    0x0, 0xff, 0xe0, 0x0, 0xf, 0xfe, 0x0, 0x0,
    0xff, 0xe0, 0x0, 0xf, 0xfe, 0x0, 0x0, 0xff,
    0xe0, 0x0, 0xf, 0xfe, 0x0,

    /* U+00EF "ï" */
    0x0, 0x0, 0x0, 0x3, 0xf0, 0x0, 0xfc, 0x7f,
    0x80, 0x1f, 0xef, 0xfc, 0x3, 0xff, 0xff, 0xc0,
    0x3f, 0xff, 0xfc, 0x3, 0xff, 0x7f, 0x80, 0x1f,
    0xe3, 0xf0, 0x0, 0xfc, 0x8, 0x0, 0x0, 0x0,
    0x0, 0x0, 0x0, 0x0, 0x0, 0x0, 0x0, 0x0,
    0x0, 0x0, 0x0, 0x0, 0x0, 0x0, 0x0, 0x0,
    0x0, 0x0, 0x0, 0x0, 0x0, 0xf, 0xfe, 0x0,
    0x0, 0xff, 0xe0, 0x0, 0xf, 0xfe, 0x0, 0x0,
    0xff, 0xe0, 0x0, 0xf, 0xfe, 0x0, 0x0, 0xff,
    0xe0, 0x0, 0xf, 0xfe, 0x0, 0x0, 0xff, 0xe0,
    0x0, 0xf, 0xfe, 0x0, 0x0, 0xff, 0xe0, 0x0,
    0xf, 0xfe, 0x0, 0x0, 0xff, 0xe0, 0x0, 0xf,
    0xfe, 0x0, 0x0, 0xff, 0xe0, 0x0, 0xf, 0xfe,
    0x0, 0x0, 0xff, 0xe0, 0x0, 0xf, 0xfe, 0x0,
    0x0, 0xff, 0xe0, 0x0, 0xf, 0xfe, 0x0, 0x0,
    0xff, 0xe0, 0x0, 0xf, 0xfe, 0x0, 0x0, 0xff,
    0xe0, 0x0, 0xf, 0xfe, 0x0, 0x0, 0xff, 0xe0,
    0x0, 0xf, 0xfe, 0x0, 0x0, 0xff, 0xe0, 0x0,
    0xf, 0xfe, 0x0, 0x0, 0xff, 0xe0, 0x0, 0xf,
    0xfe, 0x0, 0x0, 0xff, 0xe0, 0x0, 0xf, 0xfe,
    0x0, 0x0, 0xff, 0xe0, 0x0, 0xf, 0xfe, 0x0,
    0x0, 0xff, 0xe0, 0x0, 0xf, 0xfe, 0x0, 0x0,
    0xff, 0xe0, 0x0, 0xf, 0xfe, 0x0, 0x0, 0xff,
    0xe0, 0x0,

    /* U+00F0 "ð" */
    0x0, 0x40, 0x0, 0x0, 0x0, 0x7, 0xe0, 0x0,
    0x0, 0x0, 0x3f, 0xe0, 0x0, 0x0, 0x1, 0xff,
    0xc0, 0x8, 0x0, 0x1f, 0xff, 0x81, 0xe0, 0x0,
    0xff, 0xfe, 0x1f, 0x80, 0xf, 0xff, 0xff, 0xfc,
    0x0, 0x7f, 0xff, 0xff, 0xe0, 0x3, 0xff, 0xff,
    0xfc, 0x0, 0x3, 0xff, 0xff, 0x80, 0x0, 0x7,
    0xff, 0xfc, 0x0, 0x0, 0xf, 0xff, 0xf0, 0x0,
    0x0, 0x3f, 0xff, 0xc0, 0x0, 0x3, 0xff, 0xff,
    0x0, 0x0, 0x7f, 0xff, 0xfc, 0x0, 0xf, 0xff,
    0xff, 0xe0, 0x0, 0x3f, 0x8f, 0xff, 0x80, 0x0,
    0xf8, 0x3f, 0xfc, 0x0, 0x7, 0x1, 0xff, 0xf0,
    0x0, 0x0, 0x7, 0xff, 0x80, 0x0, 0x0, 0x1f,
    0xfe, 0x0, 0x0, 0x0, 0xff, 0xf0, 0x0, 0x3f,
    0xc3, 0xff, 0x80, 0xf, 0xff, 0xdf, 0xfe, 0x1,
    0xff, 0xff, 0xff, 0xf0, 0x3f, 0xff, 0xff, 0xff,
    0x83, 0xff, 0xff, 0xff, 0xfc, 0x1f, 0xff, 0xff,
    0xff, 0xf1, 0xff, 0xff, 0xff, 0xff, 0x9f, 0xff,
    0xff, 0xff, 0xfc, 0xff, 0xfc, 0xf, 0xff, 0xef,
    0xff, 0x80, 0x1f, 0xff, 0x7f, 0xf8, 0x0, 0x3f,
    0xfb, 0xff, 0x80, 0x1, 0xff, 0xff, 0xfc, 0x0,
    0xf, 0xff, 0xff, 0xe0, 0x0, 0x7f, 0xff, 0xfe,
    0x0, 0x3, 0xff, 0xff, 0xf0, 0x0, 0x1f, 0xff,
    0xff, 0x80, 0x0, 0xff, 0xff, 0xfc, 0x0, 0x7,
    0xff, 0xff, 0xe0, 0x0, 0x3f, 0xff, 0xff, 0x0,
    0x1, 0xff, 0xbf, 0xf8, 0x0, 0x1f, 0xfd, 0xff,
    0xe0, 0x0, 0xff, 0xe7, 0xff, 0x0, 0xf, 0xfe,
    0x3f, 0xfc, 0x0, 0x7f, 0xf1, 0xff, 0xe0, 0x7,
    0xff, 0x7, 0xff, 0xc0, 0x7f, 0xf8, 0x1f, 0xff,
    0xff, 0xff, 0x80, 0xff, 0xff, 0xff, 0xfc, 0x3,
    0xff, 0xff, 0xff, 0xc0, 0xf, 0xff, 0xff, 0xfc,
    0x0, 0x3f, 0xff, 0xff, 0xc0, 0x0, 0xff, 0xff,
    0xf8, 0x0, 0x1, 0xff, 0xff, 0x80, 0x0, 0x1,
    0xff, 0xe0, 0x0, 0x0, 0x0, 0x60, 0x0, 0x0,

    /* U+00F1 "ñ" */
    0x0, 0x7c, 0x0, 0xfc, 0x0, 0x7f, 0xe0, 0x3f,
    0x0, 0x3f, 0xfe, 0x1f, 0xc0, 0xf, 0xff, 0xff,
    0xe0, 0x7, 0xff, 0xff, 0xf8, 0x1, 0xff, 0xff,
    0xfc, 0x0, 0xfe, 0x1f, 0xff, 0x0, 0x3f, 0x1,
    0xff, 0x80, 0xf, 0xc0, 0x1f, 0x80, 0x0, 0x0,
    0x0, 0x0, 0x0, 0x0, 0x0, 0x0, 0x0, 0x0,
    0x0, 0x0, 0x0, 0x0, 0x0, 0x0, 0x0, 0x0,
    0x0, 0x0, 0x0, 0x0, 0x0, 0x0, 0x0, 0x0,
    0x0, 0x0, 0x0, 0x0, 0xff, 0xe0, 0x7f, 0xf0,
    0x3f, 0xf8, 0x7f, 0xfe, 0xf, 0xfe, 0x7f, 0xff,
    0xc3, 0xff, 0xbf, 0xff, 0xf8, 0xff, 0xff, 0xff,
    0xff, 0x3f, 0xff, 0xff, 0xff, 0xef, 0xff, 0xff,
    0xff, 0xfb, 0xff, 0xff, 0xff, 0xfe, 0xff, 0xfc,
    0x7, 0xff, 0xbf, 0xfc, 0x0, 0xff, 0xff, 0xff,
    0x0, 0x1f, 0xff, 0xff, 0x80, 0x7, 0xff, 0xff,
    0xe0, 0x1, 0xff, 0xff, 0xf8, 0x0, 0x7f, 0xff,
    0xfe, 0x0, 0x1f, 0xff, 0xff, 0x80, 0x7, 0xff,
    0xff, 0xe0, 0x1, 0xff, 0xff, 0xf8, 0x0, 0x7f,
    0xff, 0xfe, 0x0, 0x1f, 0xff, 0xff, 0x80, 0x7,
    0xff, 0xff, 0xe0, 0x1, 0xff, 0xff, 0xf8, 0x0,
    0x7f, 0xff, 0xfe, 0x0, 0x1f, 0xff, 0xff, 0x80,
    0x7, 0xff, 0xff, 0xe0, 0x1, 0xff, 0xff, 0xf8,
    0x0, 0x7f, 0xff, 0xfe, 0x0, 0x1f, 0xff, 0xff,
    0x80, 0x7, 0xff, 0xff, 0xe0, 0x1, 0xff, 0xff,
    0xf8, 0x0, 0x7f, 0xff, 0xfe, 0x0, 0x1f, 0xff,
    0xff, 0x80, 0x7, 0xff, 0xff, 0xe0, 0x1, 0xff,
    0xff, 0xf8, 0x0, 0x7f, 0xff, 0xfe, 0x0, 0x1f,
    0xff, 0xff, 0x80, 0x7, 0xff, 0xff, 0xe0, 0x1,
    0xff, 0xff, 0xf8, 0x0, 0x7f, 0xf0,

    /* U+00F2 "ò" */
    0x7, 0xff, 0x80, 0x0, 0x0, 0x3f, 0xf8, 0x0,
    0x0, 0x1, 0xff, 0xc0, 0x0, 0x0, 0xf, 0xfe,
    0x0, 0x0, 0x0, 0x7f, 0xe0, 0x0, 0x0, 0x3,
    0xff, 0x0, 0x0, 0x0, 0x3f, 0xf0, 0x0, 0x0,
    0x1, 0xff, 0x80, 0x0, 0x0, 0xf, 0xfc, 0x0,
    0x0, 0x0, 0x7f, 0xc0, 0x0, 0x0, 0x3, 0xfe,
    0x0, 0x0, 0x0, 0x0, 0x0, 0x0, 0x0, 0x0,
    0x0, 0x0, 0x0, 0x0, 0x0, 0x0, 0x0, 0x0,
    0x0, 0x0, 0x0, 0x0, 0x0, 0x0, 0x0, 0x0,
    0x0, 0x1f, 0xff, 0x80, 0x0, 0x7, 0xff, 0xfe,
    0x0, 0x1, 0xff, 0xff, 0xf8, 0x0, 0x3f, 0xff,
    0xff, 0xc0, 0x7, 0xff, 0xff, 0xfe, 0x0, 0xff,
    0xff, 0xff, 0xf0, 0x1f, 0xff, 0xff, 0xff, 0x81,
    0xff, 0xff, 0xff, 0xf8, 0x3f, 0xfe, 0x7, 0xff,
    0xc3, 0xff, 0x80, 0x1f, 0xfc, 0x7f, 0xf8, 0x1,
    0xff, 0xe7, 0xff, 0x0, 0xf, 0xfe, 0x7f, 0xf0,
    0x0, 0xff, 0xef, 0xff, 0x0, 0xf, 0xfe, 0xff,
    0xe0, 0x0, 0x7f, 0xff, 0xfe, 0x0, 0x7, 0xff,
    0xff, 0xe0, 0x0, 0x7f, 0xff, 0xfe, 0x0, 0x7,
    0xff, 0xff, 0xe0, 0x0, 0x7f, 0xff, 0xfe, 0x0,
    0x7, 0xff, 0xff, 0xe0, 0x0, 0x7f, 0xff, 0xfe,
    0x0, 0x7, 0xff, 0xff, 0xe0, 0x0, 0x7f, 0xff,
    0xfe, 0x0, 0x7, 0xff, 0xff, 0xf0, 0x0, 0xff,
    0xe7, 0xff, 0x0, 0xf, 0xfe, 0x7f, 0xf0, 0x0,
    0xff, 0xe7, 0xff, 0x80, 0x1f, 0xfe, 0x3f, 0xf8,
    0x1, 0xff, 0xc3, 0xff, 0xc0, 0x3f, 0xfc, 0x1f,
    0xff, 0xff, 0xff, 0x81, 0xff, 0xff, 0xff, 0xf8,
    0xf, 0xff, 0xff, 0xff, 0x0, 0x7f, 0xff, 0xff,
    0xe0, 0x3, 0xff, 0xff, 0xfc, 0x0, 0x1f, 0xff,
    0xff, 0x80, 0x0, 0x7f, 0xff, 0xe0, 0x0, 0x1,
    0xff, 0xf8, 0x0, 0x0, 0x0, 0x60, 0x0, 0x0,

    /* U+00F3 "ó" */
    0x0, 0x0, 0x1f, 0xfe, 0x0, 0x0, 0x1, 0xff,
    0xc0, 0x0, 0x0, 0x3f, 0xf8, 0x0, 0x0, 0x3,
    0xff, 0x0, 0x0, 0x0, 0x7f, 0xe0, 0x0, 0x0,
    0xf, 0xfe, 0x0, 0x0, 0x0, 0xff, 0xc0, 0x0,
    0x0, 0x1f, 0xf8, 0x0, 0x0, 0x1, 0xff, 0x0,
    0x0, 0x0, 0x3f, 0xe0, 0x0, 0x0, 0x7, 0xfc,
    0x0, 0x0, 0x0, 0x0, 0x0, 0x0, 0x0, 0x0,
    0x0, 0x0, 0x0, 0x0, 0x0, 0x0, 0x0, 0x0,
    0x0, 0x0, 0x0, 0x0, 0x0, 0x0, 0x0, 0x0,
    0x0, 0x1f, 0xff, 0x80, 0x0, 0x7, 0xff, 0xfe,
    0x0, 0x1, 0xff, 0xff, 0xf8, 0x0, 0x3f, 0xff,
    0xff, 0xc0, 0x7, 0xff, 0xff, 0xfe, 0x0, 0xff,
    0xff, 0xff, 0xf0, 0x1f, 0xff, 0xff, 0xff, 0x81,
    0xff, 0xff, 0xff, 0xf8, 0x3f, 0xfe, 0x7, 0xff,
    0xc3, 0xff, 0x80, 0x1f, 0xfc, 0x7f, 0xf8, 0x1,
    0xff, 0xe7, 0xff, 0x0, 0xf, 0xfe, 0x7f, 0xf0,
    0x0, 0xff, 0xef, 0xff, 0x0, 0xf, 0xfe, 0xff,
    0xe0, 0x0, 0x7f, 0xff, 0xfe, 0x0, 0x7, 0xff,
    0xff, 0xe0, 0x0, 0x7f, 0xff, 0xfe, 0x0, 0x7,
    0xff, 0xff, 0xe0, 0x0, 0x7f, 0xff, 0xfe, 0x0,
    0x7, 0xff, 0xff, 0xe0, 0x0, 0x7f, 0xff, 0xfe,
    0x0, 0x7, 0xff, 0xff, 0xe0, 0x0, 0x7f, 0xff,
    0xfe, 0x0, 0x7, 0xff, 0xff, 0xf0, 0x0, 0xff,
    0xe7, 0xff, 0x0, 0xf, 0xfe, 0x7f, 0xf0, 0x0,
    0xff, 0xe7, 0xff, 0x80, 0x1f, 0xfe, 0x3f, 0xf8,
    0x1, 0xff, 0xc3, 0xff, 0xc0, 0x3f, 0xfc, 0x1f,
    0xff, 0xff, 0xff, 0x81, 0xff, 0xff, 0xff, 0xf8,
    0xf, 0xff, 0xff, 0xff, 0x0, 0x7f, 0xff, 0xff,
    0xe0, 0x3, 0xff, 0xff, 0xfc, 0x0, 0x1f, 0xff,
    0xff, 0x80, 0x0, 0x7f, 0xff, 0xe0, 0x0, 0x1,
    0xff, 0xf8, 0x0, 0x0, 0x0, 0x60, 0x0, 0x0,

    /* U+00F4 "ô" */
    0x0, 0x3, 0xfc, 0x0, 0x0, 0x0, 0x7f, 0xe0,
    0x0, 0x0, 0xf, 0xff, 0x0, 0x0, 0x1, 0xff,
    0xf8, 0x0, 0x0, 0x3f, 0xff, 0xc0, 0x0, 0x7,
    0xff, 0xfe, 0x0, 0x0, 0xff, 0x9f, 0xf0, 0x0,
    0x1f, 0xf0, 0xff, 0x80, 0x7, 0xfe, 0x7, 0xfc,
    0x0, 0xff, 0x80, 0x1f, 0xe0, 0x0, 0x0, 0x0,
    0x1, 0x0, 0x0, 0x0, 0x0, 0x0, 0x0, 0x0,
    0x0, 0x0, 0x0, 0x0, 0x0, 0x0, 0x0, 0x0,
    0x0, 0x0, 0x0, 0x0, 0x0, 0x0, 0x0, 0x0,
    0x0, 0x1f, 0xff, 0x80, 0x0, 0x7, 0xff, 0xfe,
    0x0, 0x1, 0xff, 0xff, 0xf8, 0x0, 0x3f, 0xff,
    0xff, 0xc0, 0x7, 0xff, 0xff, 0xfe, 0x0, 0xff,
    0xff, 0xff, 0xf0, 0x1f, 0xff, 0xff, 0xff, 0x81,
    0xff, 0xff, 0xff, 0xf8, 0x3f, 0xfe, 0x7, 0xff,
    0xc3, 0xff, 0x80, 0x1f, 0xfc, 0x7f, 0xf8, 0x1,
    0xff, 0xe7, 0xff, 0x0, 0xf, 0xfe, 0x7f, 0xf0,
    0x0, 0xff, 0xef, 0xff, 0x0, 0xf, 0xfe, 0xff,
    0xe0, 0x0, 0x7f, 0xff, 0xfe, 0x0, 0x7, 0xff,
    0xff, 0xe0, 0x0, 0x7f, 0xff, 0xfe, 0x0, 0x7,
    0xff, 0xff, 0xe0, 0x0, 0x7f, 0xff, 0xfe, 0x0,
    0x7, 0xff, 0xff, 0xe0, 0x0, 0x7f, 0xff, 0xfe,
    0x0, 0x7, 0xff, 0xff, 0xe0, 0x0, 0x7f, 0xff,
    0xfe, 0x0, 0x7, 0xff, 0xff, 0xf0, 0x0, 0xff,
    0xe7, 0xff, 0x0, 0xf, 0xfe, 0x7f, 0xf0, 0x0,
    0xff, 0xe7, 0xff, 0x80, 0x1f, 0xfe, 0x3f, 0xf8,
    0x1, 0xff, 0xc3, 0xff, 0xc0, 0x3f, 0xfc, 0x1f,
    0xff, 0xff, 0xff, 0x81, 0xff, 0xff, 0xff, 0xf8,
    0xf, 0xff, 0xff, 0xff, 0x0, 0x7f, 0xff, 0xff,
    0xe0, 0x3, 0xff, 0xff, 0xfc, 0x0, 0x1f, 0xff,
    0xff, 0x80, 0x0, 0x7f, 0xff, 0xe0, 0x0, 0x1,
    0xff, 0xf8, 0x0, 0x0, 0x0, 0x60, 0x0, 0x0,

    /* U+00F5 "õ" */
    0x0, 0x3e, 0x0, 0x7e, 0x0, 0xf, 0xfc, 0x7,
    0xe0, 0x1, 0xff, 0xf0, 0xfe, 0x0, 0x1f, 0xff,
    0xff, 0xc0, 0x3, 0xff, 0xff, 0xfc, 0x0, 0x3f,
    0xff, 0xff, 0x80, 0x7, 0xf0, 0xff, 0xf8, 0x0,
    0x7e, 0x3, 0xff, 0x0, 0x7, 0xe0, 0xf, 0xc0,
    0x0, 0x0, 0x0, 0x0, 0x0, 0x0, 0x0, 0x0,
    0x0, 0x0, 0x0, 0x0, 0x0, 0x0, 0x0, 0x0,
    0x0, 0x0, 0x0, 0x0, 0x0, 0x0, 0x0, 0x0,
    0x0, 0x0, 0x0, 0x0, 0x0, 0x0, 0x0, 0x0,
    0x0, 0x1f, 0xff, 0x80, 0x0, 0x7, 0xff, 0xfe,
    0x0, 0x1, 0xff, 0xff, 0xf8, 0x0, 0x3f, 0xff,
    0xff, 0xc0, 0x7, 0xff, 0xff, 0xfe, 0x0, 0xff,
    0xff, 0xff, 0xf0, 0x1f, 0xff, 0xff, 0xff, 0x81,
    0xff, 0xff, 0xff, 0xf8, 0x3f, 0xfe, 0x7, 0xff,
    0xc3, 0xff, 0x80, 0x1f, 0xfc, 0x7f, 0xf8, 0x1,
    0xff, 0xe7, 0xff, 0x0, 0xf, 0xfe, 0x7f, 0xf0,
    0x0, 0xff, 0xef, 0xff, 0x0, 0xf, 0xfe, 0xff,
    0xe0, 0x0, 0x7f, 0xff, 0xfe, 0x0, 0x7, 0xff,
    0xff, 0xe0, 0x0, 0x7f, 0xff, 0xfe, 0x0, 0x7,
    0xff, 0xff, 0xe0, 0x0, 0x7f, 0xff, 0xfe, 0x0,
    0x7, 0xff, 0xff, 0xe0, 0x0, 0x7f, 0xff, 0xfe,
    0x0, 0x7, 0xff, 0xff, 0xe0, 0x0, 0x7f, 0xff,
    0xfe, 0x0, 0x7, 0xff, 0xff, 0xf0, 0x0, 0xff,
    0xe7, 0xff, 0x0, 0xf, 0xfe, 0x7f, 0xf0, 0x0,
    0xff, 0xe7, 0xff, 0x80, 0x1f, 0xfe, 0x3f, 0xf8,
    0x1, 0xff, 0xc3, 0xff, 0xc0, 0x3f, 0xfc, 0x1f,
    0xff, 0xff, 0xff, 0x81, 0xff, 0xff, 0xff, 0xf8,
    0xf, 0xff, 0xff, 0xff, 0x0, 0x7f, 0xff, 0xff,
    0xe0, 0x3, 0xff, 0xff, 0xfc, 0x0, 0x1f, 0xff,
    0xff, 0x80, 0x0, 0x7f, 0xff, 0xe0, 0x0, 0x1,
    0xff, 0xf8, 0x0, 0x0, 0x0, 0x60, 0x0, 0x0,

    /* U+00F6 "ö" */
    0x1, 0xe0, 0x0, 0x78, 0x0, 0x7f, 0x80, 0x1f,
    0xe0, 0xf, 0xfc, 0x3, 0xff, 0x0, 0xff, 0xc0,
    0x3f, 0xf0, 0xf, 0xfc, 0x3, 0xff, 0x0, 0xff,
    0xc0, 0x3f, 0xf0, 0x7, 0xf8, 0x1, 0xfe, 0x0,
    0x3f, 0x0, 0xf, 0xc0, 0x0, 0x0, 0x0, 0x0,
    0x0, 0x0, 0x0, 0x0, 0x0, 0x0, 0x0, 0x0,
    0x0, 0x0, 0x0, 0x0, 0x0, 0x0, 0x0, 0x0,
    0x0, 0x0, 0x0, 0x0, 0x0, 0x0, 0x0, 0x0,
    0x0, 0x0, 0x0, 0x0, 0x1, 0xff, 0xf8, 0x0,
    0x0, 0x7f, 0xff, 0xe0, 0x0, 0x1f, 0xff, 0xff,
    0x80, 0x3, 0xff, 0xff, 0xfc, 0x0, 0x7f, 0xff,
    0xff, 0xe0, 0xf, 0xff, 0xff, 0xff, 0x1, 0xff,
    0xff, 0xff, 0xf8, 0x1f, 0xff, 0xff, 0xff, 0x83,
    0xff, 0xe0, 0x7f, 0xfc, 0x3f, 0xf8, 0x1, 0xff,
    0xc7, 0xff, 0x80, 0x1f, 0xfe, 0x7f, 0xf0, 0x0,
    0xff, 0xe7, 0xff, 0x0, 0xf, 0xfe, 0xff, 0xf0,
    0x0, 0xff, 0xef, 0xfe, 0x0, 0x7, 0xff, 0xff,
    0xe0, 0x0, 0x7f, 0xff, 0xfe, 0x0, 0x7, 0xff,
    0xff, 0xe0, 0x0, 0x7f, 0xff, 0xfe, 0x0, 0x7,
    0xff, 0xff, 0xe0, 0x0, 0x7f, 0xff, 0xfe, 0x0,
    0x7, 0xff, 0xff, 0xe0, 0x0, 0x7f, 0xff, 0xfe,
    0x0, 0x7, 0xff, 0xff, 0xe0, 0x0, 0x7f, 0xff,
    0xff, 0x0, 0xf, 0xfe, 0x7f, 0xf0, 0x0, 0xff,
    0xe7, 0xff, 0x0, 0xf, 0xfe, 0x7f, 0xf8, 0x1,
    0xff, 0xe3, 0xff, 0x80, 0x1f, 0xfc, 0x3f, 0xfc,
    0x3, 0xff, 0xc1, 0xff, 0xff, 0xff, 0xf8, 0x1f,
    0xff, 0xff, 0xff, 0x80, 0xff, 0xff, 0xff, 0xf0,
    0x7, 0xff, 0xff, 0xfe, 0x0, 0x3f, 0xff, 0xff,
    0xc0, 0x1, 0xff, 0xff, 0xf8, 0x0, 0x7, 0xff,
    0xfe, 0x0, 0x0, 0x1f, 0xff, 0x80, 0x0, 0x0,
    0x6, 0x0, 0x0,

    /* U+00F7 "÷" */
    0x0, 0x1, 0xf8, 0x0, 0x0, 0x0, 0x3f, 0xc0,
    0x0, 0x0, 0x7, 0xfe, 0x0, 0x0, 0x0, 0xff,
    0xf0, 0x0, 0x0, 0xf, 0xff, 0x0, 0x0, 0x0,
    0xff, 0xf0, 0x0, 0x0, 0xf, 0xff, 0x0, 0x0,
    0x0, 0xff, 0xf0, 0x0, 0x0, 0x7, 0xfe, 0x0,
    0x0, 0x0, 0x3f, 0xc0, 0x0, 0x0, 0x1, 0xf8,
    0x0, 0x0, 0x0, 0x0, 0x0, 0x0, 0x0, 0x0,
    0x0, 0x0, 0x0, 0x0, 0x0, 0x0, 0x0, 0x0,
    0x0, 0x0, 0x0, 0x0, 0x0, 0x0, 0x0, 0x0,
    0xff, 0xff, 0xff, 0xff, 0xff, 0xff, 0xff, 0xff,
    0xff, 0xff, 0xff, 0xff, 0xff, 0xff, 0xff, 0xff,
    0xff, 0xff, 0xff, 0xff, 0xff, 0xff, 0xff, 0xff,
    0xff, 0xff, 0xff, 0xff, 0xff, 0xff, 0xff, 0xff,
    0xff, 0xff, 0xff, 0xff, 0x0, 0x0, 0x0, 0x0,
    0x0, 0x0, 0x0, 0x0, 0x0, 0x0, 0x0, 0x0,
    0x0, 0x0, 0x0, 0x0, 0x0, 0x0, 0x0, 0x0,
    0x0, 0x0, 0x0, 0x0, 0x1f, 0x80, 0x0, 0x0,
    0x3, 0xfc, 0x0, 0x0, 0x0, 0x7f, 0xe0, 0x0,
    0x0, 0xf, 0xff, 0x0, 0x0, 0x0, 0xff, 0xf0,
    0x0, 0x0, 0xf, 0xff, 0x0, 0x0, 0x0, 0xff,
    0xf0, 0x0, 0x0, 0xf, 0xff, 0x0, 0x0, 0x0,
    0x7f, 0xe0, 0x0, 0x0, 0x3, 0xfc, 0x0, 0x0,
    0x0, 0x1f, 0x80, 0x0,

    /* U+00F8 "ø" */
    0x0, 0x0, 0x0, 0x1f, 0x80, 0x0, 0x0, 0x3,
    0xf0, 0x0, 0x0, 0x0, 0x3f, 0x0, 0x0, 0x0,
    0x7, 0xe0, 0x0, 0x0, 0x0, 0x7e, 0x0, 0x0,
    0x0, 0xf, 0xc0, 0x0, 0x1f, 0xff, 0xfc, 0x0,
    0x7, 0xff, 0xff, 0x80, 0x1, 0xff, 0xff, 0xf8,
    0x0, 0x3f, 0xff, 0xff, 0xc0, 0x7, 0xff, 0xff,
    0xfe, 0x0, 0xff, 0xff, 0xff, 0xf0, 0x1f, 0xff,
    0xff, 0xff, 0x81, 0xff, 0xff, 0xff, 0xf8, 0x3f,
    0xfe, 0xf, 0xff, 0xc3, 0xff, 0x81, 0xff, 0xfc,
    0x7f, 0xf8, 0x1f, 0xff, 0xe7, 0xff, 0x1, 0xff,
    0xfe, 0x7f, 0xf0, 0x3f, 0xff, 0xef, 0xff, 0x3,
    0xff, 0xfe, 0xff, 0xe0, 0x7e, 0x7f, 0xff, 0xfe,
    0x7, 0xe7, 0xff, 0xff, 0xe0, 0xfc, 0x7f, 0xff,
    0xfe, 0xf, 0xc7, 0xff, 0xff, 0xe1, 0xf8, 0x7f,
    0xff, 0xfe, 0x1f, 0x87, 0xff, 0xff, 0xe3, 0xf0,
    0x7f, 0xff, 0xfe, 0x3f, 0x7, 0xff, 0xff, 0xe7,
    0xe0, 0x7f, 0xff, 0xfe, 0x7e, 0x7, 0xff, 0xff,
    0xff, 0xc0, 0xff, 0xe7, 0xff, 0xfc, 0xf, 0xfe,
    0x7f, 0xff, 0x80, 0xff, 0xe7, 0xff, 0xf8, 0x1f,
    0xfe, 0x3f, 0xff, 0x1, 0xff, 0xc3, 0xff, 0xf0,
    0x3f, 0xfc, 0x1f, 0xff, 0xff, 0xff, 0x81, 0xff,
    0xff, 0xff, 0xf8, 0xf, 0xff, 0xff, 0xff, 0x0,
    0x7f, 0xff, 0xff, 0xe0, 0x3, 0xff, 0xff, 0xfc,
    0x0, 0x1f, 0xff, 0xff, 0x80, 0x1, 0xff, 0xff,
    0xe0, 0x0, 0x3f, 0xff, 0xf8, 0x0, 0x3, 0xf0,
    0x60, 0x0, 0x0, 0x7e, 0x0, 0x0, 0x0, 0x7,
    0xe0, 0x0, 0x0, 0x0, 0xfc, 0x0, 0x0, 0x0,
    0xf, 0xc0, 0x0, 0x0, 0x0,

    /* U+00F9 "ù" */
    0xf, 0xff, 0x0, 0x0, 0x1, 0xff, 0xc0, 0x0,
    0x0, 0x3f, 0xf8, 0x0, 0x0, 0x7, 0xff, 0x0,
    0x0, 0x1, 0xff, 0xc0, 0x0, 0x0, 0x3f, 0xf8,
    0x0, 0x0, 0x7, 0xff, 0x0, 0x0, 0x0, 0xff,
    0xc0, 0x0, 0x0, 0x1f, 0xf8, 0x0, 0x0, 0x3,
    0xff, 0x0, 0x0, 0x0, 0x7f, 0xc0, 0x0, 0x0,
    0x0, 0x0, 0x0, 0x0, 0x0, 0x0, 0x0, 0x0,
    0x0, 0x0, 0x0, 0x0, 0x0, 0x0, 0x0, 0x0,
    0x0, 0x0, 0x0, 0x0, 0xff, 0xe0, 0x1, 0xff,
    0xff, 0xf8, 0x0, 0x7f, 0xff, 0xfe, 0x0, 0x1f,
    0xff, 0xff, 0x80, 0x7, 0xff, 0xff, 0xe0, 0x1,
    0xff, 0xff, 0xf8, 0x0, 0x7f, 0xff, 0xfe, 0x0,
    0x1f, 0xff, 0xff, 0x80, 0x7, 0xff, 0xff, 0xe0,
    0x1, 0xff, 0xff, 0xf8, 0x0, 0x7f, 0xff, 0xfe,
    0x0, 0x1f, 0xff, 0xff, 0x80, 0x7, 0xff, 0xff,
    0xe0, 0x1, 0xff, 0xff, 0xf8, 0x0, 0x7f, 0xff,
    0xfe, 0x0, 0x1f, 0xff, 0xff, 0x80, 0x7, 0xff,
    0xff, 0xe0, 0x1, 0xff, 0xff, 0xf8, 0x0, 0x7f,
    0xff, 0xfe, 0x0, 0x1f, 0xff, 0xff, 0x80, 0x7,
    0xff, 0xff, 0xe0, 0x1, 0xff, 0xff, 0xf8, 0x0,
    0x7f, 0xff, 0xfe, 0x0, 0x1f, 0xff, 0xff, 0x80,
    0x7, 0xff, 0xff, 0xe0, 0x1, 0xff, 0xff, 0xf8,
    0x0, 0x7f, 0xff, 0xfe, 0x0, 0x1f, 0xff, 0xff,
    0x80, 0x7, 0xff, 0xff, 0xf0, 0x3, 0xff, 0xdf,
    0xfe, 0x1, 0xff, 0xf7, 0xff, 0xff, 0xff, 0xfd,
    0xff, 0xff, 0xff, 0xff, 0x3f, 0xff, 0xff, 0xff,
    0xcf, 0xff, 0xff, 0xff, 0xf1, 0xff, 0xff, 0xff,
    0xfc, 0x3f, 0xff, 0xf7, 0xff, 0x7, 0xff, 0xf0,
    0xff, 0xc0, 0x7f, 0xf0, 0x3f, 0xf0, 0x0, 0x80,
    0x0, 0x0,

    /* U+00FA "ú" */
    0x0, 0x0, 0x1f, 0xfc, 0x0, 0x0, 0xf, 0xfe,
    0x0, 0x0, 0x7, 0xff, 0x80, 0x0, 0x1, 0xff,
    0xc0, 0x0, 0x0, 0xff, 0xe0, 0x0, 0x0, 0x7f,
    0xf0, 0x0, 0x0, 0x1f, 0xf8, 0x0, 0x0, 0xf,
    0xfc, 0x0, 0x0, 0x7, 0xfe, 0x0, 0x0, 0x1,
    0xff, 0x0, 0x0, 0x0, 0xff, 0x80, 0x0, 0x0,
    0x0, 0x0, 0x0, 0x0, 0x0, 0x0, 0x0, 0x0,
    0x0, 0x0, 0x0, 0x0, 0x0, 0x0, 0x0, 0x0,
    0x0, 0x0, 0x0, 0x0, 0xff, 0xe0, 0x1, 0xff,
    0xff, 0xf8, 0x0, 0x7f, 0xff, 0xfe, 0x0, 0x1f,
    0xff, 0xff, 0x80, 0x7, 0xff, 0xff, 0xe0, 0x1,
    0xff, 0xff, 0xf8, 0x0, 0x7f, 0xff, 0xfe, 0x0,
    0x1f, 0xff, 0xff, 0x80, 0x7, 0xff, 0xff, 0xe0,
    0x1, 0xff, 0xff, 0xf8, 0x0, 0x7f, 0xff, 0xfe,
    0x0, 0x1f, 0xff, 0xff, 0x80, 0x7, 0xff, 0xff,
    0xe0, 0x1, 0xff, 0xff, 0xf8, 0x0, 0x7f, 0xff,
    0xfe, 0x0, 0x1f, 0xff, 0xff, 0x80, 0x7, 0xff,
    0xff, 0xe0, 0x1, 0xff, 0xff, 0xf8, 0x0, 0x7f,
    0xff, 0xfe, 0x0, 0x1f, 0xff, 0xff, 0x80, 0x7,
    0xff, 0xff, 0xe0, 0x1, 0xff, 0xff, 0xf8, 0x0,
    0x7f, 0xff, 0xfe, 0x0, 0x1f, 0xff, 0xff, 0x80,
    0x7, 0xff, 0xff, 0xe0, 0x1, 0xff, 0xff, 0xf8,
    0x0, 0x7f, 0xff, 0xfe, 0x0, 0x1f, 0xff, 0xff,
    0x80, 0x7, 0xff, 0xff, 0xf0, 0x3, 0xff, 0xdf,
    0xfe, 0x1, 0xff, 0xf7, 0xff, 0xff, 0xff, 0xfd,
    0xff, 0xff, 0xff, 0xff, 0x3f, 0xff, 0xff, 0xff,
    0xcf, 0xff, 0xff, 0xff, 0xf1, 0xff, 0xff, 0xff,
    0xfc, 0x3f, 0xff, 0xf7, 0xff, 0x7, 0xff, 0xf0,
    0xff, 0xc0, 0x7f, 0xf0, 0x3f, 0xf0, 0x0, 0x80,
    0x0, 0x0,

    /* U+00FB "û" */
    0x0, 0x7, 0xf8, 0x0, 0x0, 0x3, 0xff, 0x0,
    0x0, 0x1, 0xff, 0xe0, 0x0, 0x0, 0xff, 0xfc,
    0x0, 0x0, 0x7f, 0xff, 0x80, 0x0, 0x7f, 0xff,
    0xf0, 0x0, 0x3f, 0xf3, 0xff, 0x0, 0x1f, 0xf0,
    0x3f, 0xe0, 0xf, 0xf8, 0x7, 0xfc, 0x7, 0xfc,
    0x0, 0xff, 0x80, 0x0, 0x0, 0x0, 0x0, 0x0,
    0x0, 0x0, 0x0, 0x0, 0x0, 0x0, 0x0, 0x0,
    0x0, 0x0, 0x0, 0x0, 0x0, 0x0, 0x0, 0x0,
    0x0, 0x0, 0x0, 0x0, 0xff, 0xe0, 0x1, 0xff,
    0xff, 0xf8, 0x0, 0x7f, 0xff, 0xfe, 0x0, 0x1f,
    0xff, 0xff, 0x80, 0x7, 0xff, 0xff, 0xe0, 0x1,
    0xff, 0xff, 0xf8, 0x0, 0x7f, 0xff, 0xfe, 0x0,
    0x1f, 0xff, 0xff, 0x80, 0x7, 0xff, 0xff, 0xe0,
    0x1, 0xff, 0xff, 0xf8, 0x0, 0x7f, 0xff, 0xfe,
    0x0, 0x1f, 0xff, 0xff, 0x80, 0x7, 0xff, 0xff,
    0xe0, 0x1, 0xff, 0xff, 0xf8, 0x0, 0x7f, 0xff,
    0xfe, 0x0, 0x1f, 0xff, 0xff, 0x80, 0x7, 0xff,
    0xff, 0xe0, 0x1, 0xff, 0xff, 0xf8, 0x0, 0x7f,
    0xff, 0xfe, 0x0, 0x1f, 0xff, 0xff, 0x80, 0x7,
    0xff, 0xff, 0xe0, 0x1, 0xff, 0xff, 0xf8, 0x0,
    0x7f, 0xff, 0xfe, 0x0, 0x1f, 0xff, 0xff, 0x80,
    0x7, 0xff, 0xff, 0xe0, 0x1, 0xff, 0xff, 0xf8,
    0x0, 0x7f, 0xff, 0xfe, 0x0, 0x1f, 0xff, 0xff,
    0x80, 0x7, 0xff, 0xff, 0xf0, 0x3, 0xff, 0xdf,
    0xfe, 0x1, 0xff, 0xf7, 0xff, 0xff, 0xff, 0xfd,
    0xff, 0xff, 0xff, 0xff, 0x3f, 0xff, 0xff, 0xff,
    0xcf, 0xff, 0xff, 0xff, 0xf1, 0xff, 0xff, 0xff,
    0xfc, 0x3f, 0xff, 0xf7, 0xff, 0x7, 0xff, 0xf0,
    0xff, 0xc0, 0x7f, 0xf0, 0x3f, 0xf0, 0x0, 0x80,
    0x0, 0x0,

    /* U+00FC "ü" */
    0x3, 0xc0, 0x0, 0xf0, 0x3, 0xfc, 0x0, 0xff,
    0x1, 0xff, 0x80, 0x7f, 0xe0, 0x7f, 0xe0, 0x1f,
    0xf8, 0x1f, 0xf8, 0x7, 0xfe, 0x7, 0xfe, 0x1,
    0xff, 0x80, 0xff, 0x0, 0x3f, 0xc0, 0x1f, 0x80,
    0x7, 0xc0, 0x0, 0x0, 0x0, 0x0, 0x0, 0x0,
    0x0, 0x0, 0x0, 0x0, 0x0, 0x0, 0x0, 0x0,
    0x0, 0x0, 0x0, 0x0, 0x0, 0x0, 0x0, 0x0,
    0x0, 0x0, 0x0, 0x0, 0x0, 0x0, 0x0, 0x3,
    0xff, 0x80, 0x7, 0xff, 0xff, 0xe0, 0x1, 0xff,
    0xff, 0xf8, 0x0, 0x7f, 0xff, 0xfe, 0x0, 0x1f,
    0xff, 0xff, 0x80, 0x7, 0xff, 0xff, 0xe0, 0x1,
    0xff, 0xff, 0xf8, 0x0, 0x7f, 0xff, 0xfe, 0x0,
    0x1f, 0xff, 0xff, 0x80, 0x7, 0xff, 0xff, 0xe0,
    0x1, 0xff, 0xff, 0xf8, 0x0, 0x7f, 0xff, 0xfe,
    0x0, 0x1f, 0xff, 0xff, 0x80, 0x7, 0xff, 0xff,
    0xe0, 0x1, 0xff, 0xff, 0xf8, 0x0, 0x7f, 0xff,
    0xfe, 0x0, 0x1f, 0xff, 0xff, 0x80, 0x7, 0xff,
    0xff, 0xe0, 0x1, 0xff, 0xff, 0xf8, 0x0, 0x7f,
    0xff, 0xfe, 0x0, 0x1f, 0xff, 0xff, 0x80, 0x7,
    0xff, 0xff, 0xe0, 0x1, 0xff, 0xff, 0xf8, 0x0,
    0x7f, 0xff, 0xfe, 0x0, 0x1f, 0xff, 0xff, 0x80,
    0x7, 0xff, 0xff, 0xe0, 0x1, 0xff, 0xff, 0xf8,
    0x0, 0x7f, 0xff, 0xfe, 0x0, 0x1f, 0xff, 0xff,
    0xc0, 0xf, 0xff, 0x7f, 0xf8, 0x7, 0xff, 0xdf,
    0xff, 0xff, 0xff, 0xf7, 0xff, 0xff, 0xff, 0xfc,
    0xff, 0xff, 0xff, 0xff, 0x3f, 0xff, 0xff, 0xff,
    0xc7, 0xff, 0xff, 0xff, 0xf0, 0xff, 0xff, 0xdf,
    0xfc, 0x1f, 0xff, 0xc3, 0xff, 0x1, 0xff, 0xc0,
    0xff, 0xc0, 0x2, 0x0, 0x0, 0x0,

    /* U+00FD "ý" */
    0x0, 0x0, 0xf, 0xff, 0x0, 0x0, 0x0, 0x7f,
    0xf0, 0x0, 0x0, 0x7, 0xff, 0x0, 0x0, 0x0,
    0x3f, 0xf0, 0x0, 0x0, 0x3, 0xff, 0x80, 0x0,
    0x0, 0x3f, 0xf8, 0x0, 0x0, 0x1, 0xff, 0x80,
    0x0, 0x0, 0x1f, 0xf8, 0x0, 0x0, 0x1, 0xff,
    0x80, 0x0, 0x0, 0xf, 0xf8, 0x0, 0x0, 0x0,
    0xff, 0x80, 0x0, 0x0, 0x0, 0x0, 0x0, 0x0,
    0x0, 0x0, 0x0, 0x0, 0x0, 0x0, 0x0, 0x0,
    0x0, 0x0, 0x0, 0x0, 0x0, 0x0, 0x0, 0x0,
    0x0, 0x0, 0x7f, 0xf0, 0x0, 0x7f, 0xfb, 0xff,
    0xc0, 0x3, 0xff, 0xdf, 0xfe, 0x0, 0x1f, 0xfe,
    0x7f, 0xf0, 0x0, 0xff, 0xe3, 0xff, 0xc0, 0xf,
    0xff, 0x1f, 0xfe, 0x0, 0x7f, 0xf0, 0x7f, 0xf0,
    0x3, 0xff, 0x83, 0xff, 0x80, 0x3f, 0xfc, 0x1f,
    0xfe, 0x1, 0xff, 0xc0, 0x7f, 0xf0, 0xf, 0xfe,
    0x3, 0xff, 0x80, 0x7f, 0xf0, 0x1f, 0xfe, 0x7,
    0xff, 0x0, 0x7f, 0xf0, 0x3f, 0xf8, 0x3, 0xff,
    0x81, 0xff, 0xc0, 0x1f, 0xfc, 0x1f, 0xfc, 0x0,
    0x7f, 0xf0, 0xff, 0xe0, 0x3, 0xff, 0x87, 0xff,
    0x0, 0x1f, 0xfc, 0x3f, 0xf0, 0x0, 0x7f, 0xe3,
    0xff, 0x80, 0x3, 0xff, 0x9f, 0xfc, 0x0, 0x1f,
    0xfc, 0xff, 0xc0, 0x0, 0x7f, 0xef, 0xfe, 0x0,
    0x3, 0xff, 0xff, 0xf0, 0x0, 0x1f, 0xff, 0xff,
    0x0, 0x0, 0x7f, 0xff, 0xf8, 0x0, 0x3, 0xff,
    0xff, 0xc0, 0x0, 0x1f, 0xff, 0xfc, 0x0, 0x0,
    0x7f, 0xff, 0xe0, 0x0, 0x3, 0xff, 0xff, 0x0,
    0x0, 0xf, 0xff, 0xf0, 0x0, 0x0, 0x7f, 0xff,
    0x80, 0x0, 0x3, 0xff, 0xf8, 0x0, 0x0, 0xf,
    0xff, 0xc0, 0x0, 0x0, 0x7f, 0xfe, 0x0, 0x0,
    0x3, 0xff, 0xe0, 0x0, 0x0, 0xf, 0xff, 0x0,
    0x0, 0x0, 0x7f, 0xf8, 0x0, 0x0, 0x3, 0xff,
    0x80, 0x0, 0x0, 0xf, 0xfc, 0x0, 0x0, 0x0,
    0x7f, 0xe0, 0x0, 0x0, 0x7, 0xfe, 0x0, 0x0,
    0x0, 0x3f, 0xf0, 0x0, 0x0, 0x1, 0xff, 0x80,
    0x0, 0x0, 0x1f, 0xf8, 0x0, 0x0, 0x1, 0xff,
    0xc0, 0x0, 0x0, 0x1f, 0xfe, 0x0, 0x0, 0x1f,
    0xff, 0xe0, 0x0, 0x0, 0xff, 0xff, 0x0, 0x0,
    0x7, 0xff, 0xf0, 0x0, 0x0, 0x3f, 0xff, 0x0,
    0x0, 0x1, 0xff, 0xf8, 0x0, 0x0, 0xf, 0xff,
    0x80, 0x0, 0x0, 0x7f, 0xf0, 0x0, 0x0, 0x3,
    0xfe, 0x0, 0x0, 0x0,

    /* U+00FE "þ" */
    0xff, 0xe0, 0x0, 0x0, 0x1f, 0xfc, 0x0, 0x0,
    0x3, 0xff, 0x80, 0x0, 0x0, 0x7f, 0xf0, 0x0,
    0x0, 0xf, 0xfe, 0x0, 0x0, 0x1, 0xff, 0xc0,
    0x0, 0x0, 0x3f, 0xf8, 0x0, 0x0, 0x7, 0xff,
    0x0, 0x0, 0x0, 0xff, 0xe0, 0x0, 0x0, 0x1f,
    0xfc, 0x0, 0x0, 0x3, 0xff, 0x80, 0x0, 0x0,
    0x7f, 0xf0, 0x0, 0x0, 0xf, 0xfe, 0x0, 0x0,
    0x1, 0xff, 0xc0, 0x0, 0x0, 0x3f, 0xf8, 0x0,
    0x0, 0x7, 0xff, 0x0, 0x0, 0x0, 0xff, 0xe1,
    0xff, 0xc0, 0x1f, 0xfc, 0xff, 0xfe, 0x3, 0xff,
    0xbf, 0xff, 0xe0, 0x7f, 0xff, 0xff, 0xfe, 0xf,
    0xff, 0xff, 0xff, 0xe1, 0xff, 0xff, 0xff, 0xfe,
    0x3f, 0xff, 0xff, 0xff, 0xc7, 0xff, 0xff, 0xff,
    0xfc, 0xff, 0xf8, 0x7, 0xff, 0x9f, 0xfe, 0x0,
    0x7f, 0xfb, 0xff, 0x80, 0xf, 0xff, 0x7f, 0xf0,
    0x0, 0xff, 0xef, 0xfe, 0x0, 0x1f, 0xfd, 0xff,
    0xc0, 0x3, 0xff, 0xff, 0xf8, 0x0, 0x3f, 0xff,
    0xff, 0x0, 0x7, 0xff, 0xff, 0xe0, 0x0, 0xff,
    0xff, 0xfc, 0x0, 0x1f, 0xff, 0xff, 0x80, 0x3,
    0xff, 0xff, 0xf0, 0x0, 0x7f, 0xff, 0xfe, 0x0,
    0xf, 0xff, 0xff, 0xc0, 0x1, 0xff, 0xff, 0xf8,
    0x0, 0x3f, 0xff, 0xff, 0x0, 0x7, 0xff, 0xff,
    0xe0, 0x1, 0xff, 0xff, 0xfc, 0x0, 0x3f, 0xfb,
    0xff, 0x80, 0x7, 0xff, 0x7f, 0xf0, 0x1, 0xff,
    0xef, 0xff, 0x0, 0x3f, 0xfd, 0xff, 0xf0, 0xf,
    0xff, 0x3f, 0xff, 0xff, 0xff, 0xe7, 0xff, 0xff,
    0xff, 0xf8, 0xff, 0xff, 0xff, 0xff, 0x1f, 0xff,
    0xff, 0xff, 0xc3, 0xff, 0xff, 0xff, 0xf0, 0x7f,
    0xf7, 0xff, 0xfc, 0xf, 0xfe, 0x7f, 0xfe, 0x1,
    0xff, 0xc3, 0xff, 0x80, 0x3f, 0xf8, 0x6, 0x0,
    0x7, 0xff, 0x0, 0x0, 0x0, 0xff, 0xe0, 0x0,
    0x0, 0x1f, 0xfc, 0x0, 0x0, 0x3, 0xff, 0x80,
    0x0, 0x0, 0x7f, 0xf0, 0x0, 0x0, 0xf, 0xfe,
    0x0, 0x0, 0x1, 0xff, 0xc0, 0x0, 0x0, 0x3f,
    0xf8, 0x0, 0x0, 0x7, 0xff, 0x0, 0x0, 0x0,
    0xff, 0xe0, 0x0, 0x0, 0x1f, 0xfc, 0x0, 0x0,
    0x3, 0xff, 0x80, 0x0, 0x0, 0x7f, 0xf0, 0x0,
    0x0, 0xf, 0xfe, 0x0, 0x0, 0x0,

    /* U+00FF "ÿ" */
    0x0, 0xf0, 0x0, 0x3c, 0x0, 0xf, 0xf0, 0x3,
    0xfc, 0x0, 0x7f, 0xe0, 0x1f, 0xf8, 0x1, 0xff,
    0x80, 0x7f, 0xe0, 0x7, 0xfe, 0x1, 0xff, 0x80,
    0x1f, 0xf8, 0x7, 0xfe, 0x0, 0x3f, 0xc0, 0xf,
    0xf0, 0x0, 0x7e, 0x0, 0x1f, 0x80, 0x0, 0x0,
    0x0, 0x0, 0x0, 0x0, 0x0, 0x0, 0x0, 0x0,
    0x0, 0x0, 0x0, 0x0, 0x0, 0x0, 0x0, 0x0,
    0x0, 0x0, 0x0, 0x0, 0x0, 0x0, 0x0, 0x0,
    0x0, 0x0, 0x7, 0xff, 0x0, 0x3, 0xff, 0x9f,
    0xfe, 0x0, 0x1f, 0xfe, 0x7f, 0xf8, 0x0, 0x7f,
    0xf8, 0xff, 0xe0, 0x1, 0xff, 0xc3, 0xff, 0xc0,
    0x7, 0xff, 0xf, 0xff, 0x0, 0x3f, 0xfc, 0x1f,
    0xfc, 0x0, 0xff, 0xe0, 0x7f, 0xf0, 0x3, 0xff,
    0x81, 0xff, 0xe0, 0x1f, 0xfe, 0x3, 0xff, 0x80,
    0x7f, 0xf0, 0xf, 0xfe, 0x1, 0xff, 0xc0, 0x3f,
    0xfc, 0xf, 0xff, 0x0, 0x7f, 0xf0, 0x3f, 0xf8,
    0x1, 0xff, 0xc0, 0xff, 0xe0, 0x7, 0xff, 0x3,
    0xff, 0x80, 0xf, 0xfe, 0x1f, 0xfc, 0x0, 0x3f,
    0xf8, 0x7f, 0xf0, 0x0, 0xff, 0xe1, 0xff, 0x80,
    0x1, 0xff, 0xcf, 0xfe, 0x0, 0x7, 0xff, 0x3f,
    0xf8, 0x0, 0x1f, 0xfc, 0xff, 0xc0, 0x0, 0x3f,
    0xf3, 0xff, 0x0, 0x0, 0xff, 0xff, 0xfc, 0x0,
    0x3, 0xff, 0xff, 0xe0, 0x0, 0x7, 0xff, 0xff,
    0x80, 0x0, 0x1f, 0xff, 0xfe, 0x0, 0x0, 0x7f,
    0xff, 0xf0, 0x0, 0x0, 0xff, 0xff, 0xc0, 0x0,
    0x3, 0xff, 0xff, 0x0, 0x0, 0xf, 0xff, 0xf8,
    0x0, 0x0, 0x1f, 0xff, 0xe0, 0x0, 0x0, 0x7f,
    0xff, 0x80, 0x0, 0x1, 0xff, 0xfc, 0x0, 0x0,
    0x3, 0xff, 0xf0, 0x0, 0x0, 0xf, 0xff, 0xc0,
    0x0, 0x0, 0x3f, 0xfe, 0x0, 0x0, 0x0, 0x7f,
    0xf8, 0x0, 0x0, 0x1, 0xff, 0xe0, 0x0, 0x0,
    0x7, 0xff, 0x0, 0x0, 0x0, 0xf, 0xfc, 0x0,
    0x0, 0x0, 0x7f, 0xe0, 0x0, 0x0, 0x1, 0xff,
    0x80, 0x0, 0x0, 0x7, 0xfe, 0x0, 0x0, 0x0,
    0x3f, 0xf0, 0x0, 0x0, 0x0, 0xff, 0xc0, 0x0,
    0x0, 0xf, 0xff, 0x0, 0x0, 0x7, 0xff, 0xf8,
    0x0, 0x0, 0x1f, 0xff, 0xe0, 0x0, 0x0, 0x7f,
    0xff, 0x0, 0x0, 0x1, 0xff, 0xf8, 0x0, 0x0,
    0x7, 0xff, 0xe0, 0x0, 0x0, 0x1f, 0xff, 0x0,
    0x0, 0x0, 0x7f, 0xf0, 0x0, 0x0, 0x1, 0xff,
    0x0, 0x0, 0x0
};


/*---------------------
 *  GLYPH DESCRIPTION
 *--------------------*/

static const lv_font_fmt_txt_glyph_dsc_t glyph_dsc[] = {
    {.bitmap_index = 0, .adv_w = 0, .box_w = 0, .box_h = 0, .ofs_x = 0, .ofs_y = 0} /* id = 0 reserved */,
    {.bitmap_index = 0, .adv_w = 287, .box_w = 1, .box_h = 1, .ofs_x = 0, .ofs_y = 0},
    {.bitmap_index = 1, .adv_w = 315, .box_w = 12, .box_h = 53, .ofs_x = 4, .ofs_y = -1},
    {.bitmap_index = 81, .adv_w = 366, .box_w = 20, .box_h = 19, .ofs_x = 2, .ofs_y = 35},
    {.bitmap_index = 129, .adv_w = 676, .box_w = 39, .box_h = 52, .ofs_x = 2, .ofs_y = 0},
    {.bitmap_index = 383, .adv_w = 664, .box_w = 35, .box_h = 68, .ofs_x = 3, .ofs_y = -8},
    {.bitmap_index = 681, .adv_w = 854, .box_w = 47, .box_h = 54, .ofs_x = 3, .ofs_y = -1},
    {.bitmap_index = 999, .adv_w = 767, .box_w = 44, .box_h = 54, .ofs_x = 2, .ofs_y = -1},
    {.bitmap_index = 1296, .adv_w = 182, .box_w = 8, .box_h = 20, .ofs_x = 2, .ofs_y = 34},
    {.bitmap_index = 1316, .adv_w = 404, .box_w = 20, .box_h = 73, .ofs_x = 4, .ofs_y = -16},
    {.bitmap_index = 1499, .adv_w = 406, .box_w = 21, .box_h = 73, .ofs_x = 1, .ofs_y = -16},
    {.bitmap_index = 1691, .adv_w = 530, .box_w = 32, .box_h = 31, .ofs_x = 1, .ofs_y = 21},
    {.bitmap_index = 1815, .adv_w = 622, .box_w = 36, .box_h = 38, .ofs_x = 1, .ofs_y = 5},
    {.bitmap_index = 1986, .adv_w = 297, .box_w = 13, .box_h = 22, .ofs_x = 1, .ofs_y = -13},
    {.bitmap_index = 2022, .adv_w = 486, .box_w = 20, .box_h = 8, .ofs_x = 5, .ofs_y = 18},
    {.bitmap_index = 2042, .adv_w = 341, .box_w = 12, .box_h = 12, .ofs_x = 4, .ofs_y = -1},
    {.bitmap_index = 2060, .adv_w = 416, .box_w = 26, .box_h = 56, .ofs_x = -1, .ofs_y = -4},
    {.bitmap_index = 2242, .adv_w = 664, .box_w = 35, .box_h = 54, .ofs_x = 3, .ofs_y = -1},
    {.bitmap_index = 2479, .adv_w = 664, .box_w = 23, .box_h = 52, .ofs_x = 6, .ofs_y = 0},
    {.bitmap_index = 2629, .adv_w = 664, .box_w = 36, .box_h = 53, .ofs_x = 2, .ofs_y = 0},
    {.bitmap_index = 2868, .adv_w = 664, .box_w = 36, .box_h = 54, .ofs_x = 2, .ofs_y = -1},
    {.bitmap_index = 3111, .adv_w = 664, .box_w = 38, .box_h = 52, .ofs_x = 2, .ofs_y = 0},
    {.bitmap_index = 3358, .adv_w = 664, .box_w = 35, .box_h = 53, .ofs_x = 3, .ofs_y = -1},
    {.bitmap_index = 3590, .adv_w = 664, .box_w = 36, .box_h = 54, .ofs_x = 3, .ofs_y = -1},
    {.bitmap_index = 3833, .adv_w = 664, .box_w = 37, .box_h = 52, .ofs_x = 2, .ofs_y = 0},
    {.bitmap_index = 4074, .adv_w = 664, .box_w = 35, .box_h = 54, .ofs_x = 3, .ofs_y = -1},
    {.bitmap_index = 4311, .adv_w = 664, .box_w = 35, .box_h = 54, .ofs_x = 3, .ofs_y = -1},
    {.bitmap_index = 4548, .adv_w = 335, .box_w = 12, .box_h = 40, .ofs_x = 4, .ofs_y = -1},
    {.bitmap_index = 4608, .adv_w = 318, .box_w = 14, .box_h = 53, .ofs_x = 2, .ofs_y = -14},
    {.bitmap_index = 4701, .adv_w = 587, .box_w = 31, .box_h = 34, .ofs_x = 2, .ofs_y = 5},
    {.bitmap_index = 4833, .adv_w = 668, .box_w = 32, .box_h = 24, .ofs_x = 5, .ofs_y = 11},
    {.bitmap_index = 4929, .adv_w = 593, .box_w = 31, .box_h = 34, .ofs_x = 4, .ofs_y = 5},
    {.bitmap_index = 5061, .adv_w = 581, .box_w = 32, .box_h = 54, .ofs_x = 1, .ofs_y = -1},
    {.bitmap_index = 5277, .adv_w = 1032, .box_w = 59, .box_h = 66, .ofs_x = 3, .ofs_y = -16},
    {.bitmap_index = 5764, .adv_w = 779, .box_w = 49, .box_h = 52, .ofs_x = 0, .ofs_y = 0},
    {.bitmap_index = 6083, .adv_w = 740, .box_w = 39, .box_h = 52, .ofs_x = 4, .ofs_y = 0},
    {.bitmap_index = 6337, .adv_w = 755, .box_w = 42, .box_h = 54, .ofs_x = 3, .ofs_y = -1},
    {.bitmap_index = 6621, .adv_w = 747, .box_w = 39, .box_h = 52, .ofs_x = 4, .ofs_y = 0},
    {.bitmap_index = 6875, .adv_w = 646, .box_w = 35, .box_h = 52, .ofs_x = 4, .ofs_y = 0},
    {.bitmap_index = 7103, .adv_w = 631, .box_w = 34, .box_h = 52, .ofs_x = 4, .ofs_y = 0},
    {.bitmap_index = 7324, .adv_w = 785, .box_w = 42, .box_h = 54, .ofs_x = 3, .ofs_y = -1},
    {.bitmap_index = 7608, .adv_w = 812, .box_w = 42, .box_h = 52, .ofs_x = 4, .ofs_y = 0},
    {.bitmap_index = 7881, .adv_w = 343, .box_w = 11, .box_h = 52, .ofs_x = 5, .ofs_y = 0},
    {.bitmap_index = 7953, .adv_w = 646, .box_w = 35, .box_h = 53, .ofs_x = 1, .ofs_y = -1},
    {.bitmap_index = 8185, .adv_w = 735, .box_w = 42, .box_h = 52, .ofs_x = 4, .ofs_y = 0},
    {.bitmap_index = 8458, .adv_w = 624, .box_w = 34, .box_h = 52, .ofs_x = 4, .ofs_y = 0},
    {.bitmap_index = 8679, .adv_w = 1009, .box_w = 55, .box_h = 52, .ofs_x = 4, .ofs_y = 0},
    {.bitmap_index = 9037, .adv_w = 811, .box_w = 42, .box_h = 52, .ofs_x = 4, .ofs_y = 0},
    {.bitmap_index = 9310, .adv_w = 795, .box_w = 44, .box_h = 54, .ofs_x = 3, .ofs_y = -1},
    {.bitmap_index = 9607, .adv_w = 746, .box_w = 39, .box_h = 52, .ofs_x = 4, .ofs_y = 0},
    {.bitmap_index = 9861, .adv_w = 795, .box_w = 44, .box_h = 62, .ofs_x = 3, .ofs_y = -9},
    {.bitmap_index = 10202, .adv_w = 745, .box_w = 41, .box_h = 52, .ofs_x = 4, .ofs_y = 0},
    {.bitmap_index = 10469, .adv_w = 715, .box_w = 40, .box_h = 54, .ofs_x = 2, .ofs_y = -1},
    {.bitmap_index = 10739, .adv_w = 721, .box_w = 42, .box_h = 52, .ofs_x = 1, .ofs_y = 0},
    {.bitmap_index = 11012, .adv_w = 763, .box_w = 40, .box_h = 53, .ofs_x = 4, .ofs_y = -1},
    {.bitmap_index = 11277, .adv_w = 757, .box_w = 47, .box_h = 52, .ofs_x = 0, .ofs_y = 0},
    {.bitmap_index = 11583, .adv_w = 1005, .box_w = 61, .box_h = 52, .ofs_x = 1, .ofs_y = 0},
    {.bitmap_index = 11980, .adv_w = 734, .box_w = 45, .box_h = 52, .ofs_x = 0, .ofs_y = 0},
    {.bitmap_index = 12273, .adv_w = 718, .box_w = 45, .box_h = 52, .ofs_x = 0, .ofs_y = 0},
    {.bitmap_index = 12566, .adv_w = 701, .box_w = 40, .box_h = 52, .ofs_x = 2, .ofs_y = 0},
    {.bitmap_index = 12826, .adv_w = 322, .box_w = 16, .box_h = 72, .ofs_x = 4, .ofs_y = -12},
    {.bitmap_index = 12970, .adv_w = 489, .box_w = 32, .box_h = 56, .ofs_x = 0, .ofs_y = -4},
    {.bitmap_index = 13194, .adv_w = 322, .box_w = 16, .box_h = 72, .ofs_x = 0, .ofs_y = -12},
    {.bitmap_index = 13338, .adv_w = 510, .box_w = 30, .box_h = 26, .ofs_x = 1, .ofs_y = 26},
    {.bitmap_index = 13436, .adv_w = 511, .box_w = 32, .box_h = 8, .ofs_x = 0, .ofs_y = -8},
    {.bitmap_index = 13468, .adv_w = 386, .box_w = 19, .box_h = 11, .ofs_x = 2, .ofs_y = 43},
    {.bitmap_index = 13495, .adv_w = 614, .box_w = 35, .box_h = 40, .ofs_x = 2, .ofs_y = -1},
    {.bitmap_index = 13670, .adv_w = 649, .box_w = 35, .box_h = 55, .ofs_x = 4, .ofs_y = -1},
    {.bitmap_index = 13911, .adv_w = 600, .box_w = 34, .box_h = 40, .ofs_x = 2, .ofs_y = -1},
    {.bitmap_index = 14081, .adv_w = 648, .box_w = 35, .box_h = 55, .ofs_x = 2, .ofs_y = -1},
    {.bitmap_index = 14322, .adv_w = 625, .box_w = 35, .box_h = 40, .ofs_x = 2, .ofs_y = -1},
    {.bitmap_index = 14497, .adv_w = 415, .box_w = 26, .box_h = 55, .ofs_x = 0, .ofs_y = 0},
    {.bitmap_index = 14676, .adv_w = 660, .box_w = 35, .box_h = 54, .ofs_x = 2, .ofs_y = -15},
    {.bitmap_index = 14913, .adv_w = 647, .box_w = 34, .box_h = 54, .ofs_x = 3, .ofs_y = 0},
    {.bitmap_index = 15143, .adv_w = 311, .box_w = 12, .box_h = 54, .ofs_x = 4, .ofs_y = 0},
    {.bitmap_index = 15224, .adv_w = 306, .box_w = 20, .box_h = 70, .ofs_x = -4, .ofs_y = -16},
    {.bitmap_index = 15399, .adv_w = 623, .box_w = 36, .box_h = 54, .ofs_x = 4, .ofs_y = 0},
    {.bitmap_index = 15642, .adv_w = 311, .box_w = 11, .box_h = 54, .ofs_x = 4, .ofs_y = 0},
    {.bitmap_index = 15717, .adv_w = 995, .box_w = 55, .box_h = 39, .ofs_x = 4, .ofs_y = 0},
    {.bitmap_index = 15986, .adv_w = 648, .box_w = 34, .box_h = 39, .ofs_x = 3, .ofs_y = 0},
    {.bitmap_index = 16152, .adv_w = 649, .box_w = 36, .box_h = 40, .ofs_x = 2, .ofs_y = -1},
    {.bitmap_index = 16332, .adv_w = 649, .box_w = 35, .box_h = 54, .ofs_x = 4, .ofs_y = -15},
    {.bitmap_index = 16569, .adv_w = 649, .box_w = 35, .box_h = 54, .ofs_x = 2, .ofs_y = -15},
    {.bitmap_index = 16806, .adv_w = 429, .box_w = 22, .box_h = 39, .ofs_x = 4, .ofs_y = 0},
    {.bitmap_index = 16914, .adv_w = 591, .box_w = 33, .box_h = 40, .ofs_x = 2, .ofs_y = -1},
    {.bitmap_index = 17079, .adv_w = 393, .box_w = 23, .box_h = 49, .ofs_x = 1, .ofs_y = -1},
    {.bitmap_index = 17220, .adv_w = 648, .box_w = 34, .box_h = 39, .ofs_x = 3, .ofs_y = -1},
    {.bitmap_index = 17386, .adv_w = 589, .box_w = 37, .box_h = 38, .ofs_x = 0, .ofs_y = 0},
    {.bitmap_index = 17562, .adv_w = 841, .box_w = 51, .box_h = 38, .ofs_x = 1, .ofs_y = 0},
    {.bitmap_index = 17805, .adv_w = 590, .box_w = 36, .box_h = 38, .ofs_x = 1, .ofs_y = 0},
    {.bitmap_index = 17976, .adv_w = 588, .box_w = 37, .box_h = 54, .ofs_x = 0, .ofs_y = -16},
    {.bitmap_index = 18226, .adv_w = 590, .box_w = 32, .box_h = 38, .ofs_x = 2, .ofs_y = 0},
    {.bitmap_index = 18378, .adv_w = 377, .box_w = 21, .box_h = 69, .ofs_x = 2, .ofs_y = -13},
    {.bitmap_index = 18560, .adv_w = 293, .box_w = 6, .box_h = 61, .ofs_x = 6, .ofs_y = -9},
    {.bitmap_index = 18606, .adv_w = 377, .box_w = 21, .box_h = 69, .ofs_x = 1, .ofs_y = -13},
    {.bitmap_index = 18788, .adv_w = 737, .box_w = 39, .box_h = 16, .ofs_x = 4, .ofs_y = 13},
    {.bitmap_index = 18866, .adv_w = 287, .box_w = 1, .box_h = 1, .ofs_x = 0, .ofs_y = 0},
    {.bitmap_index = 18867, .adv_w = 336, .box_w = 12, .box_h = 52, .ofs_x = 4, .ofs_y = -13},
    {.bitmap_index = 18945, .adv_w = 673, .box_w = 34, .box_h = 56, .ofs_x = 4, .ofs_y = -9},
    {.bitmap_index = 19183, .adv_w = 689, .box_w = 37, .box_h = 53, .ofs_x = 4, .ofs_y = 0},
    {.bitmap_index = 19429, .adv_w = 792, .box_w = 45, .box_h = 46, .ofs_x = 3, .ofs_y = -1},
    {.bitmap_index = 19688, .adv_w = 620, .box_w = 38, .box_h = 52, .ofs_x = 0, .ofs_y = 0},
    {.bitmap_index = 19935, .adv_w = 293, .box_w = 10, .box_h = 61, .ofs_x = 4, .ofs_y = -9},
    {.bitmap_index = 20012, .adv_w = 728, .box_w = 39, .box_h = 69, .ofs_x = 3, .ofs_y = -16},
    {.bitmap_index = 20349, .adv_w = 556, .box_w = 28, .box_h = 8, .ofs_x = 3, .ofs_y = 44},
    {.bitmap_index = 20377, .adv_w = 905, .box_w = 50, .box_h = 53, .ofs_x = 3, .ofs_y = -1},
    {.bitmap_index = 20709, .adv_w = 510, .box_w = 23, .box_h = 27, .ofs_x = 5, .ofs_y = 24},
    {.bitmap_index = 20787, .adv_w = 584, .box_w = 31, .box_h = 28, .ofs_x = 2, .ofs_y = 4},
    {.bitmap_index = 20896, .adv_w = 633, .box_w = 30, .box_h = 15, .ofs_x = 4, .ofs_y = 13},
    {.bitmap_index = 20953, .adv_w = 486, .box_w = 20, .box_h = 8, .ofs_x = 5, .ofs_y = 18},
    {.bitmap_index = 20973, .adv_w = 905, .box_w = 50, .box_h = 53, .ofs_x = 3, .ofs_y = -1},
    {.bitmap_index = 21305, .adv_w = 588, .box_w = 24, .box_h = 6, .ofs_x = 6, .ofs_y = 46},
    {.bitmap_index = 21323, .adv_w = 453, .box_w = 19, .box_h = 19, .ofs_x = 4, .ofs_y = 33},
    {.bitmap_index = 21369, .adv_w = 620, .box_w = 33, .box_h = 46, .ofs_x = 3, .ofs_y = 0},
    {.bitmap_index = 21559, .adv_w = 430, .box_w = 23, .box_h = 28, .ofs_x = 2, .ofs_y = 23},
    {.bitmap_index = 21640, .adv_w = 430, .box_w = 23, .box_h = 28, .ofs_x = 2, .ofs_y = 23},
    {.bitmap_index = 21721, .adv_w = 385, .box_w = 19, .box_h = 11, .ofs_x = 3, .ofs_y = 43},
    {.bitmap_index = 21748, .adv_w = 725, .box_w = 35, .box_h = 53, .ofs_x = 5, .ofs_y = -15},
    {.bitmap_index = 21980, .adv_w = 563, .box_w = 28, .box_h = 52, .ofs_x = 3, .ofs_y = 0},
    {.bitmap_index = 22162, .adv_w = 359, .box_w = 12, .box_h = 11, .ofs_x = 5, .ofs_y = 19},
    {.bitmap_index = 22179, .adv_w = 315, .box_w = 14, .box_h = 17, .ofs_x = 3, .ofs_y = -16},
    {.bitmap_index = 22209, .adv_w = 430, .box_w = 14, .box_h = 28, .ofs_x = 4, .ofs_y = 23},
    {.bitmap_index = 22258, .adv_w = 528, .box_w = 24, .box_h = 27, .ofs_x = 4, .ofs_y = 24},
    {.bitmap_index = 22339, .adv_w = 584, .box_w = 31, .box_h = 28, .ofs_x = 3, .ofs_y = 4},
    {.bitmap_index = 22448, .adv_w = 821, .box_w = 45, .box_h = 52, .ofs_x = 3, .ofs_y = 0},
    {.bitmap_index = 22741, .adv_w = 869, .box_w = 49, .box_h = 51, .ofs_x = 3, .ofs_y = 0},
    {.bitmap_index = 23054, .adv_w = 942, .box_w = 52, .box_h = 52, .ofs_x = 3, .ofs_y = 0},
    {.bitmap_index = 23392, .adv_w = 581, .box_w = 32, .box_h = 53, .ofs_x = 3, .ofs_y = -14},
    {.bitmap_index = 23604, .adv_w = 779, .box_w = 49, .box_h = 65, .ofs_x = 0, .ofs_y = 0},
    {.bitmap_index = 24003, .adv_w = 779, .box_w = 49, .box_h = 65, .ofs_x = 0, .ofs_y = 0},
    {.bitmap_index = 24402, .adv_w = 779, .box_w = 49, .box_h = 66, .ofs_x = 0, .ofs_y = 0},
    {.bitmap_index = 24807, .adv_w = 779, .box_w = 49, .box_h = 65, .ofs_x = 0, .ofs_y = 0},
    {.bitmap_index = 25206, .adv_w = 779, .box_w = 48, .box_h = 63, .ofs_x = 0, .ofs_y = 0},
    {.bitmap_index = 25584, .adv_w = 779, .box_w = 49, .box_h = 68, .ofs_x = 0, .ofs_y = 0},
    {.bitmap_index = 26001, .adv_w = 1082, .box_w = 66, .box_h = 52, .ofs_x = 0, .ofs_y = 0},
    {.bitmap_index = 26430, .adv_w = 755, .box_w = 42, .box_h = 69, .ofs_x = 3, .ofs_y = -16},
    {.bitmap_index = 26793, .adv_w = 646, .box_w = 35, .box_h = 65, .ofs_x = 4, .ofs_y = 0},
    {.bitmap_index = 27078, .adv_w = 646, .box_w = 35, .box_h = 65, .ofs_x = 4, .ofs_y = 0},
    {.bitmap_index = 27363, .adv_w = 646, .box_w = 35, .box_h = 66, .ofs_x = 4, .ofs_y = 0},
    {.bitmap_index = 27652, .adv_w = 646, .box_w = 35, .box_h = 63, .ofs_x = 4, .ofs_y = 0},
    {.bitmap_index = 27928, .adv_w = 343, .box_w = 19, .box_h = 65, .ofs_x = -3, .ofs_y = 0},
    {.bitmap_index = 28083, .adv_w = 343, .box_w = 19, .box_h = 65, .ofs_x = 5, .ofs_y = 0},
    {.bitmap_index = 28238, .adv_w = 343, .box_w = 28, .box_h = 66, .ofs_x = -3, .ofs_y = 0},
    {.bitmap_index = 28469, .adv_w = 343, .box_w = 28, .box_h = 63, .ofs_x = -3, .ofs_y = 0},
    {.bitmap_index = 28690, .adv_w = 764, .box_w = 44, .box_h = 52, .ofs_x = 1, .ofs_y = 0},
    {.bitmap_index = 28976, .adv_w = 811, .box_w = 42, .box_h = 65, .ofs_x = 4, .ofs_y = 0},
    {.bitmap_index = 29318, .adv_w = 795, .box_w = 44, .box_h = 67, .ofs_x = 3, .ofs_y = -1},
    {.bitmap_index = 29687, .adv_w = 795, .box_w = 44, .box_h = 67, .ofs_x = 3, .ofs_y = -1},
    {.bitmap_index = 30056, .adv_w = 795, .box_w = 44, .box_h = 67, .ofs_x = 3, .ofs_y = -1},
    {.bitmap_index = 30425, .adv_w = 795, .box_w = 44, .box_h = 66, .ofs_x = 3, .ofs_y = -1},
    {.bitmap_index = 30788, .adv_w = 795, .box_w = 44, .box_h = 65, .ofs_x = 3, .ofs_y = -1},
    {.bitmap_index = 31146, .adv_w = 610, .box_w = 34, .box_h = 34, .ofs_x = 2, .ofs_y = 7},
    {.bitmap_index = 31291, .adv_w = 793, .box_w = 44, .box_h = 57, .ofs_x = 3, .ofs_y = -3},
    {.bitmap_index = 31605, .adv_w = 763, .box_w = 40, .box_h = 67, .ofs_x = 4, .ofs_y = -1},
    {.bitmap_index = 31940, .adv_w = 763, .box_w = 40, .box_h = 67, .ofs_x = 4, .ofs_y = -1},
    {.bitmap_index = 32275, .adv_w = 763, .box_w = 40, .box_h = 67, .ofs_x = 4, .ofs_y = -1},
    {.bitmap_index = 32610, .adv_w = 763, .box_w = 40, .box_h = 65, .ofs_x = 4, .ofs_y = -1},
    {.bitmap_index = 32935, .adv_w = 718, .box_w = 45, .box_h = 65, .ofs_x = 0, .ofs_y = 0},
    {.bitmap_index = 33301, .adv_w = 707, .box_w = 38, .box_h = 52, .ofs_x = 4, .ofs_y = 0},
    {.bitmap_index = 33548, .adv_w = 738, .box_w = 39, .box_h = 56, .ofs_x = 5, .ofs_y = -1},
    {.bitmap_index = 33821, .adv_w = 614, .box_w = 35, .box_h = 55, .ofs_x = 2, .ofs_y = -1},
    {.bitmap_index = 34062, .adv_w = 614, .box_w = 35, .box_h = 55, .ofs_x = 2, .ofs_y = -1},
    {.bitmap_index = 34303, .adv_w = 614, .box_w = 35, .box_h = 55, .ofs_x = 2, .ofs_y = -1},
    {.bitmap_index = 34544, .adv_w = 614, .box_w = 35, .box_h = 55, .ofs_x = 2, .ofs_y = -1},
    {.bitmap_index = 34785, .adv_w = 614, .box_w = 35, .box_h = 54, .ofs_x = 2, .ofs_y = -1},
    {.bitmap_index = 35022, .adv_w = 614, .box_w = 35, .box_h = 58, .ofs_x = 2, .ofs_y = -1},
    {.bitmap_index = 35276, .adv_w = 973, .box_w = 57, .box_h = 40, .ofs_x = 2, .ofs_y = -1},
    {.bitmap_index = 35561, .adv_w = 600, .box_w = 34, .box_h = 55, .ofs_x = 2, .ofs_y = -16},
    {.bitmap_index = 35795, .adv_w = 625, .box_w = 35, .box_h = 55, .ofs_x = 2, .ofs_y = -1},
    {.bitmap_index = 36036, .adv_w = 625, .box_w = 35, .box_h = 55, .ofs_x = 2, .ofs_y = -1},
    {.bitmap_index = 36277, .adv_w = 625, .box_w = 35, .box_h = 55, .ofs_x = 2, .ofs_y = -1},
    {.bitmap_index = 36518, .adv_w = 625, .box_w = 35, .box_h = 54, .ofs_x = 2, .ofs_y = -1},
    {.bitmap_index = 36755, .adv_w = 322, .box_w = 19, .box_h = 54, .ofs_x = -3, .ofs_y = 0},
    {.bitmap_index = 36884, .adv_w = 322, .box_w = 19, .box_h = 54, .ofs_x = 5, .ofs_y = 0},
    {.bitmap_index = 37013, .adv_w = 322, .box_w = 28, .box_h = 54, .ofs_x = -3, .ofs_y = 0},
    {.bitmap_index = 37202, .adv_w = 322, .box_w = 28, .box_h = 53, .ofs_x = -4, .ofs_y = 0},
    {.bitmap_index = 37388, .adv_w = 659, .box_w = 37, .box_h = 57, .ofs_x = 3, .ofs_y = -1},
    {.bitmap_index = 37652, .adv_w = 648, .box_w = 34, .box_h = 54, .ofs_x = 3, .ofs_y = 0},
    {.bitmap_index = 37882, .adv_w = 649, .box_w = 36, .box_h = 55, .ofs_x = 2, .ofs_y = -1},
    {.bitmap_index = 38130, .adv_w = 649, .box_w = 36, .box_h = 55, .ofs_x = 2, .ofs_y = -1},
    {.bitmap_index = 38378, .adv_w = 649, .box_w = 36, .box_h = 55, .ofs_x = 2, .ofs_y = -1},
    {.bitmap_index = 38626, .adv_w = 649, .box_w = 36, .box_h = 55, .ofs_x = 2, .ofs_y = -1},
    {.bitmap_index = 38874, .adv_w = 649, .box_w = 36, .box_h = 54, .ofs_x = 2, .ofs_y = -1},
    {.bitmap_index = 39117, .adv_w = 656, .box_w = 36, .box_h = 40, .ofs_x = 2, .ofs_y = 4},
    {.bitmap_index = 39297, .adv_w = 649, .box_w = 36, .box_h = 49, .ofs_x = 2, .ofs_y = -5},
    {.bitmap_index = 39518, .adv_w = 648, .box_w = 34, .box_h = 55, .ofs_x = 3, .ofs_y = -1},
    {.bitmap_index = 39752, .adv_w = 648, .box_w = 34, .box_h = 55, .ofs_x = 3, .ofs_y = -1},
    {.bitmap_index = 39986, .adv_w = 648, .box_w = 34, .box_h = 55, .ofs_x = 3, .ofs_y = -1},
    {.bitmap_index = 40220, .adv_w = 648, .box_w = 34, .box_h = 54, .ofs_x = 3, .ofs_y = -1},
    {.bitmap_index = 40450, .adv_w = 588, .box_w = 37, .box_h = 70, .ofs_x = 0, .ofs_y = -16},
    {.bitmap_index = 40774, .adv_w = 649, .box_w = 35, .box_h = 69, .ofs_x = 4, .ofs_y = -15},
    {.bitmap_index = 41076, .adv_w = 588, .box_w = 38, .box_h = 68, .ofs_x = -1, .ofs_y = -16}
};

/*---------------------
 *  CHARACTER MAPPING
 *--------------------*/



/*Collect the unicode lists and glyph_id offsets*/
static const lv_font_fmt_txt_cmap_t cmaps[] =
{
    {
        .range_start = 32, .range_length = 95, .glyph_id_start = 1,
        .unicode_list = NULL, .glyph_id_ofs_list = NULL, .list_length = 0, .type = LV_FONT_FMT_TXT_CMAP_FORMAT0_TINY
    },
    {
        .range_start = 160, .range_length = 96, .glyph_id_start = 96,
        .unicode_list = NULL, .glyph_id_ofs_list = NULL, .list_length = 0, .type = LV_FONT_FMT_TXT_CMAP_FORMAT0_TINY
    }
};

/*-----------------
 *    KERNING
 *----------------*/


/*Map glyph_ids to kern left classes*/
static const uint8_t kern_left_class_mapping[] =
{
    0, 1, 0, 2, 0, 0, 0, 0,
    2, 3, 0, 0, 0, 4, 0, 4,
    5, 0, 0, 0, 0, 0, 0, 0,
    0, 0, 0, 0, 0, 0, 0, 0,
    0, 0, 6, 7, 8, 9, 10, 11,
    0, 12, 12, 13, 14, 15, 12, 12,
    9, 16, 17, 18, 0, 19, 13, 20,
    21, 22, 23, 24, 25, 0, 0, 0,
    0, 0, 26, 27, 28, 0, 29, 30,
    0, 31, 0, 0, 32, 0, 31, 31,
    33, 27, 0, 34, 0, 35, 0, 36,
    37, 38, 36, 39, 40, 0, 0, 0,
    0, 0, 0, 0, 0, 0, 0, 0,
    0, 0, 0, 0, 0, 0, 0, 0,
    0, 0, 0, 0, 0, 0, 0, 0,
    0, 0, 0, 0, 0, 0, 0, 0,
    6, 6, 6, 6, 6, 6, 0, 8,
    10, 10, 10, 10, 12, 12, 12, 12,
    9, 12, 9, 9, 9, 9, 9, 0,
    0, 13, 13, 13, 13, 23, 0, 0,
    26, 26, 26, 26, 26, 26, 0, 28,
    29, 29, 29, 29, 0, 0, 0, 0,
    0, 31, 33, 33, 33, 33, 33, 0,
    0, 0, 0, 0, 0, 36, 27, 36
};

/*Map glyph_ids to kern right classes*/
static const uint8_t kern_right_class_mapping[] =
{
    0, 1, 0, 2, 0, 0, 0, 3,
    2, 0, 4, 5, 0, 6, 7, 6,
    8, 0, 0, 0, 0, 0, 0, 0,
    0, 0, 0, 0, 0, 0, 0, 0,
    9, 0, 10, 0, 11, 0, 0, 0,
    11, 0, 0, 12, 0, 0, 0, 0,
    11, 0, 11, 0, 13, 14, 15, 16,
    17, 18, 19, 20, 0, 0, 21, 0,
    0, 0, 22, 0, 23, 23, 23, 24,
    23, 0, 0, 0, 0, 0, 25, 25,
    26, 25, 23, 27, 28, 29, 30, 31,
    32, 33, 31, 34, 0, 0, 35, 0,
    0, 0, 0, 0, 0, 0, 0, 0,
    0, 0, 0, 36, 0, 7, 0, 0,
    0, 0, 0, 0, 0, 0, 0, 0,
    0, 0, 0, 37, 0, 0, 0, 0,
    10, 10, 10, 10, 10, 10, 38, 11,
    0, 0, 0, 0, 0, 0, 0, 0,
    0, 0, 11, 11, 11, 11, 11, 0,
    11, 15, 15, 15, 15, 19, 0, 0,
    22, 22, 22, 22, 22, 22, 39, 23,
    23, 23, 23, 23, 0, 0, 0, 0,
    0, 25, 26, 26, 26, 26, 26, 0,
    40, 30, 30, 30, 30, 31, 0, 31
};

/*Kern values between classes*/
static const int8_t kern_class_values[] =
{
    0, 0, 0, 0, 0, 0, 0, 0,
    0, 0, 0, 0, 0, -17, 0, 0,
    0, 0, 0, 0, 0, 0, 0, 0,
    0, 0, 0, 0, 0, 0, 0, 0,
    0, 0, 0, 0, 0, 0, 0, 0,
    0, -14, 0, 0, 0, 0, 0, 0,
    0, 0, 0, 0, 0, 0, 0, 0,
    0, 0, 0, 0, 0, 0, 0, 0,
    0, 0, 0, 0, 0, 0, 0, 0,
    0, 0, 0, 0, 0, 0, 0, 0,
    0, 0, 0, 0, 0, 0, 0, 0,
    0, 0, 0, 0, 0, 0, 0, 6,
    11, 0, 7, 0, 0, 0, 0, 0,
    0, 0, 0, 0, 0, 0, 0, 0,
    0, 0, 0, 0, 0, 0, 0, 0,
    0, -80, 0, 0, 0, 0, 0, 0,
    0, 0, 0, 0, 0, 0, 0, 0,
    0, 0, 0, 0, 0, 0, 0, 0,
    0, 0, 0, 0, 0, 0, 0, 0,
    0, 0, 0, 0, 0, 0, 0, 0,
    0, 0, 0, 0, 0, 0, 0, -73,
    0, 0, 0, 0, 0, 0, 0, 0,
    0, 0, 0, 0, 0, 0, 0, 0,
    0, 0, 0, 0, 0, 0, 0, 0,
    0, 0, 0, 0, 0, 0, 0, 0,
    0, -36, 0, 0, 0, 0, 0, 0,
    -23, 0, -6, 0, 0, -36, -5, -24,
    -13, 0, -42, 0, 0, 0, 0, 0,
    -12, -4, 0, 0, -5, -3, -15, -10,
    0, 4, 0, 0, 0, 0, 0, 0,
    0, 0, 0, 0, 0, 0, 0, 0,
    0, 0, 0, 0, 0, -8, 0, -7,
    0, 0, -16, 0, 0, 0, 0, 0,
    0, 0, 0, 0, 0, 0, 0, 0,
    0, 0, 0, 0, 0, 0, 0, 0,
    0, 0, 0, -8, 0, 0, 0, 0,
    0, 0, 0, 0, 0, -9, 0, 0,
    0, 0, 0, 0, -4, 0, 0, 0,
    0, 0, 0, 0, 0, 0, 0, 0,
    0, 0, -5, 0, 0, 0, 0, 0,
    0, 0, 0, 0, 0, -36, 0, 0,
    0, -6, 0, 0, 0, -23, 0, -7,
    0, -7, -13, -7, 0, 0, 0, 0,
    0, 0, 0, 0, 0, 0, 0, 0,
    0, 0, 0, 0, 0, -10, 0, 0,
    0, 0, 0, 0, 0, 0, 0, 0,
    0, 0, 0, 0, 0, 6, 0, 0,
    0, 0, 0, 0, 0, 0, -6, -5,
    0, -6, 0, 0, 0, -5, -8, -7,
    0, 0, 0, 0, 0, 0, 0, 0,
    0, 0, 0, 0, 0, -80, 0, 0,
    0, -56, 0, -65, 0, 6, 0, 0,
    0, 0, 0, 0, 0, -10, -6, 0,
    0, -6, -8, 0, 0, -7, -7, 0,
    0, 0, 0, 0, 0, 0, 0, 0,
    0, 0, 0, 0, 0, 0, 0, 0,
    0, 5, 0, 0, 0, -9, 0, 0,
    0, 5, -8, 0, 0, 0, 0, 0,
    0, 0, 0, 0, 0, 0, 0, 0,
    0, 0, 0, 0, 0, 0, 0, 0,
    0, 0, 0, 0, 0, 0, 0, 0,
    0, -7, 0, 0, 0, 0, 0, 0,
    0, 0, 0, 0, 0, 0, 0, 0,
    0, 0, 0, 0, 0, 0, 0, 0,
    0, 0, 0, 0, 0, 0, 0, 0,
    0, 0, 0, 0, 0, 0, -44, 0,
    0, 0, -9, 0, 0, 0, 0, 0,
    0, 0, 0, 0, 0, 0, -8, 0,
    -1, -8, 0, 0, 0, -7, -12, -19,
    0, 0, 0, 0, 0, 0, 0, 0,
    0, 0, 0, 0, 0, 0, 0, 0,
    0, 6, -19, 0, 0, -65, -9, -60,
    -30, 0, -82, 0, 0, 0, 0, 0,
    0, 0, 0, 0, 0, -6, -37, -17,
    0, 0, 0, 0, 0, 0, 0, 0,
    0, 0, 0, 0, 0, -117, 0, 0,
    0, -52, 0, -56, 0, 0, 0, 0,
    0, -14, 0, -10, 0, -3, -4, 0,
    0, -4, 0, 0, 4, 0, 5, 0,
    0, 0, 0, 0, 0, -79, 0, 0,
    0, 0, 0, 0, 0, 0, 0, 0,
    0, 0, 0, 0, 0, -10, 0, -8,
    -6, 0, -10, 0, 0, 0, 0, 0,
    0, 0, 0, 0, 0, 0, 0, 0,
    0, 0, 0, 0, 0, 0, 0, 0,
    0, 0, 0, 0, 0, 0, 0, 0,
    0, 0, 0, 0, 0, -16, 0, -6,
    0, 0, -14, 0, 0, 0, 0, 0,
    0, 0, 0, 0, 0, 0, 0, 0,
    0, 0, 0, 0, 0, 0, 0, 0,
    -17, 0, 0, 0, 0, -76, -80, 0,
    0, -34, -8, -66, -5, 5, 0, 5,
    5, 0, 5, 0, 0, -48, -27, 0,
    -28, -57, -20, -25, 0, -21, -24, -15,
    -23, -18, 0, -53, -47, -56, -27, -28,
    0, 0, 0, 6, 0, -65, -41, 0,
    0, -22, -4, 0, 0, 0, 0, 0,
    0, 0, 0, 0, 5, -14, -13, 0,
    0, -14, -9, 0, 0, -8, -3, 0,
    0, 0, 6, 0, 0, 0, 0, 0,
    0, 0, 0, 5, 0, -42, -18, 0,
    0, -13, 0, 0, 0, 4, 0, 0,
    0, 0, 0, 0, 4, -10, -9, 0,
    0, -9, -6, 0, 0, -6, 0, 0,
    0, 0, 4, 0, 0, 0, 0, 0,
    0, 0, 0, 0, 0, 0, -41, 0,
    0, 0, -7, 0, 0, 0, 0, 4,
    0, 0, 0, 0, 0, 0, -8, 0,
    0, -6, 0, 0, 0, -6, -9, 0,
    0, 0, 0, 0, 0, 0, 0, 0,
    0, 0, -9, 6, -15, -68, -41, 0,
    0, -42, -9, -29, -5, 5, -29, 5,
    5, 4, 5, 0, 5, -19, -19, -7,
    -12, -19, -12, -17, -7, -12, -6, 0,
    -7, -9, 6, -25, -15, -29, -19, -19,
    0, 0, 0, 0, 0, 0, 0, 0,
    0, 4, -8, 0, 0, 0, 0, 0,
    0, 0, 0, 0, 0, 0, -6, 0,
    0, -6, 0, 0, 0, -6, -8, -8,
    0, 0, 0, 0, 0, 0, 0, 0,
    0, 0, 0, 0, 0, 0, 0, 0,
    0, 0, 0, -5, 0, 0, -5, 0,
    0, 0, 0, 0, 0, 0, 0, 0,
    0, 0, 0, 0, 0, 0, 0, 0,
    0, 0, 0, 0, 0, 0, 0, 0,
    0, -7, 0, 0, 0, 0, 0, 0,
    0, 0, 0, 0, 0, 0, 0, 0,
    0, 0, 0, 0, 0, 0, 0, 0,
    0, 0, 0, 0, 0, 0, -4, 0,
    0, 0, 0, 0, 0, 0, 0, 0,
    0, -9, 0, 0, 0, 0, 0, 0,
    0, 0, 0, 0, 0, 0, 0, 0,
    0, 0, 0, 0, 0, 0, 0, 0,
    0, 0, 0, 0, 0, 0, -3, 0,
    -4, -4, 0, 0, 0, 0, 0, 0,
    0, -3, 0, 0, 0, 0, 0, 0,
    0, 0, 0, 0, 0, 0, 0, 0,
    0, 0, 0, 0, 0, 0, 0, 0,
    0, 0, 0, 0, 0, 0, 0, 0,
    0, 0, 0, 0, 0, 0, 0, 0,
    0, -4, 0, 0, 0, 0, 0, 0,
    0, 0, 0, 0, 0, 0, 0, 0,
    0, 0, 0, 0, 0, 0, 0, 0,
    0, 0, 0, 0, 0, 0, -4, 0,
    0, 0, 0, 0, 0, 0, 0, 0,
    0, 5, 0, 6, 0, 0, 0, 0,
    0, 0, 0, 0, 0, 0, 0, 0,
    0, 0, 0, 0, 5, 0, -7, 0,
    0, 0, 0, 0, 0, 0, 0, 0,
    0, 0, 6, 0, 0, 0, 0, 0,
    0, -25, 0, 0, 0, 0, 0, 0,
    0, 0, 0, 0, 0, 0, 0, 0,
    0, 0, 0, 0, 0, 0, 0, 0,
    0, 0, 0, 0, 0, 0, 0, 0,
    0, 0, 0, 0, 0, 0, 0, 0,
    0, 0, 0, 0, 0, 0, 0, 0,
    0, 0, 0, 0, 0, 0, 0, 0,
    0, 0, 0, 0, 0, 0, -6, 0,
    0, 0, 0, 0, 0, 0, 0, 0,
    0, 0, 0, 0, 0, 0, 0, 0,
    0, -29, 0, 0, 0, 0, 0, 0,
    0, 0, 0, 0, 0, 0, 0, 0,
    0, 0, 0, 0, 0, 0, 0, 0,
    0, 0, 0, 0, 0, 0, -4, 0,
    -6, -5, 0, 0, 0, 0, 0, 0,
    0, 5, 0, 0, 0, -49, 0, 0,
    0, 0, 0, 0, 0, 0, 0, 0,
    0, 0, 0, 0, 0, -10, -6, 6,
    0, -10, 0, 0, 15, 0, 5, 5,
    0, 0, 0, 0, 0, 0, 0, 0,
    0, 0, 0, 0, 0, 0, 0, 0,
    0, 0, 0, 0, 0, 0, 0, 0,
    0, 0, 0, 0, 0, 0, 0, 0,
    0, -8, 0, 0, 0, 0, 0, 0,
    0, 0, 0, 0, 0, 0, 0, 0,
    0, 5, 0, 0, 0, -47, 0, 0,
    0, 0, 0, 0, 0, 0, 0, 0,
    0, 0, 0, 0, 0, -4, -4, 4,
    0, -4, 0, 0, 0, 0, 0, 0,
    0, 0, 0, 0, 0, 0, 0, 0,
    0, 0, 0, 0, 0, -37, 0, 0,
    0, 0, 0, 0, 0, 0, 0, 0,
    0, 0, 0, 0, 0, 0, 0, 0,
    0, 0, 0, 0, 0, 0, 0, 0,
    0, 0, 0, 0, 0, 0, 0, 0,
    0, 0, 0, 0, 0, 0, 0, 0,
    0, 0, 0, 0, 0, 0, 0, 0,
    0, 0, 0, 0, 0, 0, -6, 0,
    0, -11, 0, 0, 0, 0, 0, 0,
    0, 0, 0, 0, 0, 0, 0, 0,
    0, 0, 0, 0, 0, 0, 0, 0,
    0, 0, 0, 0, 0, 0, 0, 0,
    0, 0, 0, 0, 0, 0, -5, 0,
    0, -5, 0, 0, 0, 0, 0, 0,
    0, 0, 0, 0, 0, 0, 0, 0,
    0, 0, 0, 0, 0, 0, 0, 0,
    0, 0, 0, -6, 0, 0, -6, 0,
    0, 0, 0, 0, 0, 0, 0, 0,
    0, 0, 0, 0, 0, 0, 0, 0,
    0, 0, 0, 0, 0, 0, 0, 0
};


/*Collect the kern class' data in one place*/
static const lv_font_fmt_txt_kern_classes_t kern_classes =
{
    .class_pair_values   = kern_class_values,
    .left_class_mapping  = kern_left_class_mapping,
    .right_class_mapping = kern_right_class_mapping,
    .left_class_cnt      = 40,
    .right_class_cnt     = 40,
};

/*--------------------
 *  ALL CUSTOM DATA
 *--------------------*/

#if LVGL_VERSION_MAJOR == 8
/*Store all the custom data of the font*/
static  lv_font_fmt_txt_glyph_cache_t cache;
#endif

#if LVGL_VERSION_MAJOR >= 8
static const lv_font_fmt_txt_dsc_t font_dsc = {
#else
static lv_font_fmt_txt_dsc_t font_dsc = {
#endif
    .glyph_bitmap = glyph_bitmap,
    .glyph_dsc = glyph_dsc,
    .cmaps = cmaps,
    .kern_dsc = &kern_classes,
    .kern_scale = 30,
    .cmap_num = 2,
    .bpp = 1,
    .kern_classes = 1,
    .bitmap_format = 0,
#if LVGL_VERSION_MAJOR == 8
    .cache = &cache
#endif

};



/*-----------------
 *  PUBLIC FONT
 *----------------*/

/*Initialize a public general font descriptor*/
#if LVGL_VERSION_MAJOR >= 8
const lv_font_t roboto_extra_bold_72 = {
#else
lv_font_t roboto_extra_bold_72 = {
#endif
    .get_glyph_dsc = lv_font_get_glyph_dsc_fmt_txt,    /*Function pointer to get glyph's data*/
    .get_glyph_bitmap = lv_font_get_bitmap_fmt_txt,    /*Function pointer to get glyph's bitmap*/
    .line_height = 84,          /*The maximum line height required by the font*/
    .base_line = 16,             /*Baseline measured from the bottom of the line*/
#if !(LVGL_VERSION_MAJOR == 6 && LVGL_VERSION_MINOR == 0)
    .subpx = LV_FONT_SUBPX_NONE,
#endif
#if LV_VERSION_CHECK(7, 4, 0) || LVGL_VERSION_MAJOR >= 8
    .underline_position = -5,
    .underline_thickness = 4,
#endif
    .static_bitmap = 0,
    .dsc = &font_dsc,          /*The custom font data. Will be accessed by `get_glyph_bitmap/dsc` */
#if LV_VERSION_CHECK(8, 2, 0) || LVGL_VERSION_MAJOR >= 9
    .fallback = NULL,
#endif
    .user_data = NULL,
};



#endif /*#if ROBOTO_EXTRA_BOLD_72*/
