/*******************************************************************************
 * Size: 64 px
 * Bpp: 1
 * Opts: --bpp 1 --size 64 --no-compress --stride 1 --align 1 --font Roboto-ExtraBold.ttf --symbols ° --range 32-127 --format lvgl -o roboto_extra_bold_64.c
 ******************************************************************************/

#ifdef __has_include
    #if __has_include("lvgl.h")
        #ifndef LV_LVGL_H_INCLUDE_SIMPLE
            #define LV_LVGL_H_INCLUDE_SIMPLE
        #endif
    #endif
#endif

#ifdef LV_LVGL_H_INCLUDE_SIMPLE
    #include "lvgl.h"
#else
    #include "lvgl/lvgl.h"
#endif



#ifndef ROBOTO_EXTRA_BOLD_64
#define ROBOTO_EXTRA_BOLD_64 1
#endif

#if ROBOTO_EXTRA_BOLD_64

/*-----------------
 *    BITMAPS
 *----------------*/

/*Store the image of the glyphs*/
static LV_ATTRIBUTE_LARGE_CONST const uint8_t glyph_bitmap[] = {
    /* U+0020 " " */
    0x0,

    /* U+0021 "!" */
    0xff, 0xff, 0xff, 0xff, 0xff, 0xff, 0xff, 0xff,
    0xdf, 0xfb, 0xff, 0x7f, 0xef, 0xf9, 0xff, 0x3f,
    0xe7, 0xfc, 0xff, 0x9f, 0xf3, 0xfe, 0x7f, 0xcf,
    0xf9, 0xff, 0x3f, 0xe7, 0xfc, 0xff, 0x9f, 0xf3,
    0xfe, 0x7f, 0xcf, 0xf9, 0xff, 0x3f, 0xe7, 0xfc,
    0xff, 0x9f, 0xf3, 0xfe, 0x0, 0x0, 0x0, 0x0,
    0x0, 0x0, 0x0, 0x7f, 0x1f, 0xf7, 0xff, 0xff,
    0xff, 0xff, 0xff, 0xff, 0xf7, 0xfc, 0x7f, 0x1,
    0x0,

    /* U+0022 "\"" */
    0xfe, 0x3f, 0xff, 0x1f, 0xff, 0x8f, 0xff, 0xc7,
    0xff, 0xe3, 0xff, 0xf1, 0xff, 0xf8, 0xff, 0xfc,
    0x7f, 0xfe, 0x3f, 0xfe, 0x1f, 0xbf, 0xf, 0xdf,
    0x87, 0xef, 0xc3, 0xf7, 0xe1, 0xfb, 0xf0, 0xfd,
    0xf8, 0x7e, 0xfc, 0x3f, 0x0,

    /* U+0023 "#" */
    0x0, 0xf, 0xc0, 0xfc, 0x0, 0x1, 0xf8, 0x1f,
    0x80, 0x0, 0x3f, 0x3, 0xf0, 0x0, 0x7, 0xe0,
    0x7e, 0x0, 0x0, 0xfc, 0xf, 0xc0, 0x0, 0x1f,
    0x83, 0xf0, 0x0, 0x7, 0xe0, 0x7e, 0x0, 0x0,
    0xfc, 0xf, 0xc0, 0x0, 0x1f, 0x81, 0xf8, 0x0,
    0x3, 0xf0, 0x3f, 0x0, 0x0, 0x7e, 0x7, 0xe0,
    0x0, 0xf, 0xc1, 0xf8, 0x0, 0x3, 0xf0, 0x3f,
    0x0, 0x7f, 0xff, 0xff, 0xff, 0xcf, 0xff, 0xff,
    0xff, 0xf9, 0xff, 0xff, 0xff, 0xff, 0x3f, 0xff,
    0xff, 0xff, 0xe7, 0xff, 0xff, 0xff, 0xfc, 0x1,
    0xf8, 0x1f, 0x80, 0x0, 0x3f, 0x3, 0xf0, 0x0,
    0x7, 0xe0, 0x7e, 0x0, 0x0, 0xfc, 0xf, 0xc0,
    0x0, 0x1f, 0x83, 0xf8, 0x0, 0x7, 0xf0, 0x7e,
    0x0, 0x0, 0xfc, 0xf, 0xc0, 0x0, 0x1f, 0x81,
    0xf8, 0x0, 0x3, 0xf0, 0x3f, 0x0, 0x0, 0x7e,
    0x7, 0xe0, 0xf, 0xff, 0xff, 0xff, 0xf9, 0xff,
    0xff, 0xff, 0xff, 0x3f, 0xff, 0xff, 0xff, 0xe7,
    0xff, 0xff, 0xff, 0xfc, 0xff, 0xff, 0xff, 0xff,
    0x80, 0x3f, 0x3, 0xf0, 0x0, 0x7, 0xe0, 0xfc,
    0x0, 0x1, 0xf8, 0x1f, 0x80, 0x0, 0x3f, 0x3,
    0xf0, 0x0, 0x7, 0xe0, 0x7e, 0x0, 0x0, 0xfc,
    0xf, 0xc0, 0x0, 0x1f, 0x81, 0xf8, 0x0, 0x3,
    0xf0, 0x7e, 0x0, 0x0, 0xfc, 0xf, 0xc0, 0x0,
    0x1f, 0x81, 0xf8, 0x0, 0x3, 0xf0, 0x3f, 0x0,
    0x0, 0x7e, 0x7, 0xe0, 0x0, 0xf, 0xc1, 0xfc,
    0x0, 0x0,

    /* U+0024 "$" */
    0x0, 0x3, 0xe0, 0x0, 0x0, 0x7, 0xc0, 0x0,
    0x0, 0xf, 0x80, 0x0, 0x0, 0x1f, 0x0, 0x0,
    0x0, 0x3e, 0x0, 0x0, 0x0, 0x7c, 0x0, 0x0,
    0x0, 0xf8, 0x0, 0x0, 0x1, 0xf0, 0x0, 0x0,
    0x3f, 0xfc, 0x0, 0x1, 0xff, 0xff, 0x0, 0x7,
    0xff, 0xff, 0x0, 0x3f, 0xff, 0xff, 0x0, 0x7f,
    0xff, 0xff, 0x1, 0xff, 0xff, 0xff, 0x7, 0xff,
    0xff, 0xfe, 0xf, 0xfe, 0xf, 0xfe, 0x3f, 0xf8,
    0xf, 0xfc, 0x7f, 0xe0, 0x1f, 0xf8, 0xff, 0xc0,
    0x1f, 0xf9, 0xff, 0x80, 0x3f, 0xf3, 0xff, 0x0,
    0x7f, 0xe7, 0xfe, 0x0, 0xff, 0xcf, 0xfe, 0x0,
    0x0, 0x1f, 0xfc, 0x0, 0x0, 0x3f, 0xfc, 0x0,
    0x0, 0x3f, 0xfe, 0x0, 0x0, 0x7f, 0xff, 0x0,
    0x0, 0x7f, 0xff, 0x80, 0x0, 0x7f, 0xff, 0xc0,
    0x0, 0xff, 0xff, 0xe0, 0x0, 0x7f, 0xff, 0xe0,
    0x0, 0x7f, 0xff, 0xf0, 0x0, 0x3f, 0xff, 0xf0,
    0x0, 0x1f, 0xff, 0xe0, 0x0, 0xf, 0xff, 0xe0,
    0x0, 0x7, 0xff, 0xe0, 0x0, 0x3, 0xff, 0xc0,
    0x0, 0x3, 0xff, 0xc0, 0x0, 0x3, 0xff, 0xff,
    0xe0, 0x3, 0xff, 0xff, 0xc0, 0x7, 0xff, 0xff,
    0x80, 0xf, 0xff, 0xff, 0x0, 0x1f, 0xff, 0xff,
    0x0, 0x3f, 0xf7, 0xfe, 0x0, 0xff, 0xef, 0xfe,
    0x1, 0xff, 0xdf, 0xfe, 0x7, 0xff, 0x1f, 0xff,
    0xff, 0xfe, 0x1f, 0xff, 0xff, 0xf8, 0x3f, 0xff,
    0xff, 0xf0, 0x3f, 0xff, 0xff, 0xc0, 0x3f, 0xff,
    0xfe, 0x0, 0x1f, 0xff, 0xf8, 0x0, 0x7, 0xff,
    0xc0, 0x0, 0x0, 0xf8, 0x0, 0x0, 0x1, 0xf0,
    0x0, 0x0, 0x3, 0xe0, 0x0, 0x0, 0x7, 0xc0,
    0x0, 0x0, 0xf, 0x80, 0x0, 0x0, 0x1f, 0x0,
    0x0, 0x0, 0x3e, 0x0, 0x0,

    /* U+0025 "%" */
    0x0, 0x0, 0x0, 0x0, 0x0, 0x1, 0xff, 0x80,
    0x0, 0x0, 0x1, 0xff, 0xf8, 0x0, 0x0, 0x0,
    0xff, 0xff, 0x0, 0x0, 0x0, 0x7f, 0xff, 0xe0,
    0x0, 0x0, 0x1f, 0xff, 0xf8, 0x1, 0x80, 0xf,
    0xe0, 0x7f, 0x0, 0x78, 0x3, 0xf0, 0x1f, 0xc0,
    0x3f, 0x0, 0xfc, 0x3, 0xf0, 0x1f, 0xc0, 0x3f,
    0x0, 0xfc, 0x7, 0xe0, 0xf, 0xc0, 0x3f, 0x3,
    0xf0, 0x3, 0xf0, 0xf, 0xc1, 0xfc, 0x0, 0xfc,
    0x3, 0xf0, 0x7e, 0x0, 0x3f, 0x0, 0xfc, 0x3f,
    0x80, 0xf, 0xe0, 0x7f, 0xf, 0xc0, 0x1, 0xfc,
    0x3f, 0x87, 0xe0, 0x0, 0x7f, 0xff, 0xe3, 0xf8,
    0x0, 0xf, 0xff, 0xf0, 0xfc, 0x0, 0x1, 0xff,
    0xf8, 0x7e, 0x0, 0x0, 0x3f, 0xfc, 0x1f, 0x80,
    0x0, 0x3, 0xfc, 0xf, 0xc0, 0x0, 0x0, 0x0,
    0x7, 0xf0, 0x0, 0x0, 0x0, 0x1, 0xf8, 0x0,
    0x0, 0x0, 0x0, 0xfc, 0x0, 0x0, 0x0, 0x0,
    0x7f, 0x0, 0x0, 0x0, 0x0, 0x1f, 0x80, 0x0,
    0x0, 0x0, 0xf, 0xe0, 0xff, 0x0, 0x0, 0x3,
    0xf0, 0xff, 0xf0, 0x0, 0x1, 0xf8, 0x7f, 0xfe,
    0x0, 0x0, 0xfe, 0x3f, 0xff, 0xc0, 0x0, 0x3f,
    0x1f, 0xff, 0xf8, 0x0, 0x1f, 0xc7, 0xf0, 0xfe,
    0x0, 0xf, 0xe3, 0xf8, 0x1f, 0xc0, 0x3, 0xf0,
    0xfc, 0x3, 0xf0, 0x1, 0xfc, 0x3f, 0x0, 0xfc,
    0x0, 0x7e, 0xf, 0xc0, 0x3f, 0x0, 0x3f, 0x83,
    0xf0, 0xf, 0xc0, 0x1f, 0xc0, 0xfc, 0x3, 0xf0,
    0x7, 0xe0, 0x3f, 0x0, 0xfc, 0x3, 0xf8, 0xf,
    0xc0, 0x3f, 0x0, 0xfc, 0x3, 0xf8, 0xf, 0xc0,
    0x7f, 0x0, 0x7e, 0x7, 0xe0, 0x7, 0x80, 0x1f,
    0xff, 0xf8, 0x0, 0x0, 0x3, 0xff, 0xfc, 0x0,
    0x0, 0x0, 0xff, 0xff, 0x0, 0x0, 0x0, 0x1f,
    0xff, 0x80, 0x0, 0x0, 0x1, 0xff, 0x80, 0x0,
    0x0, 0x0, 0x6, 0x0,

    /* U+0026 "&" */
    0x0, 0x0, 0x80, 0x0, 0x0, 0x0, 0x1f, 0xfc,
    0x0, 0x0, 0x0, 0x7f, 0xfe, 0x0, 0x0, 0x0,
    0xff, 0xff, 0x80, 0x0, 0x1, 0xff, 0xff, 0xc0,
    0x0, 0x3, 0xff, 0xff, 0xc0, 0x0, 0x7, 0xff,
    0xff, 0xe0, 0x0, 0x7, 0xff, 0xff, 0xe0, 0x0,
    0x7, 0xfc, 0x1f, 0xf0, 0x0, 0xf, 0xfc, 0xf,
    0xf0, 0x0, 0xf, 0xf8, 0xf, 0xf0, 0x0, 0xf,
    0xf8, 0xf, 0xf0, 0x0, 0xf, 0xf8, 0xf, 0xf0,
    0x0, 0xf, 0xf8, 0xf, 0xf0, 0x0, 0xf, 0xfc,
    0x1f, 0xf0, 0x0, 0xf, 0xfc, 0x3f, 0xe0, 0x0,
    0x7, 0xfe, 0x7f, 0xe0, 0x0, 0x7, 0xff, 0xff,
    0xc0, 0x0, 0x7, 0xff, 0xff, 0x80, 0x0, 0x3,
    0xff, 0xff, 0x80, 0x0, 0x1, 0xff, 0xff, 0x0,
    0x0, 0x1, 0xff, 0xfc, 0x0, 0x0, 0x0, 0xff,
    0xf8, 0x0, 0x0, 0x3, 0xff, 0xf0, 0x0, 0x0,
    0x7, 0xff, 0xf8, 0x7, 0xf8, 0xf, 0xff, 0xfc,
    0x7, 0xf8, 0x1f, 0xff, 0xfe, 0x7, 0xf8, 0x3f,
    0xff, 0xff, 0x7, 0xf8, 0x3f, 0xff, 0xff, 0xf,
    0xf8, 0x7f, 0xf3, 0xff, 0x8f, 0xf8, 0x7f, 0xe1,
    0xff, 0xcf, 0xf0, 0xff, 0xe1, 0xff, 0xef, 0xf0,
    0xff, 0xc0, 0xff, 0xff, 0xf0, 0xff, 0xc0, 0x7f,
    0xff, 0xf0, 0xff, 0xc0, 0x3f, 0xff, 0xe0, 0xff,
    0xc0, 0x1f, 0xff, 0xe0, 0xff, 0xc0, 0xf, 0xff,
    0xc0, 0xff, 0xe0, 0x7, 0xff, 0xc0, 0x7f, 0xe0,
    0x7, 0xff, 0x80, 0x7f, 0xf0, 0xf, 0xff, 0x80,
    0x7f, 0xff, 0xff, 0xff, 0xc0, 0x3f, 0xff, 0xff,
    0xff, 0xe0, 0x1f, 0xff, 0xff, 0xff, 0xf0, 0xf,
    0xff, 0xff, 0xff, 0xf8, 0x7, 0xff, 0xff, 0xdf,
    0xfc, 0x3, 0xff, 0xff, 0xf, 0xfc, 0x0, 0xff,
    0xfc, 0xf, 0xfe, 0x0, 0x3, 0x0, 0x0, 0x0,

    /* U+0027 "'" */
    0xff, 0xff, 0xff, 0xff, 0xff, 0xff, 0xff, 0xff,
    0xff, 0xff, 0xff, 0xdf, 0xbf, 0x7e, 0xfd, 0xf8,

    /* U+0028 "(" */
    0x0, 0x3, 0x0, 0x3, 0x80, 0x7, 0xe0, 0x7,
    0xf0, 0x7, 0xf8, 0x7, 0xfc, 0x3, 0xfc, 0x3,
    0xfc, 0x3, 0xfc, 0x1, 0xfc, 0x1, 0xfe, 0x1,
    0xfe, 0x0, 0xff, 0x0, 0x7f, 0x0, 0x7f, 0x80,
    0x3f, 0x80, 0x3f, 0xc0, 0x1f, 0xe0, 0xf, 0xf0,
    0xf, 0xf0, 0x7, 0xf8, 0x3, 0xfc, 0x1, 0xfe,
    0x0, 0xff, 0x0, 0xff, 0x0, 0x7f, 0x80, 0x3f,
    0xc0, 0x1f, 0xe0, 0xf, 0xf0, 0x7, 0xf8, 0x3,
    0xfc, 0x1, 0xfe, 0x0, 0xff, 0x0, 0x7f, 0x80,
    0x3f, 0xc0, 0x1f, 0xe0, 0xf, 0xf0, 0x7, 0xf8,
    0x3, 0xfc, 0x1, 0xfe, 0x0, 0xff, 0x0, 0x3f,
    0xc0, 0x1f, 0xe0, 0xf, 0xf0, 0x7, 0xf8, 0x3,
    0xfc, 0x0, 0xfe, 0x0, 0x7f, 0x80, 0x3f, 0xc0,
    0xf, 0xe0, 0x7, 0xf8, 0x3, 0xfc, 0x0, 0xff,
    0x0, 0x7f, 0x80, 0x1f, 0xe0, 0xf, 0xf0, 0x3,
    0xfc, 0x0, 0xff, 0x0, 0x7f, 0x80, 0x1f, 0xe0,
    0x7, 0xf8, 0x1, 0xfc, 0x0, 0x7e, 0x0, 0x1e,
    0x0, 0x3, 0x0,

    /* U+0029 ")" */
    0x60, 0x0, 0x1e, 0x0, 0xf, 0xc0, 0x3, 0xf8,
    0x0, 0xff, 0x0, 0x3f, 0xe0, 0x7, 0xfc, 0x0,
    0xff, 0x80, 0x1f, 0xe0, 0x3, 0xfc, 0x0, 0xff,
    0x80, 0x1f, 0xe0, 0x7, 0xfc, 0x0, 0xff, 0x0,
    0x3f, 0xe0, 0x7, 0xf8, 0x1, 0xfe, 0x0, 0x7f,
    0xc0, 0x1f, 0xf0, 0x3, 0xfc, 0x0, 0xff, 0x80,
    0x3f, 0xe0, 0xf, 0xf8, 0x3, 0xfe, 0x0, 0x7f,
    0x80, 0x1f, 0xf0, 0x7, 0xfc, 0x1, 0xff, 0x0,
    0x7f, 0xc0, 0x1f, 0xf0, 0x7, 0xfc, 0x1, 0xff,
    0x0, 0x7f, 0xc0, 0x1f, 0xf0, 0x7, 0xfc, 0x1,
    0xff, 0x0, 0x7f, 0xc0, 0x1f, 0xf0, 0x7, 0xfc,
    0x1, 0xff, 0x0, 0x7f, 0x80, 0x3f, 0xe0, 0xf,
    0xf8, 0x3, 0xfe, 0x0, 0xff, 0x80, 0x3f, 0xc0,
    0xf, 0xf0, 0x7, 0xfc, 0x1, 0xfe, 0x0, 0x7f,
    0x80, 0x3f, 0xe0, 0xf, 0xf0, 0x7, 0xfc, 0x1,
    0xfe, 0x0, 0xff, 0x80, 0x3f, 0xc0, 0x1f, 0xe0,
    0xf, 0xf8, 0x3, 0xfc, 0x1, 0xfe, 0x0, 0xff,
    0x0, 0x3f, 0x80, 0xf, 0xc0, 0x1, 0xe0, 0x0,
    0x60, 0x0, 0x0,

    /* U+002A "*" */
    0x0, 0x1f, 0x80, 0x0, 0x1, 0xf8, 0x0, 0x0,
    0x1f, 0x80, 0x0, 0x1, 0xf8, 0x0, 0x0, 0x1f,
    0x80, 0x0, 0x1, 0xf8, 0x0, 0x0, 0x1f, 0x80,
    0x4, 0x1, 0xf8, 0x0, 0x78, 0x1f, 0x80, 0xe7,
    0xe1, 0xf8, 0x7e, 0xff, 0x9f, 0x9f, 0xef, 0xff,
    0xff, 0xff, 0xff, 0xff, 0xff, 0xf3, 0xff, 0xff,
    0xfe, 0x7, 0xff, 0xff, 0x0, 0x7, 0xff, 0x0,
    0x0, 0x7f, 0xc0, 0x0, 0xf, 0xfe, 0x0, 0x1,
    0xff, 0xf0, 0x0, 0x1f, 0xbf, 0x80, 0x3, 0xf9,
    0xfc, 0x0, 0x7f, 0x1f, 0xc0, 0xf, 0xe0, 0xfe,
    0x1, 0xfe, 0x7, 0xf0, 0x1f, 0xc0, 0x7f, 0x80,
    0xf8, 0x3, 0xe0, 0x3, 0x80, 0x1c, 0x0, 0x10,
    0x1, 0x80,

    /* U+002B "+" */
    0x0, 0x1f, 0xf0, 0x0, 0x0, 0x3f, 0xe0, 0x0,
    0x0, 0x7f, 0xc0, 0x0, 0x0, 0xff, 0x80, 0x0,
    0x1, 0xff, 0x0, 0x0, 0x3, 0xfe, 0x0, 0x0,
    0x7, 0xfc, 0x0, 0x0, 0xf, 0xf8, 0x0, 0x0,
    0x1f, 0xf0, 0x0, 0x0, 0x3f, 0xe0, 0x0, 0x0,
    0x7f, 0xc0, 0x0, 0x0, 0xff, 0x80, 0x0, 0x1,
    0xff, 0x0, 0x0, 0x3, 0xfe, 0x0, 0x3f, 0xff,
    0xff, 0xff, 0xff, 0xff, 0xff, 0xff, 0xff, 0xff,
    0xff, 0xff, 0xff, 0xff, 0xff, 0xff, 0xff, 0xff,
    0xff, 0xff, 0xff, 0xff, 0xff, 0xff, 0xff, 0xff,
    0xff, 0xe0, 0x3, 0xfe, 0x0, 0x0, 0x7, 0xfc,
    0x0, 0x0, 0xf, 0xf8, 0x0, 0x0, 0x1f, 0xf0,
    0x0, 0x0, 0x3f, 0xe0, 0x0, 0x0, 0x7f, 0xc0,
    0x0, 0x0, 0xff, 0x80, 0x0, 0x1, 0xff, 0x0,
    0x0, 0x3, 0xfe, 0x0, 0x0, 0x7, 0xfc, 0x0,
    0x0, 0xf, 0xf8, 0x0, 0x0, 0x1f, 0xf0, 0x0,
    0x0, 0x3f, 0xe0, 0x0,

    /* U+002C "," */
    0x1f, 0xe3, 0xfc, 0x7f, 0x8f, 0xf1, 0xfe, 0x3f,
    0xc7, 0xf8, 0xff, 0x1f, 0xe3, 0xfc, 0x7f, 0x1f,
    0xe3, 0xfc, 0x7f, 0x1f, 0xe3, 0xf8, 0xff, 0x1f,
    0xc0, 0xf0, 0x4, 0x0,

    /* U+002D "-" */
    0xff, 0xff, 0xff, 0xff, 0xff, 0xff, 0xff, 0xff,
    0xff, 0xff, 0xff, 0xff, 0xff, 0xff, 0xff, 0xfc,

    /* U+002E "." */
    0x0, 0x7, 0xf1, 0xff, 0x7f, 0xff, 0xff, 0xff,
    0xff, 0xff, 0xff, 0x7f, 0xc7, 0xf0, 0x10, 0x0,

    /* U+002F "/" */
    0x0, 0x0, 0xfe, 0x0, 0x0, 0xfe, 0x0, 0x0,
    0xfe, 0x0, 0x1, 0xfc, 0x0, 0x1, 0xfc, 0x0,
    0x1, 0xfc, 0x0, 0x3, 0xf8, 0x0, 0x3, 0xf8,
    0x0, 0x3, 0xf8, 0x0, 0x7, 0xf0, 0x0, 0x7,
    0xf0, 0x0, 0x7, 0xf0, 0x0, 0xf, 0xf0, 0x0,
    0xf, 0xe0, 0x0, 0xf, 0xe0, 0x0, 0x1f, 0xe0,
    0x0, 0x1f, 0xc0, 0x0, 0x1f, 0xc0, 0x0, 0x3f,
    0xc0, 0x0, 0x3f, 0x80, 0x0, 0x3f, 0x80, 0x0,
    0x7f, 0x80, 0x0, 0x7f, 0x0, 0x0, 0x7f, 0x0,
    0x0, 0x7f, 0x0, 0x0, 0xfe, 0x0, 0x0, 0xfe,
    0x0, 0x0, 0xfe, 0x0, 0x1, 0xfc, 0x0, 0x1,
    0xfc, 0x0, 0x1, 0xfc, 0x0, 0x3, 0xf8, 0x0,
    0x3, 0xf8, 0x0, 0x3, 0xf8, 0x0, 0x7, 0xf0,
    0x0, 0x7, 0xf0, 0x0, 0x7, 0xf0, 0x0, 0xf,
    0xe0, 0x0, 0xf, 0xe0, 0x0, 0xf, 0xe0, 0x0,
    0x1f, 0xe0, 0x0, 0x1f, 0xc0, 0x0, 0x1f, 0xc0,
    0x0, 0x3f, 0xc0, 0x0, 0x3f, 0x80, 0x0, 0x3f,
    0x80, 0x0, 0x7f, 0x80, 0x0, 0x7f, 0x0, 0x0,
    0x7f, 0x0, 0x0, 0xff, 0x0, 0x0,

    /* U+0030 "0" */
    0x0, 0x1, 0x0, 0x0, 0x0, 0x7f, 0xf0, 0x0,
    0x7, 0xff, 0xfc, 0x0, 0x1f, 0xff, 0xfc, 0x0,
    0x7f, 0xff, 0xfc, 0x1, 0xff, 0xff, 0xfc, 0x7,
    0xff, 0xff, 0xfc, 0xf, 0xff, 0xff, 0xf8, 0x3f,
    0xf8, 0x3f, 0xf8, 0x7f, 0xe0, 0x3f, 0xf1, 0xff,
    0x80, 0x3f, 0xf3, 0xff, 0x0, 0x7f, 0xe7, 0xfe,
    0x0, 0xff, 0xcf, 0xf8, 0x0, 0xff, 0xbf, 0xf0,
    0x1, 0xff, 0xff, 0xe0, 0x3, 0xff, 0xff, 0xc0,
    0x7, 0xff, 0xff, 0x80, 0xf, 0xff, 0xff, 0x0,
    0x1f, 0xff, 0xfe, 0x0, 0x3f, 0xff, 0xfc, 0x0,
    0x7f, 0xff, 0xf8, 0x0, 0xff, 0xff, 0xf0, 0x1,
    0xff, 0xff, 0xe0, 0x3, 0xff, 0xff, 0xc0, 0x7,
    0xff, 0xff, 0x80, 0xf, 0xff, 0xff, 0x0, 0x1f,
    0xff, 0xfe, 0x0, 0x3f, 0xff, 0xfc, 0x0, 0x7f,
    0xff, 0xf8, 0x0, 0xff, 0xff, 0xf0, 0x1, 0xff,
    0xff, 0xe0, 0x3, 0xff, 0xff, 0xc0, 0x7, 0xff,
    0xff, 0x80, 0xf, 0xfd, 0xff, 0x0, 0x1f, 0xf3,
    0xff, 0x0, 0x7f, 0xe7, 0xfe, 0x0, 0xff, 0xcf,
    0xfc, 0x1, 0xff, 0x8f, 0xfc, 0x7, 0xfe, 0x1f,
    0xfc, 0x1f, 0xfc, 0x1f, 0xff, 0xff, 0xf0, 0x3f,
    0xff, 0xff, 0xe0, 0x3f, 0xff, 0xff, 0x80, 0x3f,
    0xff, 0xfe, 0x0, 0x3f, 0xff, 0xf8, 0x0, 0x3f,
    0xff, 0xe0, 0x0, 0x1f, 0xff, 0x0, 0x0, 0x0,
    0x80, 0x0,

    /* U+0031 "1" */
    0x0, 0x0, 0x18, 0x0, 0x7, 0xc0, 0x1, 0xfe,
    0x0, 0x7f, 0xf0, 0x1f, 0xff, 0x87, 0xff, 0xfd,
    0xff, 0xff, 0xff, 0xff, 0xff, 0xff, 0xff, 0xff,
    0xff, 0xff, 0xff, 0xff, 0xff, 0xff, 0xbf, 0xff,
    0xe1, 0xff, 0xf8, 0xf, 0xfc, 0x0, 0x7f, 0xe0,
    0x3, 0xff, 0x0, 0x1f, 0xf8, 0x0, 0xff, 0xc0,
    0x7, 0xfe, 0x0, 0x3f, 0xf0, 0x1, 0xff, 0x80,
    0xf, 0xfc, 0x0, 0x7f, 0xe0, 0x3, 0xff, 0x0,
    0x1f, 0xf8, 0x0, 0xff, 0xc0, 0x7, 0xfe, 0x0,
    0x3f, 0xf0, 0x1, 0xff, 0x80, 0xf, 0xfc, 0x0,
    0x7f, 0xe0, 0x3, 0xff, 0x0, 0x1f, 0xf8, 0x0,
    0xff, 0xc0, 0x7, 0xfe, 0x0, 0x3f, 0xf0, 0x1,
    0xff, 0x80, 0xf, 0xfc, 0x0, 0x7f, 0xe0, 0x3,
    0xff, 0x0, 0x1f, 0xf8, 0x0, 0xff, 0xc0, 0x7,
    0xfe, 0x0, 0x3f, 0xf0, 0x1, 0xff, 0x80, 0xf,
    0xfc,

    /* U+0032 "2" */
    0x0, 0x0, 0x0, 0x0, 0x0, 0x3f, 0xfe, 0x0,
    0x0, 0xff, 0xff, 0x80, 0x3, 0xff, 0xff, 0xe0,
    0x7, 0xff, 0xff, 0xf0, 0xf, 0xff, 0xff, 0xf0,
    0x1f, 0xff, 0xff, 0xf8, 0x3f, 0xff, 0xff, 0xfc,
    0x3f, 0xf8, 0x1f, 0xfc, 0x7f, 0xf0, 0xf, 0xfc,
    0x7f, 0xe0, 0xf, 0xfe, 0xff, 0xe0, 0x7, 0xfe,
    0xff, 0xc0, 0x7, 0xfe, 0xff, 0xc0, 0x7, 0xfe,
    0xff, 0xc0, 0x7, 0xfe, 0x0, 0x0, 0x7, 0xfe,
    0x0, 0x0, 0x7, 0xfe, 0x0, 0x0, 0xf, 0xfe,
    0x0, 0x0, 0xf, 0xfc, 0x0, 0x0, 0x1f, 0xfc,
    0x0, 0x0, 0x1f, 0xf8, 0x0, 0x0, 0x3f, 0xf8,
    0x0, 0x0, 0x7f, 0xf0, 0x0, 0x0, 0xff, 0xf0,
    0x0, 0x0, 0xff, 0xe0, 0x0, 0x1, 0xff, 0xc0,
    0x0, 0x3, 0xff, 0x80, 0x0, 0x7, 0xff, 0x80,
    0x0, 0xf, 0xff, 0x0, 0x0, 0x1f, 0xfe, 0x0,
    0x0, 0x3f, 0xfc, 0x0, 0x0, 0x7f, 0xf8, 0x0,
    0x0, 0x7f, 0xf0, 0x0, 0x0, 0xff, 0xe0, 0x0,
    0x1, 0xff, 0xc0, 0x0, 0x3, 0xff, 0xc0, 0x0,
    0x7, 0xff, 0x80, 0x0, 0xf, 0xff, 0x0, 0x0,
    0x1f, 0xfe, 0x0, 0x0, 0x3f, 0xfc, 0x0, 0x0,
    0x7f, 0xff, 0xff, 0xff, 0x7f, 0xff, 0xff, 0xff,
    0x7f, 0xff, 0xff, 0xff, 0x7f, 0xff, 0xff, 0xff,
    0x7f, 0xff, 0xff, 0xff, 0x7f, 0xff, 0xff, 0xff,
    0x7f, 0xff, 0xff, 0xff,

    /* U+0033 "3" */
    0x0, 0x0, 0x0, 0x0, 0x0, 0x3f, 0xfe, 0x0,
    0x1, 0xff, 0xff, 0xc0, 0x3, 0xff, 0xff, 0xe0,
    0x7, 0xff, 0xff, 0xf8, 0xf, 0xff, 0xff, 0xf8,
    0x1f, 0xff, 0xff, 0xfc, 0x3f, 0xff, 0xff, 0xfe,
    0x3f, 0xf8, 0xf, 0xfe, 0x7f, 0xf0, 0x7, 0xff,
    0x7f, 0xe0, 0x7, 0xff, 0x7f, 0xe0, 0x3, 0xff,
    0x0, 0x0, 0x3, 0xff, 0x0, 0x0, 0x3, 0xff,
    0x0, 0x0, 0x3, 0xff, 0x0, 0x0, 0x3, 0xff,
    0x0, 0x0, 0x7, 0xfe, 0x0, 0x0, 0x7, 0xfe,
    0x0, 0x0, 0xf, 0xfc, 0x0, 0x0, 0xff, 0xf8,
    0x0, 0x1f, 0xff, 0xf0, 0x0, 0x1f, 0xff, 0xe0,
    0x0, 0x1f, 0xff, 0x80, 0x0, 0x1f, 0xff, 0x80,
    0x0, 0x1f, 0xff, 0xe0, 0x0, 0x1f, 0xff, 0xf0,
    0x0, 0x1f, 0xff, 0xf8, 0x0, 0x0, 0x1f, 0xfc,
    0x0, 0x0, 0x7, 0xfe, 0x0, 0x0, 0x7, 0xfe,
    0x0, 0x0, 0x3, 0xff, 0x0, 0x0, 0x3, 0xff,
    0x0, 0x0, 0x3, 0xff, 0x0, 0x0, 0x3, 0xff,
    0xff, 0xc0, 0x3, 0xff, 0xff, 0xc0, 0x3, 0xff,
    0xff, 0xc0, 0x3, 0xff, 0xff, 0xe0, 0x7, 0xff,
    0x7f, 0xf0, 0x7, 0xfe, 0x7f, 0xf8, 0x1f, 0xfe,
    0x7f, 0xff, 0xff, 0xfc, 0x3f, 0xff, 0xff, 0xfc,
    0x1f, 0xff, 0xff, 0xf8, 0xf, 0xff, 0xff, 0xf0,
    0x7, 0xff, 0xff, 0xe0, 0x1, 0xff, 0xff, 0x80,
    0x0, 0x7f, 0xfc, 0x0, 0x0, 0x1, 0x0, 0x0,

    /* U+0034 "4" */
    0x0, 0x0, 0x1f, 0xf8, 0x0, 0x0, 0xf, 0xfe,
    0x0, 0x0, 0x7, 0xff, 0x80, 0x0, 0x1, 0xff,
    0xe0, 0x0, 0x0, 0xff, 0xf8, 0x0, 0x0, 0x3f,
    0xfe, 0x0, 0x0, 0x1f, 0xff, 0x80, 0x0, 0xf,
    0xff, 0xe0, 0x0, 0x3, 0xff, 0xf8, 0x0, 0x1,
    0xff, 0xfe, 0x0, 0x0, 0xff, 0xff, 0x80, 0x0,
    0x3f, 0xff, 0xe0, 0x0, 0x1f, 0xff, 0xf8, 0x0,
    0x7, 0xff, 0xfe, 0x0, 0x3, 0xfd, 0xff, 0x80,
    0x1, 0xff, 0x7f, 0xe0, 0x0, 0x7f, 0x9f, 0xf8,
    0x0, 0x3f, 0xe7, 0xfe, 0x0, 0x1f, 0xf1, 0xff,
    0x80, 0x7, 0xf8, 0x7f, 0xe0, 0x3, 0xfe, 0x1f,
    0xf8, 0x0, 0xff, 0x7, 0xfe, 0x0, 0x7f, 0xc1,
    0xff, 0x80, 0x3f, 0xe0, 0x7f, 0xe0, 0xf, 0xf0,
    0x1f, 0xf8, 0x7, 0xfc, 0x7, 0xfe, 0x1, 0xfe,
    0x1, 0xff, 0x80, 0xff, 0x80, 0x7f, 0xe0, 0x7f,
    0xc0, 0x1f, 0xf8, 0x1f, 0xff, 0xff, 0xff, 0xff,
    0xff, 0xff, 0xff, 0xff, 0xff, 0xff, 0xff, 0xff,
    0x7f, 0xff, 0xff, 0xff, 0xdf, 0xff, 0xff, 0xff,
    0xf7, 0xff, 0xff, 0xff, 0xfd, 0xff, 0xff, 0xff,
    0xff, 0x0, 0x0, 0x1f, 0xf8, 0x0, 0x0, 0x7,
    0xfe, 0x0, 0x0, 0x1, 0xff, 0x80, 0x0, 0x0,
    0x7f, 0xe0, 0x0, 0x0, 0x1f, 0xf8, 0x0, 0x0,
    0x7, 0xfe, 0x0, 0x0, 0x1, 0xff, 0x80, 0x0,
    0x0, 0x7f, 0xe0, 0x0, 0x0, 0x1f, 0xf8, 0x0,
    0x0, 0x7, 0xfe, 0x0,

    /* U+0035 "5" */
    0xf, 0xff, 0xff, 0xfc, 0xf, 0xff, 0xff, 0xfc,
    0xf, 0xff, 0xff, 0xfc, 0xf, 0xff, 0xff, 0xfc,
    0xf, 0xff, 0xff, 0xfc, 0xf, 0xff, 0xff, 0xfc,
    0x1f, 0xff, 0xff, 0xfc, 0x1f, 0xf0, 0x0, 0x0,
    0x1f, 0xf0, 0x0, 0x0, 0x1f, 0xf0, 0x0, 0x0,
    0x1f, 0xf0, 0x0, 0x0, 0x1f, 0xf0, 0x0, 0x0,
    0x1f, 0xf0, 0x0, 0x0, 0x1f, 0xe0, 0x0, 0x0,
    0x3f, 0xe0, 0x0, 0x0, 0x3f, 0xe3, 0xfc, 0x0,
    0x3f, 0xef, 0xff, 0x80, 0x3f, 0xff, 0xff, 0xc0,
    0x3f, 0xff, 0xff, 0xf0, 0x3f, 0xff, 0xff, 0xf8,
    0x3f, 0xff, 0xff, 0xf8, 0x3f, 0xff, 0xff, 0xfc,
    0x3f, 0xf0, 0x3f, 0xfc, 0x7, 0xc0, 0xf, 0xfe,
    0x0, 0x0, 0xf, 0xfe, 0x0, 0x0, 0x7, 0xfe,
    0x0, 0x0, 0x7, 0xff, 0x0, 0x0, 0x3, 0xff,
    0x0, 0x0, 0x3, 0xff, 0x0, 0x0, 0x3, 0xff,
    0x0, 0x0, 0x3, 0xff, 0x0, 0x0, 0x3, 0xff,
    0x0, 0x0, 0x3, 0xff, 0xff, 0xc0, 0x3, 0xff,
    0x7f, 0xc0, 0x3, 0xff, 0x7f, 0xe0, 0x7, 0xfe,
    0x7f, 0xe0, 0x7, 0xfe, 0x7f, 0xf0, 0xf, 0xfe,
    0x3f, 0xf8, 0x1f, 0xfc, 0x3f, 0xff, 0xff, 0xfc,
    0x1f, 0xff, 0xff, 0xf8, 0xf, 0xff, 0xff, 0xf0,
    0x7, 0xff, 0xff, 0xe0, 0x3, 0xff, 0xff, 0xc0,
    0x0, 0xff, 0xff, 0x80, 0x0, 0x3f, 0xfe, 0x0,
    0x0, 0x1, 0x80, 0x0,

    /* U+0036 "6" */
    0x0, 0x0, 0x1, 0x80, 0x0, 0x0, 0xff, 0x80,
    0x0, 0x3, 0xff, 0x80, 0x0, 0xf, 0xff, 0x80,
    0x0, 0x3f, 0xff, 0x80, 0x0, 0x7f, 0xff, 0x80,
    0x1, 0xff, 0xff, 0x80, 0x3, 0xff, 0xff, 0x80,
    0x3, 0xff, 0xc0, 0x0, 0x7, 0xff, 0x0, 0x0,
    0xf, 0xfe, 0x0, 0x0, 0x1f, 0xfc, 0x0, 0x0,
    0x1f, 0xf8, 0x0, 0x0, 0x3f, 0xf0, 0x0, 0x0,
    0x3f, 0xf0, 0x0, 0x0, 0x3f, 0xe0, 0x0, 0x0,
    0x7f, 0xe1, 0xfe, 0x0, 0x7f, 0xe7, 0xff, 0x80,
    0x7f, 0xdf, 0xff, 0xe0, 0x7f, 0xff, 0xff, 0xf0,
    0xff, 0xff, 0xff, 0xf8, 0xff, 0xff, 0xff, 0xf8,
    0xff, 0xff, 0xff, 0xfc, 0xff, 0xf8, 0x3f, 0xfc,
    0xff, 0xf0, 0xf, 0xfe, 0xff, 0xe0, 0xf, 0xfe,
    0xff, 0xc0, 0x7, 0xfe, 0xff, 0xc0, 0x7, 0xff,
    0xff, 0xc0, 0x3, 0xff, 0xff, 0xc0, 0x3, 0xff,
    0xff, 0xc0, 0x3, 0xff, 0xff, 0xc0, 0x3, 0xff,
    0xff, 0xc0, 0x3, 0xff, 0xff, 0xc0, 0x3, 0xff,
    0x7f, 0xc0, 0x3, 0xff, 0x7f, 0xe0, 0x7, 0xff,
    0x7f, 0xe0, 0x7, 0xfe, 0x7f, 0xe0, 0x7, 0xfe,
    0x3f, 0xf0, 0xf, 0xfe, 0x3f, 0xf8, 0x1f, 0xfc,
    0x1f, 0xff, 0xff, 0xfc, 0xf, 0xff, 0xff, 0xf8,
    0x7, 0xff, 0xff, 0xf0, 0x3, 0xff, 0xff, 0xe0,
    0x1, 0xff, 0xff, 0xc0, 0x0, 0xff, 0xff, 0x0,
    0x0, 0x3f, 0xfc, 0x0, 0x0, 0x0, 0x80, 0x0,

    /* U+0037 "7" */
    0xff, 0xff, 0xff, 0xff, 0xff, 0xff, 0xff, 0xff,
    0xff, 0xff, 0xff, 0xff, 0xff, 0xff, 0xff, 0xff,
    0xff, 0xff, 0xff, 0xff, 0xff, 0xff, 0xff, 0xff,
    0xff, 0xff, 0xff, 0xff, 0xfc, 0x0, 0x0, 0x7,
    0xfe, 0x0, 0x0, 0x3, 0xfe, 0x0, 0x0, 0x3,
    0xff, 0x0, 0x0, 0x1, 0xff, 0x80, 0x0, 0x1,
    0xff, 0x80, 0x0, 0x0, 0xff, 0xc0, 0x0, 0x0,
    0x7f, 0xc0, 0x0, 0x0, 0x7f, 0xe0, 0x0, 0x0,
    0x3f, 0xe0, 0x0, 0x0, 0x3f, 0xf0, 0x0, 0x0,
    0x1f, 0xf8, 0x0, 0x0, 0x1f, 0xf8, 0x0, 0x0,
    0xf, 0xfc, 0x0, 0x0, 0xf, 0xfc, 0x0, 0x0,
    0x7, 0xfe, 0x0, 0x0, 0x3, 0xfe, 0x0, 0x0,
    0x3, 0xff, 0x0, 0x0, 0x1, 0xff, 0x80, 0x0,
    0x1, 0xff, 0x80, 0x0, 0x0, 0xff, 0xc0, 0x0,
    0x0, 0xff, 0xc0, 0x0, 0x0, 0x7f, 0xe0, 0x0,
    0x0, 0x7f, 0xe0, 0x0, 0x0, 0x3f, 0xf0, 0x0,
    0x0, 0x3f, 0xf8, 0x0, 0x0, 0x1f, 0xf8, 0x0,
    0x0, 0xf, 0xfc, 0x0, 0x0, 0xf, 0xfc, 0x0,
    0x0, 0x7, 0xfe, 0x0, 0x0, 0x7, 0xfe, 0x0,
    0x0, 0x3, 0xff, 0x0, 0x0, 0x3, 0xff, 0x80,
    0x0, 0x1, 0xff, 0x80, 0x0, 0x1, 0xff, 0xc0,
    0x0, 0x0, 0xff, 0xc0, 0x0, 0x0, 0x7f, 0xe0,
    0x0, 0x0, 0x7f, 0xf0, 0x0, 0x0, 0x3f, 0xf0,
    0x0, 0x0, 0x3f, 0xf8, 0x0, 0x0,

    /* U+0038 "8" */
    0x0, 0x1, 0x0, 0x0, 0x0, 0xff, 0xf8, 0x0,
    0x7, 0xff, 0xfc, 0x0, 0x3f, 0xff, 0xfe, 0x0,
    0xff, 0xff, 0xfe, 0x3, 0xff, 0xff, 0xfe, 0x7,
    0xff, 0xff, 0xfc, 0x1f, 0xff, 0xff, 0xfc, 0x3f,
    0xf8, 0x3f, 0xf8, 0xff, 0xe0, 0x3f, 0xf9, 0xff,
    0x80, 0x3f, 0xf3, 0xff, 0x0, 0x7f, 0xe7, 0xfe,
    0x0, 0xff, 0xcf, 0xfc, 0x1, 0xff, 0x9f, 0xf8,
    0x3, 0xff, 0x3f, 0xf0, 0x7, 0xfe, 0x7f, 0xe0,
    0xf, 0xfc, 0x7f, 0xe0, 0x3f, 0xf0, 0xff, 0xc0,
    0x7f, 0xe0, 0xff, 0xe3, 0xff, 0x80, 0xff, 0xff,
    0xfe, 0x0, 0xff, 0xff, 0xf8, 0x0, 0xff, 0xff,
    0xe0, 0x0, 0x7f, 0xff, 0x0, 0x3, 0xff, 0xff,
    0x80, 0x1f, 0xff, 0xff, 0xc0, 0x7f, 0xff, 0xff,
    0xc1, 0xff, 0xe3, 0xff, 0xc3, 0xff, 0x1, 0xff,
    0x8f, 0xfc, 0x1, 0xff, 0x9f, 0xf8, 0x3, 0xff,
    0x7f, 0xe0, 0x3, 0xff, 0xff, 0xc0, 0x7, 0xff,
    0xff, 0x80, 0xf, 0xff, 0xff, 0x0, 0x1f, 0xff,
    0xfe, 0x0, 0x3f, 0xff, 0xfc, 0x0, 0x7f, 0xff,
    0xfc, 0x1, 0xff, 0xdf, 0xf8, 0x3, 0xff, 0x3f,
    0xf8, 0xf, 0xfe, 0x7f, 0xff, 0xff, 0xfc, 0x7f,
    0xff, 0xff, 0xf0, 0x7f, 0xff, 0xff, 0xc0, 0x7f,
    0xff, 0xff, 0x0, 0x7f, 0xff, 0xfc, 0x0, 0x7f,
    0xff, 0xf0, 0x0, 0x1f, 0xff, 0x0, 0x0, 0x1,
    0x80, 0x0,

    /* U+0039 "9" */
    0x0, 0x1, 0x0, 0x0, 0x0, 0x7f, 0xf0, 0x0,
    0x3, 0xff, 0xf8, 0x0, 0x1f, 0xff, 0xf8, 0x0,
    0x7f, 0xff, 0xfc, 0x1, 0xff, 0xff, 0xfc, 0x7,
    0xff, 0xff, 0xf8, 0xf, 0xff, 0xff, 0xf8, 0x3f,
    0xf8, 0x3f, 0xf8, 0xff, 0xe0, 0x3f, 0xf1, 0xff,
    0x80, 0x3f, 0xe3, 0xff, 0x0, 0x7f, 0xef, 0xfe,
    0x0, 0xff, 0xdf, 0xf8, 0x0, 0xff, 0xbf, 0xf0,
    0x1, 0xff, 0xff, 0xe0, 0x3, 0xff, 0xff, 0xc0,
    0x7, 0xff, 0xff, 0x80, 0xf, 0xff, 0xff, 0x0,
    0x1f, 0xff, 0xfe, 0x0, 0x3f, 0xff, 0xfe, 0x0,
    0x7f, 0xef, 0xfc, 0x0, 0xff, 0xdf, 0xf8, 0x3,
    0xff, 0xbf, 0xf8, 0x7, 0xff, 0x7f, 0xfc, 0x3f,
    0xfe, 0x7f, 0xff, 0xff, 0xfc, 0x7f, 0xff, 0xff,
    0xf8, 0xff, 0xff, 0xff, 0xf0, 0xff, 0xff, 0xff,
    0xe0, 0xff, 0xfe, 0xff, 0x80, 0x7f, 0xf9, 0xff,
    0x0, 0x3f, 0x87, 0xfe, 0x0, 0x0, 0xf, 0xfc,
    0x0, 0x0, 0x1f, 0xf0, 0x0, 0x0, 0x7f, 0xe0,
    0x0, 0x0, 0xff, 0x80, 0x0, 0x3, 0xff, 0x0,
    0x0, 0xf, 0xfc, 0x0, 0x0, 0x3f, 0xf8, 0x0,
    0x1, 0xff, 0xe0, 0x1, 0xff, 0xff, 0x80, 0x3,
    0xff, 0xfe, 0x0, 0x7, 0xff, 0xf8, 0x0, 0xf,
    0xff, 0xe0, 0x0, 0x1f, 0xff, 0x0, 0x0, 0x3f,
    0xf8, 0x0, 0x0, 0x7f, 0x80, 0x0, 0x0, 0xc0,
    0x0, 0x0,

    /* U+003A ":" */
    0x1f, 0xf, 0xf9, 0xff, 0x7f, 0xff, 0xff, 0xff,
    0xff, 0xfb, 0xfe, 0x7f, 0xc3, 0xe0, 0x0, 0x0,
    0x0, 0x0, 0x0, 0x0, 0x0, 0x0, 0x0, 0x0,
    0x0, 0x0, 0x0, 0x0, 0x0, 0x0, 0x0, 0x0,
    0x0, 0x0, 0x0, 0x0, 0xfe, 0x3f, 0xef, 0xff,
    0xff, 0xff, 0xff, 0xff, 0xff, 0xef, 0xf8, 0xfe,
    0x2, 0x0,

    /* U+003B ";" */
    0xf, 0x83, 0xfe, 0x3f, 0xe7, 0xff, 0x7f, 0xf7,
    0xff, 0x7f, 0xf3, 0xfe, 0x3f, 0xe0, 0xf8, 0x0,
    0x0, 0x0, 0x0, 0x0, 0x0, 0x0, 0x0, 0x0,
    0x0, 0x0, 0x0, 0x0, 0x0, 0x0, 0x0, 0x0,
    0x0, 0x0, 0x0, 0x0, 0x0, 0x0, 0x0, 0x0,
    0x1, 0xfe, 0x1f, 0xe1, 0xfe, 0x1f, 0xe1, 0xfe,
    0x1f, 0xe1, 0xfe, 0x1f, 0xe1, 0xfe, 0x1f, 0xe1,
    0xfe, 0x3f, 0xc3, 0xfc, 0x3f, 0xc7, 0xf8, 0x7f,
    0x8f, 0xf0, 0xfe, 0x7, 0xe0, 0x1c, 0x0,

    /* U+003C "<" */
    0x0, 0x0, 0x0, 0x30, 0x0, 0x0, 0xf, 0x0,
    0x0, 0x7, 0xf0, 0x0, 0x1, 0xff, 0x0, 0x0,
    0x7f, 0xf0, 0x0, 0x3f, 0xff, 0x0, 0xf, 0xff,
    0xf0, 0x3, 0xff, 0xff, 0x1, 0xff, 0xff, 0xf0,
    0x7f, 0xff, 0xfc, 0x3f, 0xff, 0xff, 0xf, 0xff,
    0xff, 0x80, 0xff, 0xff, 0xc0, 0xf, 0xff, 0xe0,
    0x0, 0xff, 0xf8, 0x0, 0xf, 0xfc, 0x0, 0x0,
    0xff, 0xf8, 0x0, 0xf, 0xff, 0xf0, 0x0, 0xff,
    0xff, 0xe0, 0xf, 0xff, 0xff, 0x80, 0x1f, 0xff,
    0xff, 0x0, 0x7f, 0xff, 0xfe, 0x0, 0xff, 0xff,
    0xf0, 0x3, 0xff, 0xff, 0x0, 0xf, 0xff, 0xf0,
    0x0, 0x1f, 0xff, 0x0, 0x0, 0x7f, 0xf0, 0x0,
    0x1, 0xff, 0x0, 0x0, 0x3, 0xf0, 0x0, 0x0,
    0xf, 0x0, 0x0, 0x0, 0x10,

    /* U+003D "=" */
    0xff, 0xff, 0xff, 0xff, 0xff, 0xff, 0xff, 0xff,
    0xff, 0xff, 0xff, 0xff, 0xff, 0xff, 0xff, 0xff,
    0xff, 0xff, 0xff, 0xff, 0xff, 0xff, 0xff, 0xff,
    0xff, 0xe0, 0x0, 0x0, 0x0, 0x0, 0x0, 0x0,
    0x0, 0x0, 0x0, 0x0, 0x0, 0x0, 0x0, 0x0,
    0x0, 0x0, 0x0, 0x0, 0x0, 0x0, 0x0, 0x0,
    0x0, 0x0, 0x3, 0xff, 0xff, 0xff, 0xff, 0xff,
    0xff, 0xff, 0xff, 0xff, 0xff, 0xff, 0xff, 0xff,
    0xff, 0xff, 0xff, 0xff, 0xff, 0xff, 0xff, 0xff,
    0xff, 0xff, 0xff, 0xff, 0x80,

    /* U+003E ">" */
    0x80, 0x0, 0x0, 0xf, 0x0, 0x0, 0x0, 0xfc,
    0x0, 0x0, 0xf, 0xf0, 0x0, 0x0, 0xff, 0xe0,
    0x0, 0xf, 0xff, 0x80, 0x0, 0xff, 0xff, 0x0,
    0xf, 0xff, 0xfc, 0x0, 0xff, 0xff, 0xf0, 0x7,
    0xff, 0xff, 0xe0, 0xf, 0xff, 0xff, 0x80, 0x1f,
    0xff, 0xff, 0x0, 0x3f, 0xff, 0xf0, 0x0, 0xff,
    0xff, 0x0, 0x1, 0xff, 0xf0, 0x0, 0x7, 0xff,
    0x0, 0x1, 0xff, 0xf0, 0x0, 0xff, 0xff, 0x0,
    0x7f, 0xff, 0xf0, 0x3f, 0xff, 0xfe, 0x1f, 0xff,
    0xff, 0x87, 0xff, 0xff, 0xc0, 0xff, 0xff, 0xf0,
    0xf, 0xff, 0xfc, 0x0, 0xff, 0xfe, 0x0, 0xf,
    0xff, 0x80, 0x0, 0xff, 0xc0, 0x0, 0xf, 0xf0,
    0x0, 0x0, 0xfc, 0x0, 0x0, 0xe, 0x0, 0x0,
    0x0, 0x80, 0x0, 0x0, 0x0,

    /* U+003F "?" */
    0x0, 0x0, 0x0, 0x0, 0x7, 0xff, 0xc0, 0x0,
    0xff, 0xff, 0x80, 0x1f, 0xff, 0xff, 0x1, 0xff,
    0xff, 0xfc, 0x1f, 0xff, 0xff, 0xf0, 0xff, 0xff,
    0xff, 0xcf, 0xff, 0xff, 0xfe, 0x7f, 0xf0, 0x3f,
    0xf7, 0xff, 0x1, 0xff, 0xff, 0xf0, 0x7, 0xff,
    0xff, 0x80, 0x3f, 0xff, 0xfc, 0x1, 0xff, 0x80,
    0x0, 0xf, 0xfc, 0x0, 0x0, 0x7f, 0xe0, 0x0,
    0x7, 0xff, 0x0, 0x0, 0x3f, 0xf0, 0x0, 0x3,
    0xff, 0x80, 0x0, 0x3f, 0xf8, 0x0, 0x3, 0xff,
    0xc0, 0x0, 0x3f, 0xfc, 0x0, 0x3, 0xff, 0xc0,
    0x0, 0x1f, 0xfc, 0x0, 0x1, 0xff, 0xc0, 0x0,
    0x1f, 0xfc, 0x0, 0x0, 0xff, 0xc0, 0x0, 0x7,
    0xfc, 0x0, 0x0, 0x7f, 0xc0, 0x0, 0x3, 0xfe,
    0x0, 0x0, 0x1f, 0xe0, 0x0, 0x0, 0xff, 0x0,
    0x0, 0x7, 0xf8, 0x0, 0x0, 0x3f, 0xc0, 0x0,
    0x0, 0x0, 0x0, 0x0, 0x0, 0x0, 0x0, 0x0,
    0x0, 0x0, 0x0, 0x0, 0x0, 0x0, 0x0, 0x0,
    0x0, 0x0, 0x0, 0xfe, 0x0, 0x0, 0xf, 0xf8,
    0x0, 0x0, 0xff, 0xe0, 0x0, 0x7, 0xff, 0x0,
    0x0, 0x3f, 0xf8, 0x0, 0x1, 0xff, 0xc0, 0x0,
    0xf, 0xfe, 0x0, 0x0, 0x3f, 0xe0, 0x0, 0x0,
    0xfe, 0x0, 0x0, 0x0, 0x80, 0x0,

    /* U+0040 "@" */
    0x0, 0x0, 0x3, 0xff, 0x80, 0x0, 0x0, 0x0,
    0x3, 0xff, 0xff, 0x80, 0x0, 0x0, 0x0, 0xff,
    0xff, 0xfe, 0x0, 0x0, 0x0, 0x3f, 0xff, 0xff,
    0xf8, 0x0, 0x0, 0xf, 0xff, 0xff, 0xff, 0xe0,
    0x0, 0x1, 0xff, 0xe0, 0xf, 0xff, 0x0, 0x0,
    0x3f, 0xe0, 0x0, 0x1f, 0xf8, 0x0, 0x7, 0xf8,
    0x0, 0x0, 0x7f, 0xc0, 0x0, 0xff, 0x0, 0x0,
    0x1, 0xfe, 0x0, 0x1f, 0xc0, 0x0, 0x0, 0xf,
    0xe0, 0x3, 0xf8, 0x0, 0x0, 0x0, 0x7f, 0x0,
    0x7f, 0x80, 0x0, 0x0, 0x3, 0xf8, 0x7, 0xf0,
    0x0, 0x0, 0x0, 0x1f, 0x80, 0xfe, 0x0, 0x7,
    0xf0, 0x1, 0xfc, 0xf, 0xc0, 0x3, 0xff, 0xc0,
    0xf, 0xc1, 0xfc, 0x0, 0x7f, 0xff, 0x0, 0xfc,
    0x1f, 0x80, 0x1f, 0xff, 0xfc, 0xf, 0xe3, 0xf8,
    0x3, 0xff, 0xff, 0xc0, 0x7e, 0x3f, 0x0, 0x3f,
    0xff, 0xfc, 0x7, 0xe3, 0xf0, 0x7, 0xfc, 0x1f,
    0x80, 0x7e, 0x7f, 0x0, 0xff, 0x1, 0xf8, 0x7,
    0xe7, 0xe0, 0xf, 0xe0, 0x1f, 0x80, 0x3f, 0x7e,
    0x1, 0xfe, 0x1, 0xf8, 0x3, 0xf7, 0xe0, 0x1f,
    0xc0, 0x3f, 0x80, 0x3f, 0xfe, 0x1, 0xfc, 0x3,
    0xf8, 0x3, 0xff, 0xc0, 0x3f, 0x80, 0x3f, 0x80,
    0x3f, 0xfc, 0x3, 0xf8, 0x3, 0xf8, 0x3, 0xff,
    0xc0, 0x3f, 0x80, 0x3f, 0x80, 0x3f, 0xfc, 0x7,
    0xf8, 0x3, 0xf8, 0x3, 0xff, 0xc0, 0x7f, 0x80,
    0x3f, 0x80, 0x3f, 0xfc, 0x7, 0xf8, 0x3, 0xf8,
    0x3, 0xff, 0xc0, 0x7f, 0x0, 0x3f, 0x0, 0x3f,
    0xfc, 0x7, 0xf0, 0x3, 0xf0, 0x3, 0xff, 0xc0,
    0x7f, 0x0, 0x3f, 0x0, 0x7e, 0xfc, 0x7, 0xf8,
    0x7, 0xf0, 0x7, 0xef, 0xc0, 0x7f, 0x80, 0x7f,
    0x0, 0x7e, 0xfc, 0x7, 0xf8, 0x7, 0xf0, 0xf,
    0xcf, 0xc0, 0x7f, 0x80, 0xff, 0x0, 0xfc, 0x7e,
    0x3, 0xfc, 0x1f, 0xf0, 0x1f, 0x87, 0xe0, 0x3f,
    0xff, 0xff, 0x83, 0xf8, 0x7e, 0x1, 0xff, 0xff,
    0xff, 0xff, 0x7, 0xe0, 0x1f, 0xff, 0xdf, 0xff,
    0xe0, 0x3f, 0x0, 0xff, 0xf9, 0xff, 0xfc, 0x3,
    0xf0, 0x7, 0xff, 0xf, 0xff, 0x80, 0x3f, 0x0,
    0x3f, 0xe0, 0x3f, 0xe0, 0x1, 0xf8, 0x0, 0x20,
    0x0, 0x60, 0x0, 0x1f, 0xc0, 0x0, 0x0, 0x0,
    0x0, 0x1, 0xfc, 0x0, 0x0, 0x0, 0x0, 0x0,
    0xf, 0xe0, 0x0, 0x0, 0x0, 0x0, 0x0, 0x7f,
    0x0, 0x0, 0x0, 0x0, 0x0, 0x7, 0xf8, 0x0,
    0x0, 0x0, 0x0, 0x0, 0x3f, 0xe0, 0x0, 0x0,
    0x0, 0x0, 0x1, 0xff, 0x80, 0x0, 0x30, 0x0,
    0x0, 0xf, 0xff, 0x0, 0x3f, 0x0, 0x0, 0x0,
    0x7f, 0xff, 0xff, 0xf0, 0x0, 0x0, 0x1, 0xff,
    0xff, 0xff, 0x0, 0x0, 0x0, 0x7, 0xff, 0xff,
    0xf8, 0x0, 0x0, 0x0, 0x1f, 0xff, 0xfe, 0x0,
    0x0, 0x0, 0x0, 0x1f, 0xfe, 0x0, 0x0, 0x0,

    /* U+0041 "A" */
    0x0, 0x0, 0x7f, 0xe0, 0x0, 0x0, 0x0, 0x1f,
    0xfc, 0x0, 0x0, 0x0, 0x3, 0xff, 0x80, 0x0,
    0x0, 0x0, 0xff, 0xf8, 0x0, 0x0, 0x0, 0x1f,
    0xff, 0x0, 0x0, 0x0, 0x3, 0xff, 0xe0, 0x0,
    0x0, 0x0, 0xff, 0xfe, 0x0, 0x0, 0x0, 0x1f,
    0xff, 0xc0, 0x0, 0x0, 0x3, 0xff, 0xfc, 0x0,
    0x0, 0x0, 0xff, 0xff, 0x80, 0x0, 0x0, 0x1f,
    0xff, 0xf0, 0x0, 0x0, 0x3, 0xff, 0xff, 0x0,
    0x0, 0x0, 0xff, 0xbf, 0xe0, 0x0, 0x0, 0x1f,
    0xf7, 0xfc, 0x0, 0x0, 0x7, 0xfe, 0xff, 0xc0,
    0x0, 0x0, 0xff, 0xcf, 0xf8, 0x0, 0x0, 0x1f,
    0xf1, 0xff, 0x80, 0x0, 0x7, 0xfe, 0x3f, 0xf0,
    0x0, 0x0, 0xff, 0xc3, 0xfe, 0x0, 0x0, 0x1f,
    0xf0, 0x7f, 0xe0, 0x0, 0x7, 0xfe, 0xf, 0xfc,
    0x0, 0x0, 0xff, 0xc0, 0xff, 0x80, 0x0, 0x3f,
    0xf0, 0x1f, 0xf8, 0x0, 0x7, 0xfe, 0x3, 0xff,
    0x0, 0x0, 0xff, 0xc0, 0x3f, 0xe0, 0x0, 0x3f,
    0xf0, 0x7, 0xfe, 0x0, 0x7, 0xfe, 0x0, 0xff,
    0xc0, 0x0, 0xff, 0xc0, 0xf, 0xfc, 0x0, 0x3f,
    0xf0, 0x1, 0xff, 0x80, 0x7, 0xff, 0xff, 0xff,
    0xf0, 0x0, 0xff, 0xff, 0xff, 0xff, 0x0, 0x3f,
    0xff, 0xff, 0xff, 0xe0, 0x7, 0xff, 0xff, 0xff,
    0xfc, 0x1, 0xff, 0xff, 0xff, 0xff, 0xc0, 0x3f,
    0xff, 0xff, 0xff, 0xf8, 0x7, 0xff, 0xff, 0xff,
    0xff, 0x81, 0xff, 0xc0, 0x0, 0x7f, 0xf0, 0x3f,
    0xf0, 0x0, 0x7, 0xfe, 0x7, 0xfe, 0x0, 0x0,
    0xff, 0xe1, 0xff, 0xc0, 0x0, 0x1f, 0xfc, 0x3f,
    0xf8, 0x0, 0x1, 0xff, 0x8f, 0xfe, 0x0, 0x0,
    0x3f, 0xf9, 0xff, 0xc0, 0x0, 0x7, 0xff, 0x3f,
    0xf8, 0x0, 0x0, 0x7f, 0xef, 0xfe, 0x0, 0x0,
    0xf, 0xff, 0xff, 0xc0, 0x0, 0x1, 0xff, 0xc0,

    /* U+0042 "B" */
    0xff, 0xff, 0xfc, 0x0, 0x3f, 0xff, 0xff, 0xe0,
    0xf, 0xff, 0xff, 0xff, 0x3, 0xff, 0xff, 0xff,
    0xe0, 0xff, 0xff, 0xff, 0xfc, 0x3f, 0xff, 0xff,
    0xff, 0x8f, 0xff, 0xff, 0xff, 0xf3, 0xff, 0x0,
    0x7f, 0xfc, 0xff, 0xc0, 0x7, 0xff, 0x3f, 0xf0,
    0x0, 0xff, 0xef, 0xfc, 0x0, 0x1f, 0xfb, 0xff,
    0x0, 0x7, 0xfe, 0xff, 0xc0, 0x1, 0xff, 0xbf,
    0xf0, 0x0, 0x7f, 0xef, 0xfc, 0x0, 0x1f, 0xfb,
    0xff, 0x0, 0x7, 0xfe, 0xff, 0xc0, 0x3, 0xff,
    0x3f, 0xf0, 0x1, 0xff, 0xcf, 0xfc, 0x1, 0xff,
    0xe3, 0xff, 0xff, 0xff, 0xf0, 0xff, 0xff, 0xff,
    0xf8, 0x3f, 0xff, 0xff, 0xfc, 0xf, 0xff, 0xff,
    0xfe, 0x3, 0xff, 0xff, 0xff, 0xe0, 0xff, 0xff,
    0xff, 0xfe, 0x3f, 0xff, 0xff, 0xff, 0xcf, 0xfc,
    0x0, 0x7f, 0xf3, 0xff, 0x0, 0xf, 0xfe, 0xff,
    0xc0, 0x1, 0xff, 0xbf, 0xf0, 0x0, 0x7f, 0xff,
    0xfc, 0x0, 0xf, 0xff, 0xff, 0x0, 0x3, 0xff,
    0xff, 0xc0, 0x0, 0xff, 0xff, 0xf0, 0x0, 0x3f,
    0xff, 0xfc, 0x0, 0xf, 0xff, 0xff, 0x0, 0x7,
    0xff, 0xff, 0xc0, 0x1, 0xff, 0xff, 0xf0, 0x0,
    0xff, 0xef, 0xfc, 0x0, 0x7f, 0xfb, 0xff, 0xff,
    0xff, 0xfc, 0xff, 0xff, 0xff, 0xff, 0x3f, 0xff,
    0xff, 0xff, 0x8f, 0xff, 0xff, 0xff, 0xc3, 0xff,
    0xff, 0xff, 0xe0, 0xff, 0xff, 0xff, 0xe0, 0x3f,
    0xff, 0xff, 0x80, 0x0,

    /* U+0043 "C" */
    0x0, 0x0, 0x0, 0x0, 0x0, 0x0, 0x7f, 0xfe,
    0x0, 0x0, 0xf, 0xff, 0xfc, 0x0, 0x1, 0xff,
    0xff, 0xf8, 0x0, 0x1f, 0xff, 0xff, 0xe0, 0x1,
    0xff, 0xff, 0xff, 0xc0, 0x1f, 0xff, 0xff, 0xfe,
    0x1, 0xff, 0xff, 0xff, 0xf8, 0xf, 0xfe, 0x1,
    0xff, 0xe0, 0xff, 0xc0, 0x3, 0xff, 0xf, 0xfe,
    0x0, 0xf, 0xfc, 0x7f, 0xe0, 0x0, 0x7f, 0xe3,
    0xfe, 0x0, 0x3, 0xff, 0x3f, 0xf0, 0x0, 0xf,
    0xfd, 0xff, 0x80, 0x0, 0x7f, 0xef, 0xfc, 0x0,
    0x3, 0xff, 0x7f, 0xc0, 0x0, 0x0, 0x7, 0xfe,
    0x0, 0x0, 0x0, 0x3f, 0xf0, 0x0, 0x0, 0x1,
    0xff, 0x80, 0x0, 0x0, 0xf, 0xfc, 0x0, 0x0,
    0x0, 0x7f, 0xe0, 0x0, 0x0, 0x3, 0xff, 0x0,
    0x0, 0x0, 0x1f, 0xf8, 0x0, 0x0, 0x0, 0xff,
    0xc0, 0x0, 0x0, 0x7, 0xfe, 0x0, 0x0, 0x0,
    0x3f, 0xf0, 0x0, 0x0, 0x1, 0xff, 0x80, 0x0,
    0x0, 0xf, 0xfc, 0x0, 0x0, 0x0, 0x7f, 0xe0,
    0x0, 0x0, 0x3, 0xff, 0x0, 0x0, 0x0, 0x1f,
    0xf8, 0x0, 0x0, 0x0, 0x7f, 0xe0, 0x0, 0x1f,
    0xfb, 0xff, 0x0, 0x0, 0xff, 0xdf, 0xf8, 0x0,
    0x7, 0xfe, 0x7f, 0xc0, 0x0, 0x3f, 0xf3, 0xff,
    0x0, 0x3, 0xff, 0x1f, 0xf8, 0x0, 0x1f, 0xf8,
    0x7f, 0xe0, 0x1, 0xff, 0xc3, 0xff, 0xc0, 0x3f,
    0xfc, 0xf, 0xff, 0xff, 0xff, 0xc0, 0x3f, 0xff,
    0xff, 0xfe, 0x0, 0xff, 0xff, 0xff, 0xe0, 0x3,
    0xff, 0xff, 0xfe, 0x0, 0xf, 0xff, 0xff, 0xc0,
    0x0, 0x1f, 0xff, 0xf8, 0x0, 0x0, 0x3f, 0xff,
    0x0, 0x0, 0x0, 0x6, 0x0, 0x0,

    /* U+0044 "D" */
    0xff, 0xff, 0xe0, 0x0, 0x1f, 0xff, 0xff, 0x80,
    0x3, 0xff, 0xff, 0xfe, 0x0, 0x7f, 0xff, 0xff,
    0xe0, 0xf, 0xff, 0xff, 0xff, 0x1, 0xff, 0xff,
    0xff, 0xf0, 0x3f, 0xff, 0xff, 0xff, 0x7, 0xfe,
    0x1, 0xff, 0xe0, 0xff, 0xc0, 0xf, 0xfe, 0x1f,
    0xf8, 0x0, 0xff, 0xe3, 0xff, 0x0, 0xf, 0xfc,
    0x7f, 0xe0, 0x0, 0xff, 0xcf, 0xfc, 0x0, 0x1f,
    0xf9, 0xff, 0x80, 0x1, 0xff, 0xbf, 0xf0, 0x0,
    0x3f, 0xf7, 0xfe, 0x0, 0x7, 0xfe, 0xff, 0xc0,
    0x0, 0x7f, 0xdf, 0xf8, 0x0, 0xf, 0xff, 0xff,
    0x0, 0x1, 0xff, 0xff, 0xe0, 0x0, 0x3f, 0xff,
    0xfc, 0x0, 0x7, 0xff, 0xff, 0x80, 0x0, 0xff,
    0xff, 0xf0, 0x0, 0x1f, 0xff, 0xfe, 0x0, 0x3,
    0xff, 0xff, 0xc0, 0x0, 0x7f, 0xff, 0xf8, 0x0,
    0xf, 0xff, 0xff, 0x0, 0x1, 0xff, 0xff, 0xe0,
    0x0, 0x3f, 0xff, 0xfc, 0x0, 0x7, 0xff, 0xff,
    0x80, 0x1, 0xff, 0xbf, 0xf0, 0x0, 0x3f, 0xf7,
    0xfe, 0x0, 0x7, 0xfe, 0xff, 0xc0, 0x0, 0xff,
    0xdf, 0xf8, 0x0, 0x3f, 0xf3, 0xff, 0x0, 0x7,
    0xfe, 0x7f, 0xe0, 0x1, 0xff, 0x8f, 0xfc, 0x0,
    0x7f, 0xf1, 0xff, 0x80, 0x1f, 0xfc, 0x3f, 0xf0,
    0xf, 0xff, 0x7, 0xff, 0xff, 0xff, 0xe0, 0xff,
    0xff, 0xff, 0xf8, 0x1f, 0xff, 0xff, 0xfc, 0x3,
    0xff, 0xff, 0xff, 0x0, 0x7f, 0xff, 0xff, 0xc0,
    0xf, 0xff, 0xff, 0xc0, 0x1, 0xff, 0xff, 0xc0,
    0x0, 0x0,

    /* U+0045 "E" */
    0xff, 0xff, 0xff, 0xff, 0xff, 0xff, 0xff, 0xff,
    0xff, 0xff, 0xff, 0xff, 0xff, 0xff, 0xff, 0xff,
    0xff, 0xff, 0xff, 0xff, 0xff, 0xff, 0xff, 0xff,
    0xff, 0xff, 0xff, 0xff, 0xe0, 0x0, 0x0, 0xff,
    0xc0, 0x0, 0x1, 0xff, 0x80, 0x0, 0x3, 0xff,
    0x0, 0x0, 0x7, 0xfe, 0x0, 0x0, 0xf, 0xfc,
    0x0, 0x0, 0x1f, 0xf8, 0x0, 0x0, 0x3f, 0xf0,
    0x0, 0x0, 0x7f, 0xe0, 0x0, 0x0, 0xff, 0xc0,
    0x0, 0x1, 0xff, 0x80, 0x0, 0x3, 0xff, 0x0,
    0x0, 0x7, 0xff, 0xff, 0xff, 0x8f, 0xff, 0xff,
    0xff, 0x1f, 0xff, 0xff, 0xfe, 0x3f, 0xff, 0xff,
    0xfc, 0x7f, 0xff, 0xff, 0xf8, 0xff, 0xff, 0xff,
    0xf1, 0xff, 0xff, 0xff, 0xe3, 0xff, 0x0, 0x0,
    0x7, 0xfe, 0x0, 0x0, 0xf, 0xfc, 0x0, 0x0,
    0x1f, 0xf8, 0x0, 0x0, 0x3f, 0xf0, 0x0, 0x0,
    0x7f, 0xe0, 0x0, 0x0, 0xff, 0xc0, 0x0, 0x1,
    0xff, 0x80, 0x0, 0x3, 0xff, 0x0, 0x0, 0x7,
    0xfe, 0x0, 0x0, 0xf, 0xfc, 0x0, 0x0, 0x1f,
    0xf8, 0x0, 0x0, 0x3f, 0xf0, 0x0, 0x0, 0x7f,
    0xff, 0xff, 0xff, 0xff, 0xff, 0xff, 0xff, 0xff,
    0xff, 0xff, 0xff, 0xff, 0xff, 0xff, 0xff, 0xff,
    0xff, 0xff, 0xff, 0xff, 0xff, 0xff, 0xff, 0xff,
    0xff, 0xff, 0xc0,

    /* U+0046 "F" */
    0xff, 0xff, 0xff, 0xff, 0xff, 0xff, 0xff, 0xff,
    0xff, 0xff, 0xff, 0xff, 0xff, 0xff, 0xff, 0xff,
    0xff, 0xff, 0xff, 0xff, 0xff, 0xff, 0xff, 0xff,
    0xff, 0xff, 0xff, 0xf0, 0x0, 0x0, 0xff, 0xc0,
    0x0, 0x3, 0xff, 0x0, 0x0, 0xf, 0xfc, 0x0,
    0x0, 0x3f, 0xf0, 0x0, 0x0, 0xff, 0xc0, 0x0,
    0x3, 0xff, 0x0, 0x0, 0xf, 0xfc, 0x0, 0x0,
    0x3f, 0xf0, 0x0, 0x0, 0xff, 0xc0, 0x0, 0x3,
    0xff, 0x0, 0x0, 0xf, 0xfc, 0x0, 0x0, 0x3f,
    0xf0, 0x0, 0x0, 0xff, 0xff, 0xff, 0xf3, 0xff,
    0xff, 0xff, 0xcf, 0xff, 0xff, 0xff, 0x3f, 0xff,
    0xff, 0xfc, 0xff, 0xff, 0xff, 0xf3, 0xff, 0xff,
    0xff, 0xcf, 0xff, 0xff, 0xff, 0x3f, 0xf0, 0x0,
    0x0, 0xff, 0xc0, 0x0, 0x3, 0xff, 0x0, 0x0,
    0xf, 0xfc, 0x0, 0x0, 0x3f, 0xf0, 0x0, 0x0,
    0xff, 0xc0, 0x0, 0x3, 0xff, 0x0, 0x0, 0xf,
    0xfc, 0x0, 0x0, 0x3f, 0xf0, 0x0, 0x0, 0xff,
    0xc0, 0x0, 0x3, 0xff, 0x0, 0x0, 0xf, 0xfc,
    0x0, 0x0, 0x3f, 0xf0, 0x0, 0x0, 0xff, 0xc0,
    0x0, 0x3, 0xff, 0x0, 0x0, 0xf, 0xfc, 0x0,
    0x0, 0x3f, 0xf0, 0x0, 0x0, 0xff, 0xc0, 0x0,
    0x3, 0xff, 0x0, 0x0, 0x0,

    /* U+0047 "G" */
    0x0, 0x0, 0x10, 0x0, 0x0, 0x0, 0x1f, 0xff,
    0x80, 0x0, 0x3, 0xff, 0xff, 0xc0, 0x0, 0x1f,
    0xff, 0xff, 0x80, 0x1, 0xff, 0xff, 0xff, 0x80,
    0xf, 0xff, 0xff, 0xff, 0x0, 0x7f, 0xff, 0xff,
    0xfe, 0x3, 0xff, 0xff, 0xff, 0xf8, 0xf, 0xff,
    0x0, 0xff, 0xf0, 0x7f, 0xf0, 0x0, 0xff, 0xc1,
    0xff, 0x80, 0x1, 0xff, 0x8f, 0xfc, 0x0, 0x7,
    0xfe, 0x3f, 0xf0, 0x0, 0xf, 0xf9, 0xff, 0x80,
    0x0, 0x3f, 0xf7, 0xfe, 0x0, 0x0, 0xff, 0xdf,
    0xf8, 0x0, 0x3, 0xff, 0x7f, 0xe0, 0x0, 0x0,
    0x3, 0xff, 0x0, 0x0, 0x0, 0xf, 0xfc, 0x0,
    0x0, 0x0, 0x3f, 0xf0, 0x0, 0x0, 0x0, 0xff,
    0xc0, 0x0, 0x0, 0x3, 0xff, 0x0, 0x0, 0x0,
    0xf, 0xfc, 0x0, 0x0, 0x0, 0x3f, 0xf0, 0x7,
    0xff, 0xff, 0xff, 0xc0, 0x1f, 0xff, 0xff, 0xff,
    0x0, 0x7f, 0xff, 0xff, 0xfc, 0x1, 0xff, 0xff,
    0xff, 0xf0, 0x7, 0xff, 0xff, 0xff, 0xc0, 0x1f,
    0xff, 0xff, 0xff, 0x0, 0x7f, 0xff, 0xff, 0xfc,
    0x0, 0x0, 0xff, 0xdf, 0xf8, 0x0, 0x3, 0xff,
    0x7f, 0xe0, 0x0, 0xf, 0xfd, 0xff, 0x80, 0x0,
    0x3f, 0xf7, 0xfe, 0x0, 0x0, 0xff, 0xcf, 0xfc,
    0x0, 0x3, 0xff, 0x3f, 0xf8, 0x0, 0xf, 0xfc,
    0x7f, 0xe0, 0x0, 0x3f, 0xf1, 0xff, 0xc0, 0x0,
    0xff, 0xc3, 0xff, 0xc0, 0xf, 0xff, 0xf, 0xff,
    0xff, 0xff, 0xfc, 0x1f, 0xff, 0xff, 0xff, 0xf0,
    0x3f, 0xff, 0xff, 0xff, 0x80, 0x7f, 0xff, 0xff,
    0xfc, 0x0, 0x7f, 0xff, 0xff, 0xc0, 0x0, 0x7f,
    0xff, 0xfc, 0x0, 0x0, 0x7f, 0xff, 0x80, 0x0,
    0x0, 0x7, 0x0, 0x0,

    /* U+0048 "H" */
    0xff, 0xc0, 0x0, 0x1f, 0xff, 0xfe, 0x0, 0x0,
    0xff, 0xff, 0xf0, 0x0, 0x7, 0xff, 0xff, 0x80,
    0x0, 0x3f, 0xff, 0xfc, 0x0, 0x1, 0xff, 0xff,
    0xe0, 0x0, 0xf, 0xff, 0xff, 0x0, 0x0, 0x7f,
    0xff, 0xf8, 0x0, 0x3, 0xff, 0xff, 0xc0, 0x0,
    0x1f, 0xff, 0xfe, 0x0, 0x0, 0xff, 0xff, 0xf0,
    0x0, 0x7, 0xff, 0xff, 0x80, 0x0, 0x3f, 0xff,
    0xfc, 0x0, 0x1, 0xff, 0xff, 0xe0, 0x0, 0xf,
    0xff, 0xff, 0x0, 0x0, 0x7f, 0xff, 0xf8, 0x0,
    0x3, 0xff, 0xff, 0xc0, 0x0, 0x1f, 0xff, 0xfe,
    0x0, 0x0, 0xff, 0xff, 0xf0, 0x0, 0x7, 0xff,
    0xff, 0xff, 0xff, 0xff, 0xff, 0xff, 0xff, 0xff,
    0xff, 0xff, 0xff, 0xff, 0xff, 0xff, 0xff, 0xff,
    0xff, 0xff, 0xff, 0xff, 0xff, 0xff, 0xff, 0xff,
    0xff, 0xff, 0xff, 0xff, 0xff, 0xff, 0xff, 0xff,
    0xff, 0xf0, 0x0, 0x7, 0xff, 0xff, 0x80, 0x0,
    0x3f, 0xff, 0xfc, 0x0, 0x1, 0xff, 0xff, 0xe0,
    0x0, 0xf, 0xff, 0xff, 0x0, 0x0, 0x7f, 0xff,
    0xf8, 0x0, 0x3, 0xff, 0xff, 0xc0, 0x0, 0x1f,
    0xff, 0xfe, 0x0, 0x0, 0xff, 0xff, 0xf0, 0x0,
    0x7, 0xff, 0xff, 0x80, 0x0, 0x3f, 0xff, 0xfc,
    0x0, 0x1, 0xff, 0xff, 0xe0, 0x0, 0xf, 0xff,
    0xff, 0x0, 0x0, 0x7f, 0xff, 0xf8, 0x0, 0x3,
    0xff, 0xff, 0xc0, 0x0, 0x1f, 0xff, 0xfe, 0x0,
    0x0, 0xff, 0xff, 0xf0, 0x0, 0x7, 0xff, 0xff,
    0x80, 0x0, 0x3f, 0xff, 0xfc, 0x0, 0x1, 0xff,
    0xff, 0xe0, 0x0, 0xf, 0xfc,

    /* U+0049 "I" */
    0xff, 0xff, 0xff, 0xff, 0xff, 0xff, 0xff, 0xff,
    0xff, 0xff, 0xff, 0xff, 0xff, 0xff, 0xff, 0xff,
    0xff, 0xff, 0xff, 0xff, 0xff, 0xff, 0xff, 0xff,
    0xff, 0xff, 0xff, 0xff, 0xff, 0xff, 0xff, 0xff,
    0xff, 0xff, 0xff, 0xff, 0xff, 0xff, 0xff, 0xff,
    0xff, 0xff, 0xff, 0xff, 0xff, 0xff, 0xff, 0xff,
    0xff, 0xff, 0xff, 0xff, 0xff, 0xff, 0xff, 0xff,
    0xff, 0xf0,

    /* U+004A "J" */
    0x0, 0x0, 0x7, 0xfe, 0x0, 0x0, 0xf, 0xfc,
    0x0, 0x0, 0x1f, 0xf8, 0x0, 0x0, 0x3f, 0xf0,
    0x0, 0x0, 0x7f, 0xe0, 0x0, 0x0, 0xff, 0xc0,
    0x0, 0x1, 0xff, 0x80, 0x0, 0x3, 0xff, 0x0,
    0x0, 0x7, 0xfe, 0x0, 0x0, 0xf, 0xfc, 0x0,
    0x0, 0x1f, 0xf8, 0x0, 0x0, 0x3f, 0xf0, 0x0,
    0x0, 0x7f, 0xe0, 0x0, 0x0, 0xff, 0xc0, 0x0,
    0x1, 0xff, 0x80, 0x0, 0x3, 0xff, 0x0, 0x0,
    0x7, 0xfe, 0x0, 0x0, 0xf, 0xfc, 0x0, 0x0,
    0x1f, 0xf8, 0x0, 0x0, 0x3f, 0xf0, 0x0, 0x0,
    0x7f, 0xe0, 0x0, 0x0, 0xff, 0xc0, 0x0, 0x1,
    0xff, 0x80, 0x0, 0x3, 0xff, 0x0, 0x0, 0x7,
    0xfe, 0x0, 0x0, 0xf, 0xfc, 0x0, 0x0, 0x1f,
    0xf8, 0x0, 0x0, 0x3f, 0xf0, 0x0, 0x0, 0x7f,
    0xe0, 0x0, 0x0, 0xff, 0xc0, 0x0, 0x1, 0xff,
    0x80, 0x0, 0x3, 0xff, 0x0, 0x0, 0x7, 0xff,
    0xff, 0x80, 0xf, 0xff, 0xff, 0x0, 0x1f, 0xff,
    0xfe, 0x0, 0x3f, 0xff, 0xfc, 0x0, 0xff, 0xcf,
    0xfc, 0x1, 0xff, 0x9f, 0xfc, 0x7, 0xff, 0x3f,
    0xff, 0xff, 0xfc, 0x3f, 0xff, 0xff, 0xf0, 0x3f,
    0xff, 0xff, 0xc0, 0x3f, 0xff, 0xff, 0x80, 0x3f,
    0xff, 0xfc, 0x0, 0x3f, 0xff, 0xf0, 0x0, 0xf,
    0xff, 0x0, 0x0, 0x0, 0xc0, 0x0, 0x0,

    /* U+004B "K" */
    0xff, 0xc0, 0x0, 0xff, 0xff, 0xfe, 0x0, 0x7,
    0xff, 0xbf, 0xf0, 0x0, 0x7f, 0xf9, 0xff, 0x80,
    0x7, 0xff, 0x8f, 0xfc, 0x0, 0x7f, 0xfc, 0x7f,
    0xe0, 0x3, 0xff, 0xc3, 0xff, 0x0, 0x3f, 0xfc,
    0x1f, 0xf8, 0x3, 0xff, 0xc0, 0xff, 0xc0, 0x1f,
    0xfe, 0x7, 0xfe, 0x1, 0xff, 0xe0, 0x3f, 0xf0,
    0x1f, 0xfe, 0x1, 0xff, 0x81, 0xff, 0xe0, 0xf,
    0xfc, 0xf, 0xff, 0x0, 0x7f, 0xe0, 0xff, 0xf0,
    0x3, 0xff, 0xf, 0xff, 0x0, 0x1f, 0xf8, 0x7f,
    0xf0, 0x0, 0xff, 0xc7, 0xff, 0x0, 0x7, 0xfe,
    0x7f, 0xf8, 0x0, 0x3f, 0xf3, 0xff, 0x80, 0x1,
    0xff, 0xbf, 0xf8, 0x0, 0xf, 0xff, 0xff, 0xc0,
    0x0, 0x7f, 0xff, 0xfe, 0x0, 0x3, 0xff, 0xff,
    0xf8, 0x0, 0x1f, 0xff, 0xff, 0xc0, 0x0, 0xff,
    0xff, 0xff, 0x0, 0x7, 0xff, 0xff, 0xfc, 0x0,
    0x3f, 0xff, 0xff, 0xe0, 0x1, 0xff, 0xff, 0xff,
    0x80, 0xf, 0xff, 0xdf, 0xfe, 0x0, 0x7f, 0xfc,
    0x7f, 0xf0, 0x3, 0xff, 0xe3, 0xff, 0xc0, 0x1f,
    0xfe, 0xf, 0xfe, 0x0, 0xff, 0xe0, 0x7f, 0xf8,
    0x7, 0xfe, 0x1, 0xff, 0xe0, 0x3f, 0xf0, 0xf,
    0xff, 0x1, 0xff, 0x80, 0x3f, 0xfc, 0xf, 0xfc,
    0x0, 0xff, 0xf0, 0x7f, 0xe0, 0x7, 0xff, 0x83,
    0xff, 0x0, 0x1f, 0xfe, 0x1f, 0xf8, 0x0, 0xff,
    0xf0, 0xff, 0xc0, 0x3, 0xff, 0xc7, 0xfe, 0x0,
    0xf, 0xff, 0x3f, 0xf0, 0x0, 0x7f, 0xf9, 0xff,
    0x80, 0x1, 0xff, 0xef, 0xfc, 0x0, 0xf, 0xff,
    0x7f, 0xe0, 0x0, 0x3f, 0xfc,

    /* U+004C "L" */
    0xff, 0xc0, 0x0, 0x3, 0xff, 0x0, 0x0, 0xf,
    0xfc, 0x0, 0x0, 0x3f, 0xf0, 0x0, 0x0, 0xff,
    0xc0, 0x0, 0x3, 0xff, 0x0, 0x0, 0xf, 0xfc,
    0x0, 0x0, 0x3f, 0xf0, 0x0, 0x0, 0xff, 0xc0,
    0x0, 0x3, 0xff, 0x0, 0x0, 0xf, 0xfc, 0x0,
    0x0, 0x3f, 0xf0, 0x0, 0x0, 0xff, 0xc0, 0x0,
    0x3, 0xff, 0x0, 0x0, 0xf, 0xfc, 0x0, 0x0,
    0x3f, 0xf0, 0x0, 0x0, 0xff, 0xc0, 0x0, 0x3,
    0xff, 0x0, 0x0, 0xf, 0xfc, 0x0, 0x0, 0x3f,
    0xf0, 0x0, 0x0, 0xff, 0xc0, 0x0, 0x3, 0xff,
    0x0, 0x0, 0xf, 0xfc, 0x0, 0x0, 0x3f, 0xf0,
    0x0, 0x0, 0xff, 0xc0, 0x0, 0x3, 0xff, 0x0,
    0x0, 0xf, 0xfc, 0x0, 0x0, 0x3f, 0xf0, 0x0,
    0x0, 0xff, 0xc0, 0x0, 0x3, 0xff, 0x0, 0x0,
    0xf, 0xfc, 0x0, 0x0, 0x3f, 0xf0, 0x0, 0x0,
    0xff, 0xc0, 0x0, 0x3, 0xff, 0x0, 0x0, 0xf,
    0xfc, 0x0, 0x0, 0x3f, 0xf0, 0x0, 0x0, 0xff,
    0xc0, 0x0, 0x3, 0xff, 0x0, 0x0, 0xf, 0xfc,
    0x0, 0x0, 0x3f, 0xff, 0xff, 0xff, 0xff, 0xff,
    0xff, 0xff, 0xff, 0xff, 0xff, 0xff, 0xff, 0xff,
    0xff, 0xff, 0xff, 0xff, 0xff, 0xff, 0xff, 0xff,
    0xff, 0xff, 0xff, 0xff, 0xf0,

    /* U+004D "M" */
    0xff, 0xf8, 0x0, 0x0, 0x1f, 0xff, 0xff, 0xfe,
    0x0, 0x0, 0xf, 0xff, 0xff, 0xff, 0x0, 0x0,
    0xf, 0xff, 0xff, 0xff, 0x80, 0x0, 0x7, 0xff,
    0xff, 0xff, 0xe0, 0x0, 0x3, 0xff, 0xff, 0xff,
    0xf0, 0x0, 0x3, 0xff, 0xff, 0xff, 0xf8, 0x0,
    0x1, 0xff, 0xff, 0xff, 0xfe, 0x0, 0x0, 0xff,
    0xff, 0xff, 0xff, 0x0, 0x0, 0xff, 0xff, 0xff,
    0xff, 0x80, 0x0, 0x7f, 0xff, 0xff, 0xff, 0xe0,
    0x0, 0x3f, 0xff, 0xff, 0xff, 0xf0, 0x0, 0x3f,
    0xff, 0xff, 0xff, 0xf8, 0x0, 0x1f, 0xff, 0xff,
    0xfd, 0xfe, 0x0, 0xf, 0xff, 0xff, 0xfe, 0xff,
    0x0, 0xf, 0xff, 0xff, 0xff, 0x7f, 0x80, 0x7,
    0xfb, 0xff, 0xff, 0x9f, 0xe0, 0x3, 0xfd, 0xff,
    0xff, 0xcf, 0xf0, 0x3, 0xfe, 0xff, 0xff, 0xe7,
    0xf8, 0x1, 0xfe, 0x7f, 0xff, 0xf1, 0xfe, 0x0,
    0xff, 0x3f, 0xff, 0xfc, 0xff, 0x0, 0xff, 0x9f,
    0xff, 0xfe, 0x7f, 0x80, 0x7f, 0x8f, 0xff, 0xff,
    0x1f, 0xe0, 0x3f, 0xc7, 0xff, 0xff, 0x8f, 0xf0,
    0x3f, 0xc3, 0xff, 0xff, 0xc7, 0xf8, 0x1f, 0xe1,
    0xff, 0xff, 0xe1, 0xfe, 0xf, 0xf0, 0xff, 0xff,
    0xf0, 0xff, 0xf, 0xf0, 0x7f, 0xff, 0xf8, 0x7f,
    0x87, 0xf8, 0x3f, 0xff, 0xfc, 0x1f, 0xe3, 0xfc,
    0x1f, 0xff, 0xfe, 0xf, 0xf3, 0xfc, 0x1f, 0xff,
    0xff, 0x7, 0xf9, 0xfe, 0xf, 0xff, 0xff, 0x81,
    0xfe, 0xff, 0x7, 0xff, 0xff, 0xc0, 0xff, 0xff,
    0x3, 0xff, 0xff, 0xe0, 0x7f, 0xff, 0x81, 0xff,
    0xff, 0xf0, 0x1f, 0xff, 0xc0, 0xff, 0xff, 0xf8,
    0xf, 0xff, 0xc0, 0x7f, 0xff, 0xfc, 0x3, 0xff,
    0xe0, 0x3f, 0xff, 0xfe, 0x1, 0xff, 0xf0, 0x1f,
    0xff, 0xff, 0x0, 0xff, 0xf0, 0xf, 0xff, 0xff,
    0x80, 0x3f, 0xf8, 0x7, 0xff, 0xff, 0xc0, 0x1f,
    0xfc, 0x3, 0xff, 0xff, 0xe0, 0xf, 0xfc, 0x1,
    0xff, 0xff, 0xf0, 0x3, 0xfe, 0x0, 0xff, 0xff,
    0xf8, 0x1, 0xff, 0x0, 0x7f, 0xff, 0xfc, 0x0,
    0xff, 0x0, 0x3f, 0xff, 0xfe, 0x0, 0x3f, 0x80,
    0x1f, 0xfc,

    /* U+004E "N" */
    0xff, 0xc0, 0x0, 0x1f, 0xff, 0xff, 0x0, 0x0,
    0xff, 0xff, 0xf8, 0x0, 0x7, 0xff, 0xff, 0xe0,
    0x0, 0x3f, 0xff, 0xff, 0x80, 0x1, 0xff, 0xff,
    0xfc, 0x0, 0xf, 0xff, 0xff, 0xf0, 0x0, 0x7f,
    0xff, 0xff, 0x80, 0x3, 0xff, 0xff, 0xfe, 0x0,
    0x1f, 0xff, 0xff, 0xf0, 0x0, 0xff, 0xff, 0xff,
    0xc0, 0x7, 0xff, 0xff, 0xff, 0x0, 0x3f, 0xff,
    0xff, 0xf8, 0x1, 0xff, 0xff, 0xff, 0xe0, 0xf,
    0xff, 0xff, 0xff, 0x0, 0x7f, 0xff, 0xff, 0xfc,
    0x3, 0xff, 0xff, 0xff, 0xe0, 0x1f, 0xff, 0xfe,
    0xff, 0x80, 0xff, 0xff, 0xf7, 0xfe, 0x7, 0xff,
    0xff, 0x9f, 0xf0, 0x3f, 0xff, 0xfc, 0xff, 0xc1,
    0xff, 0xff, 0xe3, 0xfe, 0xf, 0xff, 0xff, 0xf,
    0xf8, 0x7f, 0xff, 0xf8, 0x7f, 0xc3, 0xff, 0xff,
    0xc1, 0xff, 0x1f, 0xff, 0xfe, 0xf, 0xfc, 0xff,
    0xff, 0xf0, 0x3f, 0xe7, 0xff, 0xff, 0x81, 0xff,
    0xbf, 0xff, 0xfc, 0x7, 0xfd, 0xff, 0xff, 0xe0,
    0x1f, 0xff, 0xff, 0xff, 0x0, 0xff, 0xff, 0xff,
    0xf8, 0x3, 0xff, 0xff, 0xff, 0xc0, 0x1f, 0xff,
    0xff, 0xfe, 0x0, 0x7f, 0xff, 0xff, 0xf0, 0x3,
    0xff, 0xff, 0xff, 0x80, 0xf, 0xff, 0xff, 0xfc,
    0x0, 0x3f, 0xff, 0xff, 0xe0, 0x1, 0xff, 0xff,
    0xff, 0x0, 0x7, 0xff, 0xff, 0xf8, 0x0, 0x3f,
    0xff, 0xff, 0xc0, 0x0, 0xff, 0xff, 0xfe, 0x0,
    0x7, 0xff, 0xff, 0xf0, 0x0, 0x1f, 0xff, 0xff,
    0x80, 0x0, 0x7f, 0xff, 0xfc, 0x0, 0x3, 0xff,
    0xff, 0xe0, 0x0, 0xf, 0xfc,

    /* U+004F "O" */
    0x0, 0x0, 0x10, 0x0, 0x0, 0x0, 0xf, 0xff,
    0x80, 0x0, 0x0, 0x7f, 0xff, 0xc0, 0x0, 0x3,
    0xff, 0xff, 0xe0, 0x0, 0xf, 0xff, 0xff, 0xe0,
    0x0, 0x7f, 0xff, 0xff, 0xf0, 0x1, 0xff, 0xff,
    0xff, 0xf0, 0x3, 0xff, 0xff, 0xff, 0xe0, 0xf,
    0xfe, 0x0, 0xff, 0xe0, 0x3f, 0xf8, 0x0, 0xff,
    0xe0, 0x7f, 0xe0, 0x0, 0xff, 0xc1, 0xff, 0x80,
    0x0, 0xff, 0xc3, 0xff, 0x0, 0x1, 0xff, 0x8f,
    0xfc, 0x0, 0x1, 0xff, 0x9f, 0xf8, 0x0, 0x3,
    0xff, 0x3f, 0xf0, 0x0, 0x7, 0xfe, 0x7f, 0xe0,
    0x0, 0xf, 0xfd, 0xff, 0x80, 0x0, 0xf, 0xff,
    0xff, 0x0, 0x0, 0x1f, 0xff, 0xfe, 0x0, 0x0,
    0x3f, 0xff, 0xfc, 0x0, 0x0, 0x7f, 0xff, 0xf8,
    0x0, 0x0, 0xff, 0xff, 0xf0, 0x0, 0x1, 0xff,
    0xff, 0xe0, 0x0, 0x3, 0xff, 0xff, 0xc0, 0x0,
    0x7, 0xff, 0xff, 0x80, 0x0, 0xf, 0xff, 0xff,
    0x0, 0x0, 0x1f, 0xff, 0xfe, 0x0, 0x0, 0x3f,
    0xff, 0xfc, 0x0, 0x0, 0x7f, 0xff, 0xf8, 0x0,
    0x0, 0xff, 0xff, 0xf0, 0x0, 0x1, 0xff, 0xbf,
    0xf0, 0x0, 0x7, 0xfe, 0x7f, 0xe0, 0x0, 0xf,
    0xfc, 0xff, 0xc0, 0x0, 0x1f, 0xf9, 0xff, 0x80,
    0x0, 0x3f, 0xf1, 0xff, 0x80, 0x0, 0xff, 0xc3,
    0xff, 0x0, 0x1, 0xff, 0x83, 0xff, 0x0, 0x7,
    0xfe, 0x7, 0xff, 0x0, 0x1f, 0xfc, 0x7, 0xff,
    0x0, 0x7f, 0xf0, 0x7, 0xff, 0xff, 0xff, 0xc0,
    0x7, 0xff, 0xff, 0xff, 0x80, 0xf, 0xff, 0xff,
    0xfe, 0x0, 0x7, 0xff, 0xff, 0xf0, 0x0, 0x7,
    0xff, 0xff, 0xc0, 0x0, 0x3, 0xff, 0xfe, 0x0,
    0x0, 0x1, 0xff, 0xf0, 0x0, 0x0, 0x0, 0x8,
    0x0, 0x0,

    /* U+0050 "P" */
    0xff, 0xff, 0xfe, 0x0, 0x1f, 0xff, 0xff, 0xf8,
    0x3, 0xff, 0xff, 0xff, 0xc0, 0x7f, 0xff, 0xff,
    0xfe, 0xf, 0xff, 0xff, 0xff, 0xe1, 0xff, 0xff,
    0xff, 0xfe, 0x3f, 0xff, 0xff, 0xff, 0xc7, 0xfe,
    0x0, 0x3f, 0xfc, 0xff, 0xc0, 0x3, 0xff, 0xdf,
    0xf8, 0x0, 0x3f, 0xfb, 0xff, 0x0, 0x3, 0xff,
    0x7f, 0xe0, 0x0, 0x7f, 0xff, 0xfc, 0x0, 0x7,
    0xff, 0xff, 0x80, 0x0, 0xff, 0xff, 0xf0, 0x0,
    0x1f, 0xff, 0xfe, 0x0, 0x3, 0xff, 0xff, 0xc0,
    0x0, 0x7f, 0xff, 0xf8, 0x0, 0xf, 0xff, 0xff,
    0x0, 0x3, 0xff, 0xff, 0xe0, 0x0, 0x7f, 0xef,
    0xfc, 0x0, 0x1f, 0xfd, 0xff, 0x80, 0xf, 0xff,
    0x3f, 0xff, 0xff, 0xff, 0xe7, 0xff, 0xff, 0xff,
    0xf8, 0xff, 0xff, 0xff, 0xfe, 0x1f, 0xff, 0xff,
    0xff, 0x83, 0xff, 0xff, 0xff, 0xe0, 0x7f, 0xff,
    0xff, 0xe0, 0xf, 0xff, 0xff, 0xe0, 0x1, 0xff,
    0x80, 0x0, 0x0, 0x3f, 0xf0, 0x0, 0x0, 0x7,
    0xfe, 0x0, 0x0, 0x0, 0xff, 0xc0, 0x0, 0x0,
    0x1f, 0xf8, 0x0, 0x0, 0x3, 0xff, 0x0, 0x0,
    0x0, 0x7f, 0xe0, 0x0, 0x0, 0xf, 0xfc, 0x0,
    0x0, 0x1, 0xff, 0x80, 0x0, 0x0, 0x3f, 0xf0,
    0x0, 0x0, 0x7, 0xfe, 0x0, 0x0, 0x0, 0xff,
    0xc0, 0x0, 0x0, 0x1f, 0xf8, 0x0, 0x0, 0x3,
    0xff, 0x0, 0x0, 0x0, 0x7f, 0xe0, 0x0, 0x0,
    0xf, 0xfc, 0x0, 0x0, 0x1, 0xff, 0x80, 0x0,
    0x0, 0x0,

    /* U+0051 "Q" */
    0x0, 0x0, 0x10, 0x0, 0x0, 0x0, 0xf, 0xff,
    0x80, 0x0, 0x0, 0x7f, 0xff, 0xc0, 0x0, 0x3,
    0xff, 0xff, 0xe0, 0x0, 0xf, 0xff, 0xff, 0xe0,
    0x0, 0x7f, 0xff, 0xff, 0xf0, 0x1, 0xff, 0xff,
    0xff, 0xe0, 0x3, 0xff, 0xff, 0xff, 0xe0, 0xf,
    0xfe, 0x0, 0xff, 0xe0, 0x3f, 0xf8, 0x0, 0xff,
    0xe0, 0x7f, 0xe0, 0x0, 0xff, 0xc1, 0xff, 0x80,
    0x0, 0xff, 0xc3, 0xff, 0x0, 0x1, 0xff, 0x8f,
    0xfc, 0x0, 0x1, 0xff, 0x9f, 0xf8, 0x0, 0x3,
    0xff, 0x3f, 0xf0, 0x0, 0x7, 0xfe, 0x7f, 0xe0,
    0x0, 0xf, 0xfd, 0xff, 0x80, 0x0, 0xf, 0xff,
    0xff, 0x0, 0x0, 0x1f, 0xff, 0xfe, 0x0, 0x0,
    0x3f, 0xff, 0xfc, 0x0, 0x0, 0x7f, 0xff, 0xf8,
    0x0, 0x0, 0xff, 0xff, 0xf0, 0x0, 0x1, 0xff,
    0xff, 0xe0, 0x0, 0x3, 0xff, 0xff, 0xc0, 0x0,
    0x7, 0xff, 0xff, 0x80, 0x0, 0xf, 0xff, 0xff,
    0x0, 0x0, 0x1f, 0xff, 0xfe, 0x0, 0x0, 0x3f,
    0xff, 0xfc, 0x0, 0x0, 0x7f, 0xff, 0xf8, 0x0,
    0x0, 0xff, 0xff, 0xf0, 0x0, 0x1, 0xff, 0xbf,
    0xf0, 0x0, 0x7, 0xfe, 0x7f, 0xe0, 0x0, 0xf,
    0xfc, 0xff, 0xc0, 0x0, 0x1f, 0xf9, 0xff, 0x80,
    0x0, 0x3f, 0xf1, 0xff, 0x80, 0x0, 0xff, 0xc3,
    0xff, 0x0, 0x1, 0xff, 0x83, 0xff, 0x0, 0x7,
    0xfe, 0x7, 0xff, 0x0, 0x1f, 0xfc, 0x7, 0xff,
    0x0, 0x7f, 0xf0, 0x7, 0xff, 0xff, 0xff, 0xc0,
    0xf, 0xff, 0xff, 0xff, 0x0, 0xf, 0xff, 0xff,
    0xfc, 0x0, 0x7, 0xff, 0xff, 0xf0, 0x0, 0x7,
    0xff, 0xff, 0xf0, 0x0, 0x3, 0xff, 0xff, 0xf0,
    0x0, 0x1, 0xff, 0xff, 0xf8, 0x0, 0x0, 0x18,
    0xff, 0xf8, 0x0, 0x0, 0x0, 0xff, 0xf8, 0x0,
    0x0, 0x0, 0xff, 0xf8, 0x0, 0x0, 0x0, 0xff,
    0xf0, 0x0, 0x0, 0x0, 0x7f, 0xc0, 0x0, 0x0,
    0x0, 0x7e, 0x0, 0x0, 0x0, 0x0, 0x78, 0x0,
    0x0, 0x0, 0x0, 0x60, 0x0,

    /* U+0052 "R" */
    0xff, 0xff, 0xfe, 0x0, 0xf, 0xff, 0xff, 0xfc,
    0x0, 0xff, 0xff, 0xff, 0xf0, 0xf, 0xff, 0xff,
    0xff, 0xc0, 0xff, 0xff, 0xff, 0xfe, 0xf, 0xff,
    0xff, 0xff, 0xe0, 0xff, 0xff, 0xff, 0xff, 0xf,
    0xfc, 0x0, 0xff, 0xf8, 0xff, 0xc0, 0x3, 0xff,
    0x8f, 0xfc, 0x0, 0x1f, 0xf8, 0xff, 0xc0, 0x1,
    0xff, 0xcf, 0xfc, 0x0, 0xf, 0xfc, 0xff, 0xc0,
    0x0, 0xff, 0xcf, 0xfc, 0x0, 0xf, 0xfc, 0xff,
    0xc0, 0x0, 0xff, 0xcf, 0xfc, 0x0, 0xf, 0xfc,
    0xff, 0xc0, 0x0, 0xff, 0xcf, 0xfc, 0x0, 0xf,
    0xfc, 0xff, 0xc0, 0x1, 0xff, 0x8f, 0xfc, 0x0,
    0x1f, 0xf8, 0xff, 0xc0, 0x3, 0xff, 0x8f, 0xfc,
    0x0, 0xff, 0xf0, 0xff, 0xff, 0xff, 0xfe, 0xf,
    0xff, 0xff, 0xff, 0xc0, 0xff, 0xff, 0xff, 0xf8,
    0xf, 0xff, 0xff, 0xff, 0x0, 0xff, 0xff, 0xff,
    0xc0, 0xf, 0xff, 0xff, 0xfc, 0x0, 0xff, 0xff,
    0xff, 0xe0, 0xf, 0xfc, 0x7, 0xfe, 0x0, 0xff,
    0xc0, 0x7f, 0xf0, 0xf, 0xfc, 0x3, 0xff, 0x0,
    0xff, 0xc0, 0x3f, 0xf8, 0xf, 0xfc, 0x1, 0xff,
    0x80, 0xff, 0xc0, 0x1f, 0xfc, 0xf, 0xfc, 0x0,
    0xff, 0xc0, 0xff, 0xc0, 0xf, 0xfe, 0xf, 0xfc,
    0x0, 0x7f, 0xe0, 0xff, 0xc0, 0x7, 0xff, 0xf,
    0xfc, 0x0, 0x3f, 0xf0, 0xff, 0xc0, 0x3, 0xff,
    0x8f, 0xfc, 0x0, 0x1f, 0xf8, 0xff, 0xc0, 0x1,
    0xff, 0xcf, 0xfc, 0x0, 0xf, 0xfc, 0xff, 0xc0,
    0x0, 0xff, 0xef, 0xfc, 0x0, 0x7, 0xfe,

    /* U+0053 "S" */
    0x0, 0x0, 0x0, 0x0, 0x0, 0x3, 0xff, 0xf0,
    0x0, 0x3, 0xff, 0xff, 0xc0, 0x0, 0xff, 0xff,
    0xfc, 0x0, 0x7f, 0xff, 0xff, 0xe0, 0x1f, 0xff,
    0xff, 0xfe, 0x7, 0xff, 0xff, 0xff, 0xe0, 0xff,
    0xff, 0xff, 0xfc, 0x3f, 0xfc, 0x3, 0xff, 0xc7,
    0xfe, 0x0, 0x3f, 0xf9, 0xff, 0xc0, 0x3, 0xff,
    0xbf, 0xf0, 0x0, 0x3f, 0xf7, 0xfe, 0x0, 0x7,
    0xfe, 0xff, 0xc0, 0x0, 0xff, 0xdf, 0xf8, 0x0,
    0x0, 0x3, 0xff, 0x80, 0x0, 0x0, 0x7f, 0xf8,
    0x0, 0x0, 0x7, 0xff, 0xc0, 0x0, 0x0, 0xff,
    0xff, 0x0, 0x0, 0xf, 0xff, 0xfc, 0x0, 0x1,
    0xff, 0xff, 0xe0, 0x0, 0x1f, 0xff, 0xff, 0x80,
    0x1, 0xff, 0xff, 0xf8, 0x0, 0x1f, 0xff, 0xff,
    0xc0, 0x0, 0xff, 0xff, 0xfc, 0x0, 0x7, 0xff,
    0xff, 0xc0, 0x0, 0x3f, 0xff, 0xfc, 0x0, 0x1,
    0xff, 0xff, 0xc0, 0x0, 0x7, 0xff, 0xfc, 0x0,
    0x0, 0x1f, 0xff, 0x80, 0x0, 0x0, 0xff, 0xf0,
    0x0, 0x0, 0xf, 0xff, 0x0, 0x0, 0x0, 0xff,
    0xff, 0xf8, 0x0, 0xf, 0xff, 0xff, 0x0, 0x1,
    0xff, 0xff, 0xe0, 0x0, 0x3f, 0xff, 0xfe, 0x0,
    0x7, 0xfe, 0xff, 0xc0, 0x0, 0xff, 0xdf, 0xfc,
    0x0, 0x3f, 0xf1, 0xff, 0xc0, 0xf, 0xfe, 0x3f,
    0xff, 0xff, 0xff, 0xc3, 0xff, 0xff, 0xff, 0xf0,
    0x3f, 0xff, 0xff, 0xfc, 0x3, 0xff, 0xff, 0xff,
    0x0, 0x1f, 0xff, 0xff, 0xc0, 0x0, 0xff, 0xff,
    0xe0, 0x0, 0x7, 0xff, 0xf0, 0x0, 0x0, 0x3,
    0x0, 0x0,

    /* U+0054 "T" */
    0xff, 0xff, 0xff, 0xff, 0xff, 0xff, 0xff, 0xff,
    0xff, 0xff, 0xff, 0xff, 0xff, 0xff, 0xff, 0xff,
    0xff, 0xff, 0xff, 0xff, 0xff, 0xff, 0xff, 0xff,
    0xff, 0xff, 0xff, 0xff, 0xff, 0xff, 0xff, 0xff,
    0xff, 0xc0, 0x0, 0xff, 0xc0, 0x0, 0x0, 0x3,
    0xff, 0x0, 0x0, 0x0, 0xf, 0xfc, 0x0, 0x0,
    0x0, 0x3f, 0xf0, 0x0, 0x0, 0x0, 0xff, 0xc0,
    0x0, 0x0, 0x3, 0xff, 0x0, 0x0, 0x0, 0xf,
    0xfc, 0x0, 0x0, 0x0, 0x3f, 0xf0, 0x0, 0x0,
    0x0, 0xff, 0xc0, 0x0, 0x0, 0x3, 0xff, 0x0,
    0x0, 0x0, 0xf, 0xfc, 0x0, 0x0, 0x0, 0x3f,
    0xf0, 0x0, 0x0, 0x0, 0xff, 0xc0, 0x0, 0x0,
    0x3, 0xff, 0x0, 0x0, 0x0, 0xf, 0xfc, 0x0,
    0x0, 0x0, 0x3f, 0xf0, 0x0, 0x0, 0x0, 0xff,
    0xc0, 0x0, 0x0, 0x3, 0xff, 0x0, 0x0, 0x0,
    0xf, 0xfc, 0x0, 0x0, 0x0, 0x3f, 0xf0, 0x0,
    0x0, 0x0, 0xff, 0xc0, 0x0, 0x0, 0x3, 0xff,
    0x0, 0x0, 0x0, 0xf, 0xfc, 0x0, 0x0, 0x0,
    0x3f, 0xf0, 0x0, 0x0, 0x0, 0xff, 0xc0, 0x0,
    0x0, 0x3, 0xff, 0x0, 0x0, 0x0, 0xf, 0xfc,
    0x0, 0x0, 0x0, 0x3f, 0xf0, 0x0, 0x0, 0x0,
    0xff, 0xc0, 0x0, 0x0, 0x3, 0xff, 0x0, 0x0,
    0x0, 0xf, 0xfc, 0x0, 0x0, 0x0, 0x3f, 0xf0,
    0x0, 0x0, 0x0, 0xff, 0xc0, 0x0, 0x0, 0x3,
    0xff, 0x0, 0x0, 0x0, 0xf, 0xfc, 0x0, 0x0,
    0x0, 0x3f, 0xf0, 0x0, 0x0, 0x0, 0xff, 0xc0,
    0x0, 0x0, 0x3, 0xff, 0x0, 0x0, 0x0, 0xf,
    0xfc, 0x0, 0x0,

    /* U+0055 "U" */
    0xff, 0xc0, 0x0, 0x7f, 0xff, 0xf8, 0x0, 0xf,
    0xff, 0xff, 0x0, 0x1, 0xff, 0xff, 0xe0, 0x0,
    0x3f, 0xff, 0xfc, 0x0, 0x7, 0xff, 0xff, 0x80,
    0x0, 0xff, 0xff, 0xf0, 0x0, 0x1f, 0xff, 0xfe,
    0x0, 0x3, 0xff, 0xff, 0xc0, 0x0, 0x7f, 0xff,
    0xf8, 0x0, 0xf, 0xff, 0xff, 0x0, 0x1, 0xff,
    0xff, 0xe0, 0x0, 0x3f, 0xff, 0xfc, 0x0, 0x7,
    0xff, 0xff, 0x80, 0x0, 0xff, 0xff, 0xf0, 0x0,
    0x1f, 0xff, 0xfe, 0x0, 0x3, 0xff, 0xff, 0xc0,
    0x0, 0x7f, 0xff, 0xf8, 0x0, 0xf, 0xff, 0xff,
    0x0, 0x1, 0xff, 0xff, 0xe0, 0x0, 0x3f, 0xff,
    0xfc, 0x0, 0x7, 0xff, 0xff, 0x80, 0x0, 0xff,
    0xff, 0xf0, 0x0, 0x1f, 0xff, 0xfe, 0x0, 0x3,
    0xff, 0xff, 0xc0, 0x0, 0x7f, 0xff, 0xf8, 0x0,
    0xf, 0xff, 0xff, 0x0, 0x1, 0xff, 0xff, 0xe0,
    0x0, 0x3f, 0xff, 0xfc, 0x0, 0x7, 0xff, 0xff,
    0x80, 0x0, 0xff, 0xff, 0xf0, 0x0, 0x1f, 0xff,
    0xfe, 0x0, 0x3, 0xff, 0xff, 0xc0, 0x0, 0x7f,
    0xff, 0xf8, 0x0, 0xf, 0xff, 0xff, 0x0, 0x1,
    0xff, 0xbf, 0xf0, 0x0, 0x7f, 0xe7, 0xfe, 0x0,
    0xf, 0xfc, 0xff, 0xe0, 0x3, 0xff, 0x8f, 0xfe,
    0x0, 0xff, 0xe1, 0xff, 0xff, 0xff, 0xfc, 0x1f,
    0xff, 0xff, 0xff, 0x1, 0xff, 0xff, 0xff, 0xc0,
    0x1f, 0xff, 0xff, 0xf0, 0x1, 0xff, 0xff, 0xfc,
    0x0, 0xf, 0xff, 0xfe, 0x0, 0x0, 0x3f, 0xff,
    0x0, 0x0, 0x0, 0x38, 0x0, 0x0,

    /* U+0056 "V" */
    0xff, 0xe0, 0x0, 0x1, 0xff, 0xdf, 0xfc, 0x0,
    0x0, 0xff, 0xf7, 0xff, 0x0, 0x0, 0x3f, 0xf9,
    0xff, 0xc0, 0x0, 0xf, 0xfe, 0x3f, 0xf8, 0x0,
    0x7, 0xff, 0x8f, 0xfe, 0x0, 0x1, 0xff, 0xc3,
    0xff, 0x80, 0x0, 0x7f, 0xf0, 0x7f, 0xe0, 0x0,
    0x1f, 0xfc, 0x1f, 0xfc, 0x0, 0xf, 0xfe, 0x7,
    0xff, 0x0, 0x3, 0xff, 0x80, 0xff, 0xc0, 0x0,
    0xff, 0xc0, 0x3f, 0xf8, 0x0, 0x7f, 0xf0, 0xf,
    0xfe, 0x0, 0x1f, 0xfc, 0x1, 0xff, 0x80, 0x7,
    0xfe, 0x0, 0x7f, 0xe0, 0x1, 0xff, 0x80, 0x1f,
    0xfc, 0x0, 0xff, 0xe0, 0x3, 0xff, 0x0, 0x3f,
    0xf0, 0x0, 0xff, 0xc0, 0xf, 0xfc, 0x0, 0x3f,
    0xf8, 0x7, 0xff, 0x0, 0x7, 0xfe, 0x1, 0xff,
    0x80, 0x1, 0xff, 0x80, 0x7f, 0xe0, 0x0, 0x7f,
    0xe0, 0x1f, 0xf8, 0x0, 0xf, 0xfc, 0xf, 0xfc,
    0x0, 0x3, 0xff, 0x3, 0xff, 0x0, 0x0, 0xff,
    0xc0, 0xff, 0xc0, 0x0, 0x1f, 0xf8, 0x7f, 0xe0,
    0x0, 0x7, 0xfe, 0x1f, 0xf8, 0x0, 0x1, 0xff,
    0x87, 0xfe, 0x0, 0x0, 0x3f, 0xe1, 0xff, 0x0,
    0x0, 0xf, 0xfc, 0xff, 0xc0, 0x0, 0x3, 0xff,
    0x3f, 0xf0, 0x0, 0x0, 0x7f, 0xcf, 0xf8, 0x0,
    0x0, 0x1f, 0xff, 0xfe, 0x0, 0x0, 0x7, 0xff,
    0xff, 0x80, 0x0, 0x0, 0xff, 0xff, 0xc0, 0x0,
    0x0, 0x3f, 0xff, 0xf0, 0x0, 0x0, 0xf, 0xff,
    0xfc, 0x0, 0x0, 0x1, 0xff, 0xfe, 0x0, 0x0,
    0x0, 0x7f, 0xff, 0x80, 0x0, 0x0, 0x1f, 0xff,
    0xe0, 0x0, 0x0, 0x3, 0xff, 0xf0, 0x0, 0x0,
    0x0, 0xff, 0xfc, 0x0, 0x0, 0x0, 0x3f, 0xff,
    0x0, 0x0, 0x0, 0x7, 0xff, 0x80, 0x0, 0x0,
    0x1, 0xff, 0xe0, 0x0, 0x0, 0x0, 0x7f, 0xf8,
    0x0, 0x0,

    /* U+0057 "W" */
    0xff, 0xc0, 0x3, 0xfe, 0x0, 0xf, 0xff, 0xff,
    0x0, 0xf, 0xfc, 0x0, 0x3f, 0xff, 0xfc, 0x0,
    0x3f, 0xf0, 0x1, 0xff, 0x9f, 0xf8, 0x0, 0xff,
    0xc0, 0x7, 0xfe, 0x7f, 0xe0, 0x3, 0xff, 0x0,
    0x1f, 0xf9, 0xff, 0x80, 0x1f, 0xfc, 0x0, 0x7f,
    0xe7, 0xfe, 0x0, 0x7f, 0xf8, 0x1, 0xff, 0x1f,
    0xf8, 0x1, 0xff, 0xe0, 0xf, 0xfc, 0x3f, 0xf0,
    0x7, 0xff, 0x80, 0x3f, 0xf0, 0xff, 0xc0, 0x3f,
    0xfe, 0x0, 0xff, 0xc3, 0xff, 0x0, 0xff, 0xfc,
    0x3, 0xff, 0xf, 0xfc, 0x3, 0xff, 0xf0, 0xf,
    0xf8, 0x1f, 0xf0, 0xf, 0xff, 0xc0, 0x7f, 0xe0,
    0x7f, 0xe0, 0x3f, 0xff, 0x1, 0xff, 0x81, 0xff,
    0x81, 0xff, 0xfc, 0x7, 0xfe, 0x7, 0xfe, 0x7,
    0xff, 0xf8, 0x1f, 0xf8, 0x1f, 0xf8, 0x1f, 0xff,
    0xe0, 0x7f, 0xc0, 0x3f, 0xe0, 0x7f, 0xff, 0x81,
    0xff, 0x0, 0xff, 0x83, 0xff, 0xfe, 0xf, 0xfc,
    0x3, 0xff, 0xf, 0xf7, 0xfc, 0x3f, 0xf0, 0xf,
    0xfc, 0x3f, 0xcf, 0xf0, 0xff, 0x80, 0x3f, 0xf0,
    0xff, 0x3f, 0xc3, 0xfe, 0x0, 0x7f, 0xc7, 0xfc,
    0xff, 0xf, 0xf8, 0x1, 0xff, 0x1f, 0xe3, 0xfe,
    0x7f, 0xe0, 0x7, 0xfe, 0x7f, 0x8f, 0xf9, 0xff,
    0x80, 0x1f, 0xf9, 0xfe, 0x1f, 0xe7, 0xfc, 0x0,
    0x3f, 0xe7, 0xf8, 0x7f, 0x9f, 0xf0, 0x0, 0xff,
    0xbf, 0xe1, 0xfe, 0x7f, 0xc0, 0x3, 0xfe, 0xff,
    0x7, 0xff, 0xff, 0x0, 0xf, 0xff, 0xfc, 0xf,
    0xff, 0xfc, 0x0, 0x3f, 0xff, 0xf0, 0x3f, 0xff,
    0xe0, 0x0, 0x7f, 0xff, 0xc0, 0xff, 0xff, 0x80,
    0x1, 0xff, 0xfe, 0x3, 0xff, 0xfe, 0x0, 0x7,
    0xff, 0xf8, 0x7, 0xff, 0xf8, 0x0, 0x1f, 0xff,
    0xe0, 0x1f, 0xff, 0xc0, 0x0, 0x7f, 0xff, 0x80,
    0x7f, 0xff, 0x0, 0x0, 0xff, 0xfc, 0x1, 0xff,
    0xfc, 0x0, 0x3, 0xff, 0xf0, 0x3, 0xff, 0xf0,
    0x0, 0xf, 0xff, 0xc0, 0xf, 0xff, 0xc0, 0x0,
    0x3f, 0xff, 0x0, 0x3f, 0xfe, 0x0, 0x0, 0x7f,
    0xf8, 0x0, 0xff, 0xf8, 0x0, 0x1, 0xff, 0xe0,
    0x1, 0xff, 0xe0, 0x0, 0x7, 0xff, 0x80, 0x7,
    0xff, 0x80, 0x0, 0x1f, 0xfe, 0x0, 0x1f, 0xfe,
    0x0, 0x0, 0x7f, 0xf8, 0x0, 0x7f, 0xf0, 0x0,
    0x0, 0xff, 0xc0, 0x1, 0xff, 0xc0, 0x0,

    /* U+0058 "X" */
    0x7f, 0xf8, 0x0, 0xf, 0xff, 0x3f, 0xf8, 0x0,
    0xf, 0xfe, 0x3f, 0xfc, 0x0, 0x1f, 0xfe, 0x1f,
    0xfc, 0x0, 0x1f, 0xfc, 0x1f, 0xfe, 0x0, 0x3f,
    0xf8, 0xf, 0xfe, 0x0, 0x3f, 0xf8, 0xf, 0xff,
    0x0, 0x7f, 0xf0, 0x7, 0xff, 0x0, 0x7f, 0xf0,
    0x3, 0xff, 0x80, 0xff, 0xe0, 0x3, 0xff, 0x80,
    0xff, 0xe0, 0x1, 0xff, 0xc1, 0xff, 0xc0, 0x1,
    0xff, 0xc3, 0xff, 0x80, 0x0, 0xff, 0xe3, 0xff,
    0x80, 0x0, 0xff, 0xe7, 0xff, 0x0, 0x0, 0x7f,
    0xf7, 0xff, 0x0, 0x0, 0x3f, 0xff, 0xfe, 0x0,
    0x0, 0x3f, 0xff, 0xfe, 0x0, 0x0, 0x1f, 0xff,
    0xfc, 0x0, 0x0, 0x1f, 0xff, 0xfc, 0x0, 0x0,
    0xf, 0xff, 0xf8, 0x0, 0x0, 0xf, 0xff, 0xf0,
    0x0, 0x0, 0x7, 0xff, 0xf0, 0x0, 0x0, 0x3,
    0xff, 0xe0, 0x0, 0x0, 0x7, 0xff, 0xe0, 0x0,
    0x0, 0x7, 0xff, 0xf0, 0x0, 0x0, 0xf, 0xff,
    0xf8, 0x0, 0x0, 0xf, 0xff, 0xf8, 0x0, 0x0,
    0x1f, 0xff, 0xfc, 0x0, 0x0, 0x3f, 0xff, 0xfc,
    0x0, 0x0, 0x3f, 0xff, 0xfe, 0x0, 0x0, 0x7f,
    0xf7, 0xfe, 0x0, 0x0, 0x7f, 0xf7, 0xff, 0x0,
    0x0, 0xff, 0xe3, 0xff, 0x80, 0x0, 0xff, 0xe3,
    0xff, 0x80, 0x1, 0xff, 0xc1, 0xff, 0xc0, 0x3,
    0xff, 0xc1, 0xff, 0xc0, 0x3, 0xff, 0x80, 0xff,
    0xe0, 0x7, 0xff, 0x80, 0xff, 0xe0, 0x7, 0xff,
    0x0, 0x7f, 0xf0, 0xf, 0xff, 0x0, 0x7f, 0xf8,
    0xf, 0xfe, 0x0, 0x3f, 0xf8, 0x1f, 0xfc, 0x0,
    0x3f, 0xfc, 0x3f, 0xfc, 0x0, 0x1f, 0xfc, 0x3f,
    0xf8, 0x0, 0x1f, 0xfe, 0x7f, 0xf8, 0x0, 0xf,
    0xfe, 0x7f, 0xf0, 0x0, 0xf, 0xff,

    /* U+0059 "Y" */
    0xff, 0xe0, 0x0, 0x7, 0xff, 0x7f, 0xf0, 0x0,
    0xf, 0xfe, 0x7f, 0xf0, 0x0, 0xf, 0xfe, 0x3f,
    0xf8, 0x0, 0x1f, 0xfc, 0x3f, 0xf8, 0x0, 0x1f,
    0xfc, 0x1f, 0xfc, 0x0, 0x3f, 0xf8, 0x1f, 0xfc,
    0x0, 0x3f, 0xf8, 0xf, 0xfc, 0x0, 0x3f, 0xf0,
    0xf, 0xfe, 0x0, 0x7f, 0xf0, 0x7, 0xfe, 0x0,
    0x7f, 0xe0, 0x7, 0xff, 0x0, 0xff, 0xe0, 0x3,
    0xff, 0x0, 0xff, 0xc0, 0x3, 0xff, 0x81, 0xff,
    0xc0, 0x1, 0xff, 0x81, 0xff, 0x80, 0x0, 0xff,
    0x81, 0xff, 0x80, 0x0, 0xff, 0xc3, 0xff, 0x0,
    0x0, 0xff, 0xc3, 0xfe, 0x0, 0x0, 0x7f, 0xe7,
    0xfe, 0x0, 0x0, 0x3f, 0xe7, 0xfc, 0x0, 0x0,
    0x3f, 0xff, 0xfc, 0x0, 0x0, 0x1f, 0xff, 0xf8,
    0x0, 0x0, 0x1f, 0xff, 0xf8, 0x0, 0x0, 0xf,
    0xff, 0xf0, 0x0, 0x0, 0xf, 0xff, 0xf0, 0x0,
    0x0, 0x7, 0xff, 0xe0, 0x0, 0x0, 0x7, 0xff,
    0xe0, 0x0, 0x0, 0x3, 0xff, 0xc0, 0x0, 0x0,
    0x3, 0xff, 0xc0, 0x0, 0x0, 0x1, 0xff, 0x80,
    0x0, 0x0, 0x1, 0xff, 0x80, 0x0, 0x0, 0x1,
    0xff, 0x80, 0x0, 0x0, 0x1, 0xff, 0x80, 0x0,
    0x0, 0x1, 0xff, 0x80, 0x0, 0x0, 0x1, 0xff,
    0x80, 0x0, 0x0, 0x1, 0xff, 0x80, 0x0, 0x0,
    0x1, 0xff, 0x80, 0x0, 0x0, 0x1, 0xff, 0x80,
    0x0, 0x0, 0x1, 0xff, 0x80, 0x0, 0x0, 0x1,
    0xff, 0x80, 0x0, 0x0, 0x1, 0xff, 0x80, 0x0,
    0x0, 0x1, 0xff, 0x80, 0x0, 0x0, 0x1, 0xff,
    0x80, 0x0, 0x0, 0x1, 0xff, 0x80, 0x0, 0x0,
    0x1, 0xff, 0x80, 0x0, 0x0, 0x1, 0xff, 0x80,
    0x0, 0x0, 0x1, 0xff, 0x80, 0x0,

    /* U+005A "Z" */
    0xff, 0xff, 0xff, 0xff, 0xff, 0xff, 0xff, 0xff,
    0xff, 0xff, 0xff, 0xff, 0xff, 0xff, 0xff, 0xff,
    0xff, 0xff, 0xff, 0xff, 0xff, 0xff, 0xff, 0xff,
    0xff, 0xff, 0xbf, 0xff, 0xff, 0xff, 0xe0, 0x0,
    0x0, 0x1f, 0xfc, 0x0, 0x0, 0x3, 0xff, 0x0,
    0x0, 0x0, 0xff, 0xc0, 0x0, 0x0, 0x3f, 0xf8,
    0x0, 0x0, 0x7, 0xfe, 0x0, 0x0, 0x1, 0xff,
    0x80, 0x0, 0x0, 0x7f, 0xf0, 0x0, 0x0, 0xf,
    0xfc, 0x0, 0x0, 0x3, 0xff, 0x0, 0x0, 0x0,
    0xff, 0xe0, 0x0, 0x0, 0x1f, 0xf8, 0x0, 0x0,
    0x7, 0xfe, 0x0, 0x0, 0x1, 0xff, 0xc0, 0x0,
    0x0, 0x3f, 0xf0, 0x0, 0x0, 0xf, 0xfc, 0x0,
    0x0, 0x3, 0xff, 0x80, 0x0, 0x0, 0x7f, 0xe0,
    0x0, 0x0, 0x1f, 0xf8, 0x0, 0x0, 0x7, 0xff,
    0x0, 0x0, 0x0, 0xff, 0xc0, 0x0, 0x0, 0x3f,
    0xf0, 0x0, 0x0, 0xf, 0xfe, 0x0, 0x0, 0x1,
    0xff, 0x80, 0x0, 0x0, 0x7f, 0xe0, 0x0, 0x0,
    0x1f, 0xfc, 0x0, 0x0, 0x3, 0xff, 0x0, 0x0,
    0x0, 0xff, 0xc0, 0x0, 0x0, 0x3f, 0xf8, 0x0,
    0x0, 0x7, 0xfe, 0x0, 0x0, 0x1, 0xff, 0x80,
    0x0, 0x0, 0x7f, 0xf0, 0x0, 0x0, 0xf, 0xfc,
    0x0, 0x0, 0x3, 0xff, 0xff, 0xff, 0xff, 0xff,
    0xff, 0xff, 0xff, 0xff, 0xff, 0xff, 0xff, 0xff,
    0xff, 0xff, 0xff, 0xff, 0xff, 0xff, 0xff, 0xff,
    0xff, 0xff, 0xff, 0xff, 0xff, 0xff, 0xff, 0xff,
    0xff, 0xc0,

    /* U+005B "[" */
    0xff, 0xff, 0xff, 0xff, 0xff, 0xff, 0xff, 0xff,
    0xff, 0xff, 0xff, 0xff, 0xff, 0xf0, 0xff, 0xc3,
    0xff, 0xf, 0xfc, 0x3f, 0xf0, 0xff, 0xc3, 0xff,
    0xf, 0xfc, 0x3f, 0xf0, 0xff, 0xc3, 0xff, 0xf,
    0xfc, 0x3f, 0xf0, 0xff, 0xc3, 0xff, 0xf, 0xfc,
    0x3f, 0xf0, 0xff, 0xc3, 0xff, 0xf, 0xfc, 0x3f,
    0xf0, 0xff, 0xc3, 0xff, 0xf, 0xfc, 0x3f, 0xf0,
    0xff, 0xc3, 0xff, 0xf, 0xfc, 0x3f, 0xf0, 0xff,
    0xc3, 0xff, 0xf, 0xfc, 0x3f, 0xf0, 0xff, 0xc3,
    0xff, 0xf, 0xfc, 0x3f, 0xf0, 0xff, 0xc3, 0xff,
    0xf, 0xfc, 0x3f, 0xf0, 0xff, 0xc3, 0xff, 0xf,
    0xfc, 0x3f, 0xf0, 0xff, 0xc3, 0xff, 0xf, 0xfc,
    0x3f, 0xf0, 0xff, 0xc3, 0xff, 0xf, 0xff, 0xff,
    0xff, 0xff, 0xff, 0xff, 0xff, 0xff, 0xff, 0xff,
    0xff, 0xfc,

    /* U+005C "\\" */
    0xff, 0xc0, 0x0, 0x7, 0xfe, 0x0, 0x0, 0x1f,
    0xf8, 0x0, 0x0, 0xff, 0xc0, 0x0, 0x7, 0xfe,
    0x0, 0x0, 0x1f, 0xf8, 0x0, 0x0, 0xff, 0xc0,
    0x0, 0x7, 0xff, 0x0, 0x0, 0x1f, 0xf8, 0x0,
    0x0, 0xff, 0xc0, 0x0, 0x3, 0xff, 0x0, 0x0,
    0x1f, 0xf8, 0x0, 0x0, 0xff, 0xe0, 0x0, 0x3,
    0xff, 0x0, 0x0, 0x1f, 0xf8, 0x0, 0x0, 0x7f,
    0xe0, 0x0, 0x3, 0xff, 0x0, 0x0, 0x1f, 0xf8,
    0x0, 0x0, 0x7f, 0xe0, 0x0, 0x3, 0xff, 0x0,
    0x0, 0x1f, 0xfc, 0x0, 0x0, 0x7f, 0xe0, 0x0,
    0x3, 0xff, 0x0, 0x0, 0xf, 0xfc, 0x0, 0x0,
    0x7f, 0xe0, 0x0, 0x3, 0xff, 0x0, 0x0, 0xf,
    0xfc, 0x0, 0x0, 0x7f, 0xe0, 0x0, 0x3, 0xff,
    0x80, 0x0, 0xf, 0xfc, 0x0, 0x0, 0x7f, 0xe0,
    0x0, 0x1, 0xff, 0x80, 0x0, 0xf, 0xfc, 0x0,
    0x0, 0x7f, 0xf0, 0x0, 0x1, 0xff, 0x80, 0x0,
    0xf, 0xfc, 0x0, 0x0, 0x7f, 0xf0, 0x0, 0x1,
    0xff, 0x80, 0x0, 0xf, 0xfc, 0x0, 0x0, 0x3f,
    0xf0, 0x0, 0x1, 0xff, 0x80, 0x0, 0xf, 0xfe,
    0x0, 0x0, 0x3f, 0xf0, 0x0, 0x1, 0xff, 0x80,
    0x0, 0x7, 0xfe, 0x0, 0x0, 0x3f, 0xf0, 0x0,
    0x1, 0xff, 0x80, 0x0, 0x7, 0xfe, 0x0, 0x0,
    0x3f, 0xf0, 0x0, 0x1, 0xff, 0xc0,

    /* U+005D "]" */
    0xff, 0xff, 0xff, 0xff, 0xff, 0xff, 0xff, 0xff,
    0xff, 0xff, 0xff, 0xff, 0xc3, 0xff, 0xf, 0xfc,
    0x3f, 0xf0, 0xff, 0xc3, 0xff, 0xf, 0xfc, 0x3f,
    0xf0, 0xff, 0xc3, 0xff, 0xf, 0xfc, 0x3f, 0xf0,
    0xff, 0xc3, 0xff, 0xf, 0xfc, 0x3f, 0xf0, 0xff,
    0xc3, 0xff, 0xf, 0xfc, 0x3f, 0xf0, 0xff, 0xc3,
    0xff, 0xf, 0xfc, 0x3f, 0xf0, 0xff, 0xc3, 0xff,
    0xf, 0xfc, 0x3f, 0xf0, 0xff, 0xc3, 0xff, 0xf,
    0xfc, 0x3f, 0xf0, 0xff, 0xc3, 0xff, 0xf, 0xfc,
    0x3f, 0xf0, 0xff, 0xc3, 0xff, 0xf, 0xfc, 0x3f,
    0xf0, 0xff, 0xc3, 0xff, 0xf, 0xfc, 0x3f, 0xf0,
    0xff, 0xc3, 0xff, 0xf, 0xfc, 0x3f, 0xf0, 0xff,
    0xc3, 0xff, 0xf, 0xfc, 0x3f, 0xff, 0xff, 0xff,
    0xff, 0xff, 0xff, 0xff, 0xff, 0xff, 0xff, 0xff,
    0xff, 0xfc,

    /* U+005E "^" */
    0x0, 0x7f, 0x80, 0x0, 0x1f, 0xe0, 0x0, 0x7,
    0xfc, 0x0, 0x3, 0xff, 0x0, 0x0, 0xff, 0xe0,
    0x0, 0x7f, 0xf8, 0x0, 0x1f, 0xfe, 0x0, 0x7,
    0xff, 0xc0, 0x3, 0xff, 0xf0, 0x0, 0xfe, 0xfe,
    0x0, 0x7f, 0x3f, 0x80, 0x1f, 0xcf, 0xe0, 0x7,
    0xf1, 0xfc, 0x3, 0xf8, 0x7f, 0x0, 0xfe, 0x1f,
    0xe0, 0x7f, 0x83, 0xf8, 0x1f, 0xc0, 0xff, 0x7,
    0xf0, 0x1f, 0xc3, 0xf8, 0x7, 0xf0, 0xfe, 0x1,
    0xfe, 0x7f, 0x80, 0x3f, 0x9f, 0xc0, 0xf, 0xff,
    0xf0, 0x3, 0xfc,

    /* U+005F "_" */
    0xff, 0xff, 0xff, 0xff, 0xff, 0xff, 0xff, 0xff,
    0xff, 0xff, 0xff, 0xff, 0xff, 0xff, 0xff, 0xff,
    0xff, 0xff, 0xff, 0xff, 0xff, 0xff, 0xff, 0xff,
    0xf0,

    /* U+0060 "`" */
    0xff, 0xe0, 0x7f, 0xe0, 0x3f, 0xf0, 0x1f, 0xf0,
    0xf, 0xf8, 0xf, 0xfc, 0x7, 0xfc, 0x3, 0xfe,
    0x1, 0xfe, 0x0, 0xff,

    /* U+0061 "a" */
    0x0, 0x1, 0x0, 0x0, 0x1, 0xff, 0xf0, 0x0,
    0x1f, 0xff, 0xf0, 0x1, 0xff, 0xff, 0xe0, 0xf,
    0xff, 0xff, 0xc0, 0x7f, 0xff, 0xff, 0x83, 0xff,
    0xff, 0xff, 0xf, 0xff, 0xff, 0xfc, 0x7f, 0xf0,
    0x3f, 0xf1, 0xff, 0x80, 0xff, 0xe7, 0xfe, 0x1,
    0xff, 0x80, 0x0, 0x7, 0xfe, 0x0, 0x0, 0x1f,
    0xf8, 0x0, 0x0, 0x7f, 0xe0, 0x3, 0xff, 0xff,
    0x80, 0xff, 0xff, 0xfe, 0xf, 0xff, 0xff, 0xf8,
    0x7f, 0xff, 0xff, 0xe3, 0xff, 0xff, 0xff, 0x9f,
    0xfe, 0x7, 0xfe, 0x7f, 0xe0, 0x1f, 0xf9, 0xff,
    0x80, 0x7f, 0xef, 0xfc, 0x1, 0xff, 0xbf, 0xf0,
    0x7, 0xfe, 0xff, 0xc0, 0x1f, 0xfb, 0xff, 0x0,
    0x7f, 0xef, 0xfc, 0x3, 0xff, 0xbf, 0xf8, 0x1f,
    0xfe, 0xff, 0xff, 0xff, 0xf9, 0xff, 0xff, 0xff,
    0xe7, 0xff, 0xff, 0xff, 0x8f, 0xff, 0xff, 0xfe,
    0x1f, 0xff, 0xef, 0xf8, 0x3f, 0xff, 0x3f, 0xf0,
    0x3f, 0xf0, 0xff, 0xc0, 0x4, 0x0, 0x0,

    /* U+0062 "b" */
    0xff, 0xc0, 0x0, 0x1, 0xff, 0x80, 0x0, 0x3,
    0xff, 0x0, 0x0, 0x7, 0xfe, 0x0, 0x0, 0xf,
    0xfc, 0x0, 0x0, 0x1f, 0xf8, 0x0, 0x0, 0x3f,
    0xf0, 0x0, 0x0, 0x7f, 0xe0, 0x0, 0x0, 0xff,
    0xc0, 0x0, 0x1, 0xff, 0x80, 0x0, 0x3, 0xff,
    0x0, 0x0, 0x7, 0xfe, 0x0, 0x0, 0xf, 0xfc,
    0x0, 0x0, 0x1f, 0xf8, 0x0, 0x0, 0x3f, 0xf1,
    0xff, 0x80, 0x7f, 0xef, 0xff, 0xc0, 0xff, 0xff,
    0xff, 0xc1, 0xff, 0xff, 0xff, 0xc3, 0xff, 0xff,
    0xff, 0xc7, 0xff, 0xff, 0xff, 0xcf, 0xff, 0xff,
    0xff, 0x9f, 0xfe, 0x7, 0xff, 0x3f, 0xf8, 0x7,
    0xff, 0x7f, 0xe0, 0x7, 0xfe, 0xff, 0xc0, 0xf,
    0xfd, 0xff, 0x80, 0x1f, 0xff, 0xff, 0x0, 0x1f,
    0xff, 0xfe, 0x0, 0x3f, 0xff, 0xfc, 0x0, 0x7f,
    0xff, 0xf8, 0x0, 0xff, 0xff, 0xf0, 0x1, 0xff,
    0xff, 0xe0, 0x3, 0xff, 0xff, 0xc0, 0x7, 0xff,
    0xff, 0x80, 0xf, 0xff, 0xff, 0x0, 0x1f, 0xff,
    0xfe, 0x0, 0x3f, 0xff, 0xfc, 0x0, 0x7f, 0xff,
    0xf8, 0x1, 0xff, 0xbf, 0xf0, 0x3, 0xff, 0x7f,
    0xf0, 0xf, 0xfe, 0xff, 0xf0, 0x1f, 0xf9, 0xff,
    0xff, 0xff, 0xf3, 0xff, 0xff, 0xff, 0xe7, 0xff,
    0xff, 0xff, 0x8f, 0xff, 0xff, 0xfe, 0x1f, 0xf7,
    0xff, 0xf8, 0x3f, 0xe7, 0xff, 0xe0, 0x7f, 0xc3,
    0xff, 0x0, 0x0, 0x0, 0x40, 0x0,

    /* U+0063 "c" */
    0x0, 0x0, 0x0, 0x0, 0x0, 0xff, 0xf0, 0x0,
    0x1f, 0xff, 0xf0, 0x0, 0xff, 0xff, 0xe0, 0x7,
    0xff, 0xff, 0xe0, 0x3f, 0xff, 0xff, 0x81, 0xff,
    0xff, 0xff, 0xf, 0xff, 0xff, 0xfe, 0x3f, 0xf8,
    0x1f, 0xf9, 0xff, 0xc0, 0x3f, 0xe7, 0xfe, 0x0,
    0xff, 0xdf, 0xf8, 0x1, 0xff, 0x7f, 0xc0, 0x7,
    0xff, 0xff, 0x0, 0x1f, 0xff, 0xfc, 0x0, 0x0,
    0x3f, 0xf0, 0x0, 0x0, 0xff, 0xc0, 0x0, 0x3,
    0xff, 0x0, 0x0, 0xf, 0xfc, 0x0, 0x0, 0x3f,
    0xf0, 0x0, 0x0, 0xff, 0xc0, 0x0, 0x3, 0xff,
    0x0, 0x0, 0xf, 0xfc, 0x0, 0x0, 0x1f, 0xf0,
    0x1, 0xff, 0x7f, 0xe0, 0x7, 0xfd, 0xff, 0x80,
    0x1f, 0xf7, 0xff, 0x0, 0xff, 0xcf, 0xfe, 0x7,
    0xfe, 0x3f, 0xff, 0xff, 0xf8, 0x7f, 0xff, 0xff,
    0xc0, 0xff, 0xff, 0xfe, 0x1, 0xff, 0xff, 0xf8,
    0x3, 0xff, 0xff, 0x80, 0x7, 0xff, 0xfc, 0x0,
    0x3, 0xff, 0xc0, 0x0, 0x0, 0x40, 0x0,

    /* U+0064 "d" */
    0x0, 0x0, 0x7, 0xfe, 0x0, 0x0, 0xf, 0xfc,
    0x0, 0x0, 0x1f, 0xf8, 0x0, 0x0, 0x3f, 0xf0,
    0x0, 0x0, 0x7f, 0xe0, 0x0, 0x0, 0xff, 0xc0,
    0x0, 0x1, 0xff, 0x80, 0x0, 0x3, 0xff, 0x0,
    0x0, 0x7, 0xfe, 0x0, 0x0, 0xf, 0xfc, 0x0,
    0x0, 0x1f, 0xf8, 0x0, 0x0, 0x3f, 0xf0, 0x0,
    0x0, 0x7f, 0xe0, 0x0, 0x80, 0xff, 0xc0, 0x3f,
    0xf1, 0xff, 0x81, 0xff, 0xf3, 0xff, 0x7, 0xff,
    0xf7, 0xfe, 0x1f, 0xff, 0xff, 0xfc, 0x7f, 0xff,
    0xff, 0xf8, 0xff, 0xff, 0xff, 0xf3, 0xff, 0xff,
    0xff, 0xe7, 0xff, 0x3, 0xff, 0xdf, 0xfc, 0x3,
    0xff, 0xbf, 0xf0, 0x3, 0xff, 0x7f, 0xe0, 0x7,
    0xff, 0xff, 0xc0, 0xf, 0xff, 0xff, 0x0, 0x1f,
    0xff, 0xfe, 0x0, 0x3f, 0xff, 0xfc, 0x0, 0x7f,
    0xff, 0xf8, 0x0, 0xff, 0xff, 0xf0, 0x1, 0xff,
    0xff, 0xe0, 0x3, 0xff, 0xff, 0xc0, 0x7, 0xff,
    0xff, 0x80, 0xf, 0xff, 0xff, 0x0, 0x1f, 0xff,
    0xfe, 0x0, 0x3f, 0xff, 0xfe, 0x0, 0x7f, 0xef,
    0xfc, 0x0, 0xff, 0xdf, 0xf8, 0x1, 0xff, 0xbf,
    0xf8, 0x7, 0xff, 0x3f, 0xf8, 0x1f, 0xfe, 0x7f,
    0xff, 0xff, 0xfc, 0x7f, 0xff, 0xff, 0xf8, 0xff,
    0xff, 0xff, 0xf0, 0xff, 0xff, 0xbf, 0xe0, 0xff,
    0xff, 0x7f, 0xc0, 0xff, 0xf8, 0xff, 0x80, 0x7f,
    0xe1, 0xff, 0x0, 0xc, 0x0, 0x0,

    /* U+0065 "e" */
    0x0, 0x0, 0x0, 0x0, 0x0, 0x7f, 0xf8, 0x0,
    0x3, 0xff, 0xfc, 0x0, 0x1f, 0xff, 0xfc, 0x0,
    0x7f, 0xff, 0xfe, 0x1, 0xff, 0xff, 0xfc, 0x7,
    0xff, 0xff, 0xfc, 0xf, 0xff, 0xff, 0xfc, 0x3f,
    0xf8, 0x1f, 0xf8, 0x7f, 0xe0, 0x1f, 0xf9, 0xff,
    0x80, 0x3f, 0xf3, 0xff, 0x0, 0x3f, 0xe7, 0xfe,
    0x0, 0x7f, 0xff, 0xf8, 0x0, 0xff, 0xff, 0xf0,
    0x1, 0xff, 0xff, 0xff, 0xff, 0xff, 0xff, 0xff,
    0xff, 0xff, 0xff, 0xff, 0xff, 0xff, 0xff, 0xff,
    0xff, 0xff, 0xff, 0xff, 0xff, 0xff, 0xff, 0xff,
    0xff, 0xff, 0xf8, 0x0, 0x0, 0x3f, 0xf0, 0x0,
    0x0, 0x7f, 0xf0, 0x0, 0x0, 0x7f, 0xe0, 0x0,
    0x0, 0xff, 0xe0, 0x0, 0x80, 0xff, 0xe0, 0x7,
    0x81, 0xff, 0xe0, 0x1f, 0x81, 0xff, 0xff, 0xff,
    0x83, 0xff, 0xff, 0xff, 0x83, 0xff, 0xff, 0xff,
    0x3, 0xff, 0xff, 0xfc, 0x1, 0xff, 0xff, 0xe0,
    0x1, 0xff, 0xff, 0x80, 0x0, 0x7f, 0xf8, 0x0,
    0x0, 0x6, 0x0, 0x0,

    /* U+0066 "f" */
    0x0, 0x7, 0xfc, 0x0, 0x3f, 0xfc, 0x1, 0xff,
    0xf8, 0x7, 0xff, 0xf0, 0x1f, 0xff, 0xe0, 0x3f,
    0xff, 0xc0, 0xff, 0xff, 0x81, 0xff, 0xc0, 0x7,
    0xff, 0x0, 0xf, 0xfc, 0x0, 0x1f, 0xf8, 0x0,
    0x3f, 0xf0, 0x0, 0x7f, 0xe0, 0x0, 0xff, 0xc0,
    0x1, 0xff, 0x80, 0x7f, 0xff, 0xfe, 0xff, 0xff,
    0xfd, 0xff, 0xff, 0xfb, 0xff, 0xff, 0xf7, 0xff,
    0xff, 0xef, 0xff, 0xff, 0xdf, 0xff, 0xff, 0x81,
    0xff, 0x80, 0x3, 0xff, 0x0, 0x7, 0xfe, 0x0,
    0xf, 0xfc, 0x0, 0x1f, 0xf8, 0x0, 0x3f, 0xf0,
    0x0, 0x7f, 0xe0, 0x0, 0xff, 0xc0, 0x1, 0xff,
    0x80, 0x3, 0xff, 0x0, 0x7, 0xfe, 0x0, 0xf,
    0xfc, 0x0, 0x1f, 0xf8, 0x0, 0x3f, 0xf0, 0x0,
    0x7f, 0xe0, 0x0, 0xff, 0xc0, 0x1, 0xff, 0x80,
    0x3, 0xff, 0x0, 0x7, 0xfe, 0x0, 0xf, 0xfc,
    0x0, 0x1f, 0xf8, 0x0, 0x3f, 0xf0, 0x0, 0x7f,
    0xe0, 0x0, 0xff, 0xc0, 0x1, 0xff, 0x80, 0x3,
    0xff, 0x0, 0x7, 0xfe, 0x0,

    /* U+0067 "g" */
    0x0, 0x0, 0x0, 0x0, 0x0, 0x7f, 0xe1, 0xff,
    0x1, 0xff, 0xf9, 0xff, 0x7, 0xff, 0xfd, 0xff,
    0xf, 0xff, 0xff, 0xff, 0xf, 0xff, 0xff, 0xff,
    0x1f, 0xff, 0xff, 0xff, 0x3f, 0xff, 0xff, 0xff,
    0x3f, 0xf8, 0xf, 0xff, 0x7f, 0xf0, 0x7, 0xff,
    0x7f, 0xf0, 0x3, 0xff, 0x7f, 0xe0, 0x3, 0xff,
    0xff, 0xe0, 0x3, 0xff, 0xff, 0xc0, 0x3, 0xff,
    0xff, 0xc0, 0x3, 0xff, 0xff, 0xc0, 0x3, 0xff,
    0xff, 0xc0, 0x3, 0xff, 0xff, 0xc0, 0x3, 0xff,
    0xff, 0xc0, 0x3, 0xff, 0xff, 0xc0, 0x3, 0xff,
    0xff, 0xc0, 0x3, 0xff, 0xff, 0xc0, 0x3, 0xff,
    0xff, 0xc0, 0x3, 0xff, 0x7f, 0xe0, 0x3, 0xff,
    0x7f, 0xe0, 0x3, 0xff, 0x7f, 0xf0, 0x3, 0xff,
    0x7f, 0xf0, 0x7, 0xff, 0x3f, 0xf8, 0xf, 0xff,
    0x3f, 0xff, 0xff, 0xff, 0x1f, 0xff, 0xff, 0xff,
    0xf, 0xff, 0xff, 0xff, 0xf, 0xff, 0xff, 0xff,
    0x3, 0xff, 0xff, 0xff, 0x1, 0xff, 0xf3, 0xff,
    0x0, 0x7f, 0xe3, 0xff, 0x0, 0x4, 0x3, 0xff,
    0x0, 0x0, 0x3, 0xff, 0x2, 0x0, 0x7, 0xff,
    0x3, 0x0, 0x7, 0xfe, 0x7, 0x80, 0xf, 0xfe,
    0xf, 0xe0, 0x3f, 0xfc, 0x1f, 0xff, 0xff, 0xfc,
    0x1f, 0xff, 0xff, 0xf8, 0x1f, 0xff, 0xff, 0xf0,
    0xf, 0xff, 0xff, 0xe0, 0x7, 0xff, 0xff, 0xc0,
    0x1, 0xff, 0xff, 0x0, 0x0, 0x3f, 0xf0, 0x0,

    /* U+0068 "h" */
    0xff, 0xc0, 0x0, 0x3, 0xff, 0x0, 0x0, 0xf,
    0xfc, 0x0, 0x0, 0x3f, 0xf0, 0x0, 0x0, 0xff,
    0xc0, 0x0, 0x3, 0xff, 0x0, 0x0, 0xf, 0xfc,
    0x0, 0x0, 0x3f, 0xf0, 0x0, 0x0, 0xff, 0xc0,
    0x0, 0x3, 0xff, 0x0, 0x0, 0xf, 0xfc, 0x0,
    0x0, 0x3f, 0xf0, 0x0, 0x0, 0xff, 0xc0, 0x0,
    0x3, 0xff, 0x0, 0x0, 0xf, 0xfc, 0x3f, 0xf0,
    0x3f, 0xf3, 0xff, 0xf0, 0xff, 0xdf, 0xff, 0xe3,
    0xff, 0xff, 0xff, 0xcf, 0xff, 0xff, 0xff, 0x3f,
    0xff, 0xff, 0xfe, 0xff, 0xff, 0xff, 0xfb, 0xff,
    0xc0, 0xff, 0xef, 0xfc, 0x1, 0xff, 0xff, 0xf0,
    0x3, 0xff, 0xff, 0xc0, 0xf, 0xff, 0xff, 0x0,
    0x3f, 0xff, 0xfc, 0x0, 0xff, 0xff, 0xf0, 0x3,
    0xff, 0xff, 0xc0, 0xf, 0xff, 0xff, 0x0, 0x3f,
    0xff, 0xfc, 0x0, 0xff, 0xff, 0xf0, 0x3, 0xff,
    0xff, 0xc0, 0xf, 0xff, 0xff, 0x0, 0x3f, 0xff,
    0xfc, 0x0, 0xff, 0xff, 0xf0, 0x3, 0xff, 0xff,
    0xc0, 0xf, 0xff, 0xff, 0x0, 0x3f, 0xff, 0xfc,
    0x0, 0xff, 0xff, 0xf0, 0x3, 0xff, 0xff, 0xc0,
    0xf, 0xff, 0xff, 0x0, 0x3f, 0xff, 0xfc, 0x0,
    0xff, 0xff, 0xf0, 0x3, 0xff, 0xff, 0xc0, 0xf,
    0xff, 0xff, 0x0, 0x3f, 0xff, 0xfc, 0x0, 0xff,
    0xff, 0xf0, 0x3, 0xff,

    /* U+0069 "i" */
    0x1f, 0xf, 0xf9, 0xff, 0x7f, 0xff, 0xff, 0xff,
    0xff, 0xfb, 0xfe, 0x7f, 0xc3, 0xe0, 0x0, 0x0,
    0x0, 0x0, 0x0, 0x3f, 0xf7, 0xfe, 0xff, 0xdf,
    0xfb, 0xff, 0x7f, 0xef, 0xfd, 0xff, 0xbf, 0xf7,
    0xfe, 0xff, 0xdf, 0xfb, 0xff, 0x7f, 0xef, 0xfd,
    0xff, 0xbf, 0xf7, 0xfe, 0xff, 0xdf, 0xfb, 0xff,
    0x7f, 0xef, 0xfd, 0xff, 0xbf, 0xf7, 0xfe, 0xff,
    0xdf, 0xfb, 0xff, 0x7f, 0xef, 0xfd, 0xff, 0xbf,
    0xf7, 0xfe,

    /* U+006A "j" */
    0x0, 0x3e, 0x0, 0x3f, 0xe0, 0xf, 0xf8, 0x7,
    0xff, 0x1, 0xff, 0xc0, 0x7f, 0xf0, 0x1f, 0xfc,
    0x3, 0xfe, 0x0, 0xff, 0x80, 0xf, 0x80, 0x0,
    0x0, 0x0, 0x0, 0x0, 0x0, 0x0, 0x0, 0x0,
    0xf, 0xfc, 0x3, 0xff, 0x0, 0xff, 0xc0, 0x3f,
    0xf0, 0xf, 0xfc, 0x3, 0xff, 0x0, 0xff, 0xc0,
    0x3f, 0xf0, 0xf, 0xfc, 0x3, 0xff, 0x0, 0xff,
    0xc0, 0x3f, 0xf0, 0xf, 0xfc, 0x3, 0xff, 0x0,
    0xff, 0xc0, 0x3f, 0xf0, 0xf, 0xfc, 0x3, 0xff,
    0x0, 0xff, 0xc0, 0x3f, 0xf0, 0xf, 0xfc, 0x3,
    0xff, 0x0, 0xff, 0xc0, 0x3f, 0xf0, 0xf, 0xfc,
    0x3, 0xff, 0x0, 0xff, 0xc0, 0x3f, 0xf0, 0xf,
    0xfc, 0x3, 0xff, 0x0, 0xff, 0xc0, 0x3f, 0xf0,
    0xf, 0xfc, 0x3, 0xff, 0x0, 0xff, 0xc0, 0x3f,
    0xf0, 0xf, 0xfc, 0x3, 0xff, 0x1, 0xff, 0xc0,
    0x7f, 0xff, 0xff, 0xfb, 0xff, 0xfe, 0xff, 0xff,
    0x3f, 0xff, 0xcf, 0xff, 0xe3, 0xff, 0xe0, 0xff,
    0xe0, 0x3, 0x0, 0x0,

    /* U+006B "k" */
    0xff, 0xc0, 0x0, 0x0, 0xff, 0xc0, 0x0, 0x0,
    0xff, 0xc0, 0x0, 0x0, 0xff, 0xc0, 0x0, 0x0,
    0xff, 0xc0, 0x0, 0x0, 0xff, 0xc0, 0x0, 0x0,
    0xff, 0xc0, 0x0, 0x0, 0xff, 0xc0, 0x0, 0x0,
    0xff, 0xc0, 0x0, 0x0, 0xff, 0xc0, 0x0, 0x0,
    0xff, 0xc0, 0x0, 0x0, 0xff, 0xc0, 0x0, 0x0,
    0xff, 0xc0, 0x0, 0x0, 0xff, 0xc0, 0x0, 0x0,
    0xff, 0xc0, 0x1f, 0xfe, 0xff, 0xc0, 0x3f, 0xfc,
    0xff, 0xc0, 0x3f, 0xf8, 0xff, 0xc0, 0x7f, 0xf0,
    0xff, 0xc0, 0xff, 0xf0, 0xff, 0xc1, 0xff, 0xe0,
    0xff, 0xc3, 0xff, 0xc0, 0xff, 0xc7, 0xff, 0x80,
    0xff, 0xc7, 0xff, 0x0, 0xff, 0xcf, 0xfe, 0x0,
    0xff, 0xdf, 0xfc, 0x0, 0xff, 0xff, 0xfc, 0x0,
    0xff, 0xff, 0xf8, 0x0, 0xff, 0xff, 0xf0, 0x0,
    0xff, 0xff, 0xf0, 0x0, 0xff, 0xff, 0xf0, 0x0,
    0xff, 0xff, 0xf8, 0x0, 0xff, 0xff, 0xfc, 0x0,
    0xff, 0xff, 0xfc, 0x0, 0xff, 0xff, 0xfe, 0x0,
    0xff, 0xff, 0xff, 0x0, 0xff, 0xf3, 0xff, 0x0,
    0xff, 0xe3, 0xff, 0x80, 0xff, 0xc1, 0xff, 0xc0,
    0xff, 0xc1, 0xff, 0xc0, 0xff, 0xc0, 0xff, 0xe0,
    0xff, 0xc0, 0x7f, 0xe0, 0xff, 0xc0, 0x7f, 0xf0,
    0xff, 0xc0, 0x3f, 0xf8, 0xff, 0xc0, 0x3f, 0xf8,
    0xff, 0xc0, 0x1f, 0xfc, 0xff, 0xc0, 0xf, 0xfe,
    0xff, 0xc0, 0xf, 0xfe, 0xff, 0xc0, 0x7, 0xff,

    /* U+006C "l" */
    0xff, 0xff, 0xff, 0xff, 0xff, 0xff, 0xff, 0xff,
    0xff, 0xff, 0xff, 0xff, 0xff, 0xff, 0xff, 0xff,
    0xff, 0xff, 0xff, 0xff, 0xff, 0xff, 0xff, 0xff,
    0xff, 0xff, 0xff, 0xff, 0xff, 0xff, 0xff, 0xff,
    0xff, 0xff, 0xff, 0xff, 0xff, 0xff, 0xff, 0xff,
    0xff, 0xff, 0xff, 0xff, 0xff, 0xff, 0xff, 0xff,
    0xff, 0xff, 0xff, 0xff, 0xff, 0xff, 0xff, 0xff,
    0xff, 0xff, 0xff, 0xff,

    /* U+006D "m" */
    0x0, 0x0, 0x0, 0x0, 0x0, 0x0, 0x7f, 0xc1,
    0xff, 0x80, 0x3f, 0xf0, 0x3f, 0xf3, 0xff, 0xe0,
    0x7f, 0xfe, 0x1f, 0xfb, 0xff, 0xf8, 0x7f, 0xff,
    0x8f, 0xff, 0xff, 0xfe, 0x7f, 0xff, 0xe7, 0xff,
    0xff, 0xff, 0xff, 0xff, 0xf3, 0xff, 0xff, 0xff,
    0xff, 0xff, 0xfd, 0xff, 0xff, 0xff, 0xff, 0xff,
    0xfe, 0xff, 0xf0, 0x3f, 0xfe, 0x3, 0xff, 0x7f,
    0xf0, 0x1f, 0xfe, 0x1, 0xff, 0xff, 0xf0, 0x7,
    0xfe, 0x0, 0x7f, 0xff, 0xf8, 0x3, 0xff, 0x0,
    0x3f, 0xff, 0xfc, 0x1, 0xff, 0x80, 0x1f, 0xff,
    0xfe, 0x0, 0xff, 0xc0, 0xf, 0xff, 0xff, 0x0,
    0x7f, 0xe0, 0x7, 0xff, 0xff, 0x80, 0x3f, 0xf0,
    0x3, 0xff, 0xff, 0xc0, 0x1f, 0xf8, 0x1, 0xff,
    0xff, 0xe0, 0xf, 0xfc, 0x0, 0xff, 0xff, 0xf0,
    0x7, 0xfe, 0x0, 0x7f, 0xff, 0xf8, 0x3, 0xff,
    0x0, 0x3f, 0xff, 0xfc, 0x1, 0xff, 0x80, 0x1f,
    0xff, 0xfe, 0x0, 0xff, 0xc0, 0xf, 0xff, 0xff,
    0x0, 0x7f, 0xe0, 0x7, 0xff, 0xff, 0x80, 0x3f,
    0xf0, 0x3, 0xff, 0xff, 0xc0, 0x1f, 0xf8, 0x1,
    0xff, 0xff, 0xe0, 0xf, 0xfc, 0x0, 0xff, 0xff,
    0xf0, 0x7, 0xfe, 0x0, 0x7f, 0xff, 0xf8, 0x3,
    0xff, 0x0, 0x3f, 0xff, 0xfc, 0x1, 0xff, 0x80,
    0x1f, 0xff, 0xfe, 0x0, 0xff, 0xc0, 0xf, 0xff,
    0xff, 0x0, 0x7f, 0xe0, 0x7, 0xff, 0xff, 0x80,
    0x3f, 0xf0, 0x3, 0xff, 0xff, 0xc0, 0x1f, 0xf8,
    0x1, 0xff, 0xff, 0xe0, 0xf, 0xfc, 0x0, 0xff,
    0xff, 0xf0, 0x7, 0xfe, 0x0, 0x7f, 0xe0,

    /* U+006E "n" */
    0x0, 0x0, 0x10, 0x3, 0xfe, 0xf, 0xfc, 0xf,
    0xfc, 0xff, 0xfc, 0x3f, 0xf7, 0xff, 0xf8, 0xff,
    0xff, 0xff, 0xf3, 0xff, 0xff, 0xff, 0xcf, 0xff,
    0xff, 0xff, 0xbf, 0xff, 0xff, 0xfe, 0xff, 0xf0,
    0x3f, 0xff, 0xff, 0x80, 0x7f, 0xff, 0xfc, 0x0,
    0xff, 0xff, 0xf0, 0x3, 0xff, 0xff, 0xc0, 0xf,
    0xff, 0xff, 0x0, 0x3f, 0xff, 0xfc, 0x0, 0xff,
    0xff, 0xf0, 0x3, 0xff, 0xff, 0xc0, 0xf, 0xff,
    0xff, 0x0, 0x3f, 0xff, 0xfc, 0x0, 0xff, 0xff,
    0xf0, 0x3, 0xff, 0xff, 0xc0, 0xf, 0xff, 0xff,
    0x0, 0x3f, 0xff, 0xfc, 0x0, 0xff, 0xff, 0xf0,
    0x3, 0xff, 0xff, 0xc0, 0xf, 0xff, 0xff, 0x0,
    0x3f, 0xff, 0xfc, 0x0, 0xff, 0xff, 0xf0, 0x3,
    0xff, 0xff, 0xc0, 0xf, 0xff, 0xff, 0x0, 0x3f,
    0xff, 0xfc, 0x0, 0xff, 0xff, 0xf0, 0x3, 0xff,
    0xff, 0xc0, 0xf, 0xff, 0xff, 0x0, 0x3f, 0xff,
    0xfc, 0x0, 0xff, 0xc0,

    /* U+006F "o" */
    0x0, 0x0, 0x0, 0x0, 0x0, 0x3f, 0xfc, 0x0,
    0x0, 0xff, 0xff, 0x0, 0x3, 0xff, 0xff, 0xc0,
    0x7, 0xff, 0xff, 0xe0, 0xf, 0xff, 0xff, 0xf0,
    0x1f, 0xff, 0xff, 0xf8, 0x1f, 0xff, 0xff, 0xf8,
    0x3f, 0xf8, 0x1f, 0xfc, 0x3f, 0xf0, 0xf, 0xfc,
    0x7f, 0xe0, 0x7, 0xfe, 0x7f, 0xe0, 0x7, 0xfe,
    0x7f, 0xe0, 0x7, 0xfe, 0xff, 0xc0, 0x3, 0xff,
    0xff, 0xc0, 0x3, 0xff, 0xff, 0xc0, 0x3, 0xff,
    0xff, 0xc0, 0x3, 0xff, 0xff, 0xc0, 0x3, 0xff,
    0xff, 0xc0, 0x3, 0xff, 0xff, 0xc0, 0x3, 0xff,
    0xff, 0xc0, 0x3, 0xff, 0xff, 0xc0, 0x3, 0xff,
    0xff, 0xc0, 0x3, 0xff, 0x7f, 0xe0, 0x7, 0xfe,
    0x7f, 0xe0, 0x7, 0xfe, 0x7f, 0xe0, 0x7, 0xfe,
    0x3f, 0xf0, 0xf, 0xfc, 0x3f, 0xf8, 0x1f, 0xfc,
    0x1f, 0xff, 0xff, 0xf8, 0x1f, 0xff, 0xff, 0xf8,
    0xf, 0xff, 0xff, 0xf0, 0x7, 0xff, 0xff, 0xe0,
    0x3, 0xff, 0xff, 0xc0, 0x0, 0xff, 0xff, 0x0,
    0x0, 0x3f, 0xfc, 0x0, 0x0, 0x1, 0x80, 0x0,

    /* U+0070 "p" */
    0x0, 0x0, 0x0, 0x1, 0xff, 0xf, 0xfc, 0x3,
    0xfe, 0x7f, 0xfe, 0x7, 0xff, 0xff, 0xfe, 0xf,
    0xff, 0xff, 0xfe, 0x1f, 0xff, 0xff, 0xfe, 0x3f,
    0xff, 0xff, 0xfc, 0x7f, 0xff, 0xff, 0xfc, 0xff,
    0xf0, 0x3f, 0xf9, 0xff, 0xc0, 0x3f, 0xfb, 0xff,
    0x0, 0x3f, 0xf7, 0xfe, 0x0, 0x7f, 0xef, 0xfc,
    0x0, 0xff, 0xff, 0xf8, 0x0, 0xff, 0xff, 0xf0,
    0x1, 0xff, 0xff, 0xe0, 0x3, 0xff, 0xff, 0xc0,
    0x7, 0xff, 0xff, 0x80, 0xf, 0xff, 0xff, 0x0,
    0x1f, 0xff, 0xfe, 0x0, 0x3f, 0xff, 0xfc, 0x0,
    0x7f, 0xff, 0xf8, 0x0, 0xff, 0xff, 0xf0, 0x1,
    0xff, 0xff, 0xe0, 0x7, 0xff, 0xff, 0xc0, 0xf,
    0xfd, 0xff, 0x80, 0x1f, 0xfb, 0xff, 0x80, 0x7f,
    0xf7, 0xff, 0x81, 0xff, 0xcf, 0xff, 0xff, 0xff,
    0x9f, 0xff, 0xff, 0xfe, 0x3f, 0xff, 0xff, 0xfc,
    0x7f, 0xff, 0xff, 0xf0, 0xff, 0xff, 0xff, 0xc1,
    0xff, 0xbf, 0xff, 0x3, 0xff, 0x1f, 0xf8, 0x7,
    0xfe, 0x2, 0x0, 0xf, 0xfc, 0x0, 0x0, 0x1f,
    0xf8, 0x0, 0x0, 0x3f, 0xf0, 0x0, 0x0, 0x7f,
    0xe0, 0x0, 0x0, 0xff, 0xc0, 0x0, 0x1, 0xff,
    0x80, 0x0, 0x3, 0xff, 0x0, 0x0, 0x7, 0xfe,
    0x0, 0x0, 0xf, 0xfc, 0x0, 0x0, 0x1f, 0xf8,
    0x0, 0x0, 0x3f, 0xf0, 0x0, 0x0, 0x7f, 0xe0,
    0x0, 0x0,

    /* U+0071 "q" */
    0x0, 0x4, 0x0, 0x0, 0x1, 0xff, 0x87, 0xfc,
    0xf, 0xff, 0xcf, 0xf8, 0x3f, 0xff, 0xdf, 0xf0,
    0xff, 0xff, 0xff, 0xe3, 0xff, 0xff, 0xff, 0xc7,
    0xff, 0xff, 0xff, 0x9f, 0xff, 0xff, 0xff, 0x3f,
    0xf8, 0x1f, 0xfe, 0xff, 0xe0, 0x1f, 0xfd, 0xff,
    0x80, 0x1f, 0xfb, 0xff, 0x0, 0x3f, 0xff, 0xfe,
    0x0, 0x7f, 0xff, 0xf8, 0x0, 0xff, 0xff, 0xf0,
    0x1, 0xff, 0xff, 0xe0, 0x3, 0xff, 0xff, 0xc0,
    0x7, 0xff, 0xff, 0x80, 0xf, 0xff, 0xff, 0x0,
    0x1f, 0xff, 0xfe, 0x0, 0x3f, 0xff, 0xfc, 0x0,
    0x7f, 0xff, 0xf8, 0x0, 0xff, 0xff, 0xf0, 0x1,
    0xff, 0xff, 0xf0, 0x3, 0xff, 0x7f, 0xe0, 0x7,
    0xfe, 0xff, 0xc0, 0xf, 0xfd, 0xff, 0xc0, 0x3f,
    0xf9, 0xff, 0xc0, 0xff, 0xf3, 0xff, 0xff, 0xff,
    0xe3, 0xff, 0xff, 0xff, 0xc7, 0xff, 0xff, 0xff,
    0x87, 0xff, 0xff, 0xff, 0x7, 0xff, 0xff, 0xfe,
    0x7, 0xff, 0xef, 0xfc, 0x3, 0xff, 0x1f, 0xf8,
    0x0, 0x60, 0x3f, 0xf0, 0x0, 0x0, 0x7f, 0xe0,
    0x0, 0x0, 0xff, 0xc0, 0x0, 0x1, 0xff, 0x80,
    0x0, 0x3, 0xff, 0x0, 0x0, 0x7, 0xfe, 0x0,
    0x0, 0xf, 0xfc, 0x0, 0x0, 0x1f, 0xf8, 0x0,
    0x0, 0x3f, 0xf0, 0x0, 0x0, 0x7f, 0xe0, 0x0,
    0x0, 0xff, 0xc0, 0x0, 0x1, 0xff, 0x80, 0x0,
    0x3, 0xff,

    /* U+0072 "r" */
    0x0, 0x0, 0x4f, 0xf8, 0x7f, 0xff, 0xcf, 0xff,
    0xfd, 0xff, 0xff, 0xff, 0xff, 0xff, 0xff, 0xff,
    0xff, 0xff, 0xff, 0xff, 0xff, 0xff, 0xff, 0xff,
    0xff, 0xff, 0xf0, 0xf, 0xfe, 0x0, 0xff, 0xc0,
    0xf, 0xfc, 0x0, 0xff, 0xc0, 0xf, 0xfc, 0x0,
    0xff, 0xc0, 0xf, 0xfc, 0x0, 0xff, 0xc0, 0xf,
    0xfc, 0x0, 0xff, 0xc0, 0xf, 0xfc, 0x0, 0xff,
    0xc0, 0xf, 0xfc, 0x0, 0xff, 0xc0, 0xf, 0xfc,
    0x0, 0xff, 0xc0, 0xf, 0xfc, 0x0, 0xff, 0xc0,
    0xf, 0xfc, 0x0, 0xff, 0xc0, 0xf, 0xfc, 0x0,
    0xff, 0xc0, 0xf, 0xfc, 0x0, 0xff, 0xc0, 0x0,

    /* U+0073 "s" */
    0x0, 0x0, 0x0, 0x0, 0x3, 0xff, 0xc0, 0x0,
    0xff, 0xff, 0xc0, 0xf, 0xff, 0xff, 0x0, 0xff,
    0xff, 0xfc, 0xf, 0xff, 0xff, 0xf0, 0xff, 0xff,
    0xff, 0xc7, 0xfe, 0x7, 0xfe, 0x7f, 0xe0, 0x3f,
    0xfb, 0xff, 0x0, 0xff, 0xdf, 0xf8, 0x7, 0xfe,
    0xff, 0xc0, 0x0, 0x7, 0xff, 0x0, 0x0, 0x3f,
    0xff, 0x0, 0x0, 0xff, 0xff, 0x80, 0x7, 0xff,
    0xff, 0x80, 0x1f, 0xff, 0xff, 0x0, 0xff, 0xff,
    0xfe, 0x1, 0xff, 0xff, 0xf8, 0x7, 0xff, 0xff,
    0xc0, 0xf, 0xff, 0xff, 0x0, 0xf, 0xff, 0xf8,
    0x0, 0x7, 0xff, 0xe0, 0x0, 0xf, 0xff, 0xff,
    0x80, 0x1f, 0xff, 0xfc, 0x0, 0xff, 0xff, 0xe0,
    0x7, 0xfe, 0xff, 0x80, 0x3f, 0xf7, 0xfe, 0x3,
    0xff, 0x1f, 0xff, 0xff, 0xf8, 0xff, 0xff, 0xff,
    0x83, 0xff, 0xff, 0xf8, 0xf, 0xff, 0xff, 0x80,
    0x1f, 0xff, 0xf8, 0x0, 0x3f, 0xfe, 0x0, 0x0,
    0xc, 0x0, 0x0,

    /* U+0074 "t" */
    0x7, 0xfe, 0x0, 0x3f, 0xf0, 0x1, 0xff, 0x80,
    0xf, 0xfc, 0x0, 0x7f, 0xe0, 0x3, 0xff, 0x0,
    0x1f, 0xf8, 0x0, 0xff, 0xc0, 0x7, 0xfe, 0x7,
    0xff, 0xff, 0xff, 0xff, 0xff, 0xff, 0xff, 0xff,
    0xff, 0xff, 0xff, 0xff, 0xff, 0xff, 0xff, 0xff,
    0xff, 0xff, 0x7, 0xfe, 0x0, 0x3f, 0xf0, 0x1,
    0xff, 0x80, 0xf, 0xfc, 0x0, 0x7f, 0xe0, 0x3,
    0xff, 0x0, 0x1f, 0xf8, 0x0, 0xff, 0xc0, 0x7,
    0xfe, 0x0, 0x3f, 0xf0, 0x1, 0xff, 0x80, 0xf,
    0xfc, 0x0, 0x7f, 0xe0, 0x3, 0xff, 0x0, 0x1f,
    0xf8, 0x0, 0xff, 0xc0, 0x7, 0xfe, 0x0, 0x3f,
    0xf0, 0x1, 0xff, 0x80, 0xf, 0xfe, 0x0, 0x7f,
    0xff, 0x81, 0xff, 0xfc, 0xf, 0xff, 0xe0, 0x7f,
    0xff, 0x1, 0xff, 0xf8, 0x7, 0xff, 0xc0, 0xf,
    0xfe, 0x0, 0x6, 0x0,

    /* U+0075 "u" */
    0xff, 0xc0, 0xf, 0xff, 0xff, 0x0, 0x3f, 0xff,
    0xfc, 0x0, 0xff, 0xff, 0xf0, 0x3, 0xff, 0xff,
    0xc0, 0xf, 0xff, 0xff, 0x0, 0x3f, 0xff, 0xfc,
    0x0, 0xff, 0xff, 0xf0, 0x3, 0xff, 0xff, 0xc0,
    0xf, 0xff, 0xff, 0x0, 0x3f, 0xff, 0xfc, 0x0,
    0xff, 0xff, 0xf0, 0x3, 0xff, 0xff, 0xc0, 0xf,
    0xff, 0xff, 0x0, 0x3f, 0xff, 0xfc, 0x0, 0xff,
    0xff, 0xf0, 0x3, 0xff, 0xff, 0xc0, 0xf, 0xff,
    0xff, 0x0, 0x3f, 0xff, 0xfc, 0x0, 0xff, 0xff,
    0xf0, 0x3, 0xff, 0xff, 0xc0, 0xf, 0xff, 0xff,
    0x0, 0x3f, 0xff, 0xfc, 0x0, 0xff, 0xff, 0xf0,
    0x3, 0xff, 0xff, 0xc0, 0xf, 0xff, 0xff, 0x80,
    0x7f, 0xff, 0xfe, 0x3, 0xff, 0xdf, 0xff, 0xff,
    0xff, 0x7f, 0xff, 0xff, 0xfc, 0xff, 0xff, 0xff,
    0xf3, 0xff, 0xff, 0xff, 0xc7, 0xff, 0xfb, 0xff,
    0xf, 0xff, 0xcf, 0xfc, 0xf, 0xfc, 0x1f, 0xf0,
    0x3, 0x0, 0x0, 0x0,

    /* U+0076 "v" */
    0xff, 0xe0, 0x3, 0xff, 0xbf, 0xf0, 0x1, 0xff,
    0x9f, 0xf8, 0x0, 0xff, 0xcf, 0xfc, 0x0, 0x7f,
    0xe3, 0xff, 0x0, 0x7f, 0xe1, 0xff, 0x80, 0x3f,
    0xf0, 0xff, 0xc0, 0x1f, 0xf8, 0x3f, 0xf0, 0x1f,
    0xf8, 0x1f, 0xf8, 0xf, 0xfc, 0xf, 0xfc, 0x7,
    0xfe, 0x3, 0xfe, 0x3, 0xfe, 0x1, 0xff, 0x83,
    0xff, 0x0, 0xff, 0xc1, 0xff, 0x80, 0x3f, 0xe0,
    0xff, 0x80, 0x1f, 0xf8, 0xff, 0xc0, 0xf, 0xfc,
    0x7f, 0xe0, 0x3, 0xfe, 0x3f, 0xe0, 0x1, 0xff,
    0x1f, 0xf0, 0x0, 0xff, 0xdf, 0xf8, 0x0, 0x3f,
    0xef, 0xf8, 0x0, 0x1f, 0xf7, 0xfc, 0x0, 0xf,
    0xfb, 0xfe, 0x0, 0x3, 0xff, 0xfe, 0x0, 0x1,
    0xff, 0xff, 0x0, 0x0, 0xff, 0xff, 0x80, 0x0,
    0x3f, 0xff, 0x80, 0x0, 0x1f, 0xff, 0xc0, 0x0,
    0xf, 0xff, 0xe0, 0x0, 0x3, 0xff, 0xe0, 0x0,
    0x1, 0xff, 0xf0, 0x0, 0x0, 0xff, 0xf8, 0x0,
    0x0, 0x3f, 0xf8, 0x0, 0x0, 0x1f, 0xfc, 0x0,
    0x0, 0xf, 0xfe, 0x0, 0x0,

    /* U+0077 "w" */
    0xff, 0x80, 0x1f, 0xc0, 0xf, 0xff, 0xfe, 0x0,
    0xfe, 0x0, 0xff, 0xdf, 0xf0, 0xf, 0xf8, 0x7,
    0xfc, 0xff, 0x80, 0x7f, 0xc0, 0x3f, 0xe7, 0xfc,
    0x3, 0xfe, 0x1, 0xff, 0x3f, 0xe0, 0x1f, 0xf0,
    0xf, 0xf8, 0xff, 0x81, 0xff, 0xc0, 0xff, 0x87,
    0xfc, 0xf, 0xfe, 0x7, 0xfc, 0x3f, 0xe0, 0x7f,
    0xf0, 0x3f, 0xe1, 0xff, 0x7, 0xff, 0xc1, 0xff,
    0xf, 0xf8, 0x3f, 0xfe, 0xf, 0xf0, 0x3f, 0xe1,
    0xff, 0xf0, 0xff, 0x81, 0xff, 0xf, 0xff, 0x87,
    0xfc, 0xf, 0xf8, 0xfe, 0xfe, 0x3f, 0xe0, 0x7f,
    0xc7, 0xf7, 0xf1, 0xff, 0x1, 0xfe, 0x3f, 0xbf,
    0x8f, 0xf0, 0xf, 0xf1, 0xfd, 0xfc, 0xff, 0x80,
    0x7f, 0xdf, 0xc7, 0xf7, 0xfc, 0x3, 0xfe, 0xfe,
    0x3f, 0xbf, 0xe0, 0xf, 0xf7, 0xf1, 0xfd, 0xfe,
    0x0, 0x7f, 0xff, 0x7, 0xff, 0xf0, 0x3, 0xff,
    0xf8, 0x3f, 0xff, 0x80, 0x1f, 0xff, 0xc1, 0xff,
    0xfc, 0x0, 0x7f, 0xfe, 0x7, 0xff, 0xc0, 0x3,
    0xff, 0xe0, 0x3f, 0xfe, 0x0, 0x1f, 0xff, 0x1,
    0xff, 0xf0, 0x0, 0xff, 0xf8, 0xf, 0xff, 0x80,
    0x3, 0xff, 0x80, 0x3f, 0xf8, 0x0, 0x1f, 0xfc,
    0x1, 0xff, 0xc0, 0x0, 0xff, 0xe0, 0xf, 0xfe,
    0x0, 0x7, 0xfe, 0x0, 0x3f, 0xf0, 0x0, 0x1f,
    0xf0, 0x1, 0xff, 0x0, 0x0, 0xff, 0x80, 0xf,
    0xf8, 0x0, 0x7, 0xfc, 0x0, 0x7f, 0xc0, 0x0,

    /* U+0078 "x" */
    0xff, 0xe0, 0x7, 0xfe, 0x7f, 0xe0, 0xf, 0xfc,
    0x7f, 0xf0, 0x1f, 0xfc, 0x3f, 0xf0, 0x1f, 0xf8,
    0x3f, 0xf8, 0x3f, 0xf8, 0x1f, 0xf8, 0x3f, 0xf0,
    0xf, 0xfc, 0x7f, 0xe0, 0xf, 0xfc, 0x7f, 0xe0,
    0x7, 0xfe, 0xff, 0xc0, 0x7, 0xfe, 0xff, 0xc0,
    0x3, 0xff, 0xff, 0x80, 0x3, 0xff, 0xff, 0x80,
    0x1, 0xff, 0xff, 0x0, 0x1, 0xff, 0xff, 0x0,
    0x0, 0xff, 0xfe, 0x0, 0x0, 0x7f, 0xfc, 0x0,
    0x0, 0x7f, 0xfc, 0x0, 0x0, 0x7f, 0xfc, 0x0,
    0x0, 0xff, 0xfe, 0x0, 0x0, 0xff, 0xfe, 0x0,
    0x1, 0xff, 0xff, 0x0, 0x3, 0xff, 0xff, 0x80,
    0x3, 0xff, 0xff, 0x80, 0x7, 0xff, 0xff, 0xc0,
    0x7, 0xfe, 0xff, 0xc0, 0xf, 0xfc, 0x7f, 0xe0,
    0xf, 0xfc, 0x7f, 0xe0, 0x1f, 0xf8, 0x3f, 0xf0,
    0x1f, 0xf8, 0x3f, 0xf0, 0x3f, 0xf0, 0x1f, 0xf8,
    0x7f, 0xf0, 0x1f, 0xfc, 0x7f, 0xe0, 0xf, 0xfc,
    0xff, 0xe0, 0xf, 0xfe, 0xff, 0xc0, 0x7, 0xfe,

    /* U+0079 "y" */
    0xff, 0xe0, 0x3, 0xff, 0xff, 0xf0, 0x1, 0xff,
    0x9f, 0xf8, 0x0, 0xff, 0xcf, 0xfc, 0x0, 0xff,
    0xe3, 0xff, 0x0, 0x7f, 0xe1, 0xff, 0x80, 0x3f,
    0xf0, 0xff, 0xc0, 0x3f, 0xf8, 0x3f, 0xf0, 0x1f,
    0xf8, 0x1f, 0xf8, 0xf, 0xfc, 0xf, 0xfc, 0x7,
    0xfc, 0x3, 0xfe, 0x7, 0xfe, 0x1, 0xff, 0x83,
    0xff, 0x0, 0xff, 0xc1, 0xff, 0x0, 0x3f, 0xe1,
    0xff, 0x80, 0x1f, 0xf8, 0xff, 0xc0, 0xf, 0xfc,
    0x7f, 0xc0, 0x3, 0xfe, 0x7f, 0xe0, 0x1, 0xff,
    0x3f, 0xf0, 0x0, 0xff, 0xdf, 0xf0, 0x0, 0x3f,
    0xef, 0xf8, 0x0, 0x1f, 0xff, 0xfc, 0x0, 0xf,
    0xff, 0xfc, 0x0, 0x3, 0xff, 0xfe, 0x0, 0x1,
    0xff, 0xff, 0x0, 0x0, 0xff, 0xff, 0x0, 0x0,
    0x3f, 0xff, 0x80, 0x0, 0x1f, 0xff, 0xc0, 0x0,
    0xf, 0xff, 0xc0, 0x0, 0x3, 0xff, 0xe0, 0x0,
    0x1, 0xff, 0xe0, 0x0, 0x0, 0xff, 0xf0, 0x0,
    0x0, 0x3f, 0xf8, 0x0, 0x0, 0x1f, 0xf8, 0x0,
    0x0, 0xf, 0xfc, 0x0, 0x0, 0x3, 0xfe, 0x0,
    0x0, 0x1, 0xfe, 0x0, 0x0, 0x1, 0xff, 0x0,
    0x0, 0x0, 0xff, 0x80, 0x0, 0x0, 0xff, 0x80,
    0x0, 0x0, 0xff, 0xc0, 0x0, 0xf, 0xff, 0xe0,
    0x0, 0x7, 0xff, 0xe0, 0x0, 0x3, 0xff, 0xf0,
    0x0, 0x1, 0xff, 0xf0, 0x0, 0x0, 0xff, 0xf0,
    0x0, 0x0, 0x7f, 0xf0, 0x0, 0x0, 0x3f, 0xe0,
    0x0, 0x0, 0x3, 0x0, 0x0, 0x0,

    /* U+007A "z" */
    0x7f, 0xff, 0xff, 0xfb, 0xff, 0xff, 0xff, 0xdf,
    0xff, 0xff, 0xfe, 0xff, 0xff, 0xff, 0xf7, 0xff,
    0xff, 0xff, 0xbf, 0xff, 0xff, 0xf9, 0xff, 0xff,
    0xff, 0x80, 0x0, 0x1f, 0xfc, 0x0, 0x1, 0xff,
    0xc0, 0x0, 0xf, 0xfc, 0x0, 0x0, 0xff, 0xe0,
    0x0, 0xf, 0xfe, 0x0, 0x0, 0xff, 0xe0, 0x0,
    0x7, 0xfe, 0x0, 0x0, 0x7f, 0xf0, 0x0, 0x7,
    0xff, 0x0, 0x0, 0x3f, 0xf0, 0x0, 0x3, 0xff,
    0x0, 0x0, 0x3f, 0xf8, 0x0, 0x3, 0xff, 0x80,
    0x0, 0x1f, 0xf8, 0x0, 0x1, 0xff, 0x80, 0x0,
    0x1f, 0xfc, 0x0, 0x1, 0xff, 0xc0, 0x0, 0xf,
    0xfc, 0x0, 0x0, 0xff, 0xc0, 0x0, 0xf, 0xfe,
    0x0, 0x0, 0xff, 0xff, 0xff, 0xf7, 0xff, 0xff,
    0xff, 0xff, 0xff, 0xff, 0xff, 0xff, 0xff, 0xff,
    0xff, 0xff, 0xff, 0xff, 0xff, 0xff, 0xff, 0xff,
    0xff, 0xff, 0xff, 0xc0,

    /* U+007B "{" */
    0x0, 0x0, 0x40, 0x0, 0x78, 0x0, 0x3f, 0x0,
    0xf, 0xf0, 0x3, 0xfe, 0x0, 0xff, 0xc0, 0x3f,
    0xf0, 0x7, 0xfc, 0x1, 0xff, 0x0, 0x3f, 0xe0,
    0x7, 0xfc, 0x1, 0xff, 0x0, 0x3f, 0xe0, 0x7,
    0xfc, 0x0, 0xff, 0x80, 0x1f, 0xf0, 0x3, 0xfe,
    0x0, 0x7f, 0xc0, 0xf, 0xf8, 0x1, 0xff, 0x0,
    0x3f, 0xe0, 0x7, 0xfc, 0x0, 0xff, 0x80, 0x1f,
    0xf0, 0x3, 0xfe, 0x0, 0xff, 0x80, 0x3f, 0xf0,
    0xf, 0xfc, 0xf, 0xff, 0x81, 0xff, 0xe0, 0x3f,
    0xf0, 0x7, 0xfc, 0x0, 0xff, 0xe0, 0x1f, 0xfe,
    0x3, 0xff, 0xe0, 0x7, 0xfc, 0x0, 0x7f, 0xc0,
    0xf, 0xf8, 0x0, 0xff, 0x80, 0x1f, 0xf0, 0x3,
    0xfe, 0x0, 0x7f, 0xc0, 0xf, 0xf8, 0x1, 0xff,
    0x0, 0x3f, 0xe0, 0x7, 0xfc, 0x0, 0xff, 0x80,
    0x1f, 0xf0, 0x3, 0xfe, 0x0, 0x7f, 0xc0, 0xf,
    0xf8, 0x1, 0xff, 0x0, 0x1f, 0xf0, 0x3, 0xfe,
    0x0, 0x7f, 0xc0, 0x7, 0xfc, 0x0, 0x7f, 0xc0,
    0xf, 0xfc, 0x0, 0xff, 0x80, 0x7, 0xf0, 0x0,
    0x7c, 0x0, 0x3, 0x80,

    /* U+007C "|" */
    0xff, 0xff, 0xff, 0xff, 0xff, 0xff, 0xff, 0xff,
    0xff, 0xff, 0xff, 0xff, 0xff, 0xff, 0xff, 0xff,
    0xff, 0xff, 0xff, 0xff, 0xff, 0xff, 0xff, 0xff,
    0xff, 0xff, 0xff, 0xff, 0xff, 0xff, 0xff, 0xff,
    0xff, 0xff, 0xff, 0xff, 0xff, 0xff, 0xff, 0xff,
    0xff, 0xc0,

    /* U+007D "}" */
    0x40, 0x0, 0x1e, 0x0, 0x7, 0xe0, 0x3, 0xfc,
    0x0, 0xff, 0x80, 0x3f, 0xf0, 0x7, 0xfe, 0x0,
    0xff, 0x80, 0x1f, 0xf0, 0x7, 0xfc, 0x0, 0xff,
    0x0, 0x3f, 0xe0, 0xf, 0xf8, 0x3, 0xfe, 0x0,
    0xff, 0x80, 0x3f, 0xe0, 0xf, 0xf8, 0x3, 0xfe,
    0x0, 0xff, 0x80, 0x3f, 0xe0, 0xf, 0xf8, 0x3,
    0xfe, 0x0, 0xff, 0x80, 0x3f, 0xe0, 0xf, 0xf8,
    0x1, 0xff, 0x0, 0x7f, 0xc0, 0x1f, 0xfc, 0x3,
    0xff, 0xc0, 0x7f, 0xf0, 0xf, 0xfc, 0x0, 0xff,
    0x0, 0xff, 0xc0, 0x7f, 0xf0, 0x3f, 0xfc, 0x1f,
    0xfc, 0x7, 0xfc, 0x1, 0xff, 0x0, 0xff, 0x80,
    0x3f, 0xe0, 0xf, 0xf8, 0x3, 0xfe, 0x0, 0xff,
    0x80, 0x3f, 0xe0, 0xf, 0xf8, 0x3, 0xfe, 0x0,
    0xff, 0x80, 0x3f, 0xe0, 0xf, 0xf8, 0x3, 0xfe,
    0x0, 0xff, 0x80, 0x3f, 0xe0, 0x1f, 0xf0, 0x7,
    0xfc, 0x1, 0xff, 0x0, 0xff, 0x80, 0x7f, 0xe0,
    0x3f, 0xf0, 0xf, 0xf8, 0x3, 0xfc, 0x0, 0x7e,
    0x0, 0x1e, 0x0, 0x4, 0x0, 0x0,

    /* U+007E "~" */
    0x1, 0xfc, 0x0, 0x0, 0x0, 0xff, 0xe0, 0x1,
    0xfc, 0x3f, 0xfe, 0x0, 0x3f, 0x8f, 0xff, 0xe0,
    0x7, 0xf3, 0xff, 0xff, 0x1, 0xfe, 0x7f, 0xff,
    0xf0, 0x3f, 0xdf, 0xff, 0xff, 0xf, 0xf3, 0xfc,
    0x3f, 0xff, 0xfe, 0xff, 0x3, 0xff, 0xff, 0x9f,
    0xe0, 0x1f, 0xff, 0xf3, 0xf8, 0x1, 0xff, 0xfc,
    0x7f, 0x0, 0x1f, 0xff, 0xf, 0xe0, 0x1, 0xff,
    0xc0, 0x0, 0x0, 0xf, 0xe0, 0x0,

    /* U+00B0 "°" */
    0x3, 0xe0, 0x7, 0xfc, 0x7, 0xff, 0x87, 0xff,
    0xc7, 0xe3, 0xf3, 0xe0, 0xfb, 0xe0, 0x3f, 0xf0,
    0x1f, 0xf8, 0xf, 0xfc, 0x7, 0xfe, 0x3, 0xff,
    0x83, 0xe7, 0xe3, 0xf1, 0xff, 0xf0, 0xff, 0xf8,
    0x1f, 0xf0, 0x3, 0xf0, 0x0
};


/*---------------------
 *  GLYPH DESCRIPTION
 *--------------------*/

static const lv_font_fmt_txt_glyph_dsc_t glyph_dsc[] = {
    {.bitmap_index = 0, .adv_w = 0, .box_w = 0, .box_h = 0, .ofs_x = 0, .ofs_y = 0} /* id = 0 reserved */,
    {.bitmap_index = 0, .adv_w = 255, .box_w = 1, .box_h = 1, .ofs_x = 0, .ofs_y = 0},
    {.bitmap_index = 1, .adv_w = 280, .box_w = 11, .box_h = 47, .ofs_x = 4, .ofs_y = -1},
    {.bitmap_index = 66, .adv_w = 326, .box_w = 17, .box_h = 17, .ofs_x = 1, .ofs_y = 31},
    {.bitmap_index = 103, .adv_w = 601, .box_w = 35, .box_h = 46, .ofs_x = 1, .ofs_y = 0},
    {.bitmap_index = 305, .adv_w = 591, .box_w = 31, .box_h = 61, .ofs_x = 3, .ofs_y = -7},
    {.bitmap_index = 542, .adv_w = 759, .box_w = 42, .box_h = 48, .ofs_x = 3, .ofs_y = -1},
    {.bitmap_index = 794, .adv_w = 682, .box_w = 40, .box_h = 48, .ofs_x = 2, .ofs_y = -1},
    {.bitmap_index = 1034, .adv_w = 162, .box_w = 7, .box_h = 18, .ofs_x = 2, .ofs_y = 30},
    {.bitmap_index = 1050, .adv_w = 360, .box_w = 17, .box_h = 65, .ofs_x = 4, .ofs_y = -14},
    {.bitmap_index = 1189, .adv_w = 361, .box_w = 18, .box_h = 65, .ofs_x = 2, .ofs_y = -14},
    {.bitmap_index = 1336, .adv_w = 471, .box_w = 28, .box_h = 28, .ofs_x = 1, .ofs_y = 18},
    {.bitmap_index = 1434, .adv_w = 553, .box_w = 31, .box_h = 34, .ofs_x = 2, .ofs_y = 4},
    {.bitmap_index = 1566, .adv_w = 264, .box_w = 11, .box_h = 20, .ofs_x = 2, .ofs_y = -12},
    {.bitmap_index = 1594, .adv_w = 432, .box_w = 18, .box_h = 7, .ofs_x = 4, .ofs_y = 16},
    {.bitmap_index = 1610, .adv_w = 304, .box_w = 11, .box_h = 11, .ofs_x = 4, .ofs_y = -1},
    {.bitmap_index = 1626, .adv_w = 370, .box_w = 24, .box_h = 50, .ofs_x = -1, .ofs_y = -4},
    {.bitmap_index = 1776, .adv_w = 591, .box_w = 31, .box_h = 48, .ofs_x = 3, .ofs_y = -1},
    {.bitmap_index = 1962, .adv_w = 591, .box_w = 21, .box_h = 46, .ofs_x = 5, .ofs_y = 0},
    {.bitmap_index = 2083, .adv_w = 591, .box_w = 32, .box_h = 47, .ofs_x = 2, .ofs_y = 0},
    {.bitmap_index = 2271, .adv_w = 591, .box_w = 32, .box_h = 48, .ofs_x = 2, .ofs_y = -1},
    {.bitmap_index = 2463, .adv_w = 591, .box_w = 34, .box_h = 46, .ofs_x = 1, .ofs_y = 0},
    {.bitmap_index = 2659, .adv_w = 591, .box_w = 32, .box_h = 47, .ofs_x = 2, .ofs_y = -1},
    {.bitmap_index = 2847, .adv_w = 591, .box_w = 32, .box_h = 48, .ofs_x = 3, .ofs_y = -1},
    {.bitmap_index = 3039, .adv_w = 591, .box_w = 33, .box_h = 46, .ofs_x = 2, .ofs_y = 0},
    {.bitmap_index = 3229, .adv_w = 591, .box_w = 31, .box_h = 48, .ofs_x = 3, .ofs_y = -1},
    {.bitmap_index = 3415, .adv_w = 591, .box_w = 31, .box_h = 48, .ofs_x = 3, .ofs_y = -1},
    {.bitmap_index = 3601, .adv_w = 298, .box_w = 11, .box_h = 36, .ofs_x = 4, .ofs_y = -1},
    {.bitmap_index = 3651, .adv_w = 283, .box_w = 12, .box_h = 47, .ofs_x = 2, .ofs_y = -12},
    {.bitmap_index = 3722, .adv_w = 522, .box_w = 28, .box_h = 31, .ofs_x = 2, .ofs_y = 4},
    {.bitmap_index = 3831, .adv_w = 594, .box_w = 29, .box_h = 21, .ofs_x = 4, .ofs_y = 10},
    {.bitmap_index = 3908, .adv_w = 527, .box_w = 28, .box_h = 31, .ofs_x = 4, .ofs_y = 4},
    {.bitmap_index = 4017, .adv_w = 516, .box_w = 29, .box_h = 48, .ofs_x = 1, .ofs_y = -1},
    {.bitmap_index = 4191, .adv_w = 918, .box_w = 52, .box_h = 59, .ofs_x = 2, .ofs_y = -14},
    {.bitmap_index = 4575, .adv_w = 693, .box_w = 43, .box_h = 46, .ofs_x = 0, .ofs_y = 0},
    {.bitmap_index = 4823, .adv_w = 658, .box_w = 34, .box_h = 46, .ofs_x = 4, .ofs_y = 0},
    {.bitmap_index = 5019, .adv_w = 671, .box_w = 37, .box_h = 48, .ofs_x = 2, .ofs_y = -1},
    {.bitmap_index = 5241, .adv_w = 664, .box_w = 35, .box_h = 46, .ofs_x = 4, .ofs_y = 0},
    {.bitmap_index = 5443, .adv_w = 575, .box_w = 31, .box_h = 46, .ofs_x = 4, .ofs_y = 0},
    {.bitmap_index = 5622, .adv_w = 561, .box_w = 30, .box_h = 46, .ofs_x = 4, .ofs_y = 0},
    {.bitmap_index = 5795, .adv_w = 698, .box_w = 38, .box_h = 48, .ofs_x = 3, .ofs_y = -1},
    {.bitmap_index = 6023, .adv_w = 722, .box_w = 37, .box_h = 46, .ofs_x = 4, .ofs_y = 0},
    {.bitmap_index = 6236, .adv_w = 305, .box_w = 10, .box_h = 46, .ofs_x = 4, .ofs_y = 0},
    {.bitmap_index = 6294, .adv_w = 574, .box_w = 31, .box_h = 47, .ofs_x = 1, .ofs_y = -1},
    {.bitmap_index = 6477, .adv_w = 653, .box_w = 37, .box_h = 46, .ofs_x = 4, .ofs_y = 0},
    {.bitmap_index = 6690, .adv_w = 555, .box_w = 30, .box_h = 46, .ofs_x = 4, .ofs_y = 0},
    {.bitmap_index = 6863, .adv_w = 897, .box_w = 49, .box_h = 46, .ofs_x = 4, .ofs_y = 0},
    {.bitmap_index = 7145, .adv_w = 721, .box_w = 37, .box_h = 46, .ofs_x = 4, .ofs_y = 0},
    {.bitmap_index = 7358, .adv_w = 707, .box_w = 39, .box_h = 48, .ofs_x = 2, .ofs_y = -1},
    {.bitmap_index = 7592, .adv_w = 664, .box_w = 35, .box_h = 46, .ofs_x = 4, .ofs_y = 0},
    {.bitmap_index = 7794, .adv_w = 707, .box_w = 39, .box_h = 55, .ofs_x = 2, .ofs_y = -8},
    {.bitmap_index = 8063, .adv_w = 662, .box_w = 36, .box_h = 46, .ofs_x = 4, .ofs_y = 0},
    {.bitmap_index = 8270, .adv_w = 636, .box_w = 35, .box_h = 48, .ofs_x = 2, .ofs_y = -1},
    {.bitmap_index = 8480, .adv_w = 641, .box_w = 38, .box_h = 46, .ofs_x = 1, .ofs_y = 0},
    {.bitmap_index = 8699, .adv_w = 678, .box_w = 35, .box_h = 47, .ofs_x = 3, .ofs_y = -1},
    {.bitmap_index = 8905, .adv_w = 673, .box_w = 42, .box_h = 46, .ofs_x = 0, .ofs_y = 0},
    {.bitmap_index = 9147, .adv_w = 893, .box_w = 54, .box_h = 46, .ofs_x = 1, .ofs_y = 0},
    {.bitmap_index = 9458, .adv_w = 652, .box_w = 40, .box_h = 46, .ofs_x = 0, .ofs_y = 0},
    {.bitmap_index = 9688, .adv_w = 639, .box_w = 40, .box_h = 46, .ofs_x = 0, .ofs_y = 0},
    {.bitmap_index = 9918, .adv_w = 623, .box_w = 35, .box_h = 46, .ofs_x = 2, .ofs_y = 0},
    {.bitmap_index = 10120, .adv_w = 286, .box_w = 14, .box_h = 65, .ofs_x = 4, .ofs_y = -11},
    {.bitmap_index = 10234, .adv_w = 435, .box_w = 29, .box_h = 50, .ofs_x = 0, .ofs_y = -4},
    {.bitmap_index = 10416, .adv_w = 286, .box_w = 14, .box_h = 65, .ofs_x = 1, .ofs_y = -11},
    {.bitmap_index = 10530, .adv_w = 454, .box_w = 26, .box_h = 23, .ofs_x = 1, .ofs_y = 23},
    {.bitmap_index = 10605, .adv_w = 454, .box_w = 28, .box_h = 7, .ofs_x = 0, .ofs_y = -7},
    {.bitmap_index = 10630, .adv_w = 343, .box_w = 16, .box_h = 10, .ofs_x = 2, .ofs_y = 39},
    {.bitmap_index = 10650, .adv_w = 546, .box_w = 30, .box_h = 36, .ofs_x = 2, .ofs_y = -1},
    {.bitmap_index = 10785, .adv_w = 577, .box_w = 31, .box_h = 49, .ofs_x = 3, .ofs_y = -1},
    {.bitmap_index = 10975, .adv_w = 533, .box_w = 30, .box_h = 36, .ofs_x = 2, .ofs_y = -1},
    {.bitmap_index = 11110, .adv_w = 576, .box_w = 31, .box_h = 49, .ofs_x = 2, .ofs_y = -1},
    {.bitmap_index = 11300, .adv_w = 556, .box_w = 31, .box_h = 36, .ofs_x = 2, .ofs_y = -1},
    {.bitmap_index = 11440, .adv_w = 369, .box_w = 23, .box_h = 49, .ofs_x = 1, .ofs_y = 0},
    {.bitmap_index = 11581, .adv_w = 587, .box_w = 32, .box_h = 48, .ofs_x = 2, .ofs_y = -13},
    {.bitmap_index = 11773, .adv_w = 576, .box_w = 30, .box_h = 48, .ofs_x = 3, .ofs_y = 0},
    {.bitmap_index = 11953, .adv_w = 277, .box_w = 11, .box_h = 48, .ofs_x = 3, .ofs_y = 0},
    {.bitmap_index = 12019, .adv_w = 272, .box_w = 18, .box_h = 62, .ofs_x = -4, .ofs_y = -14},
    {.bitmap_index = 12159, .adv_w = 554, .box_w = 32, .box_h = 48, .ofs_x = 3, .ofs_y = 0},
    {.bitmap_index = 12351, .adv_w = 277, .box_w = 10, .box_h = 48, .ofs_x = 4, .ofs_y = 0},
    {.bitmap_index = 12411, .adv_w = 885, .box_w = 49, .box_h = 35, .ofs_x = 3, .ofs_y = 0},
    {.bitmap_index = 12626, .adv_w = 576, .box_w = 30, .box_h = 35, .ofs_x = 3, .ofs_y = 0},
    {.bitmap_index = 12758, .adv_w = 577, .box_w = 32, .box_h = 36, .ofs_x = 2, .ofs_y = -1},
    {.bitmap_index = 12902, .adv_w = 577, .box_w = 31, .box_h = 48, .ofs_x = 3, .ofs_y = -13},
    {.bitmap_index = 13088, .adv_w = 577, .box_w = 31, .box_h = 48, .ofs_x = 2, .ofs_y = -13},
    {.bitmap_index = 13274, .adv_w = 382, .box_w = 20, .box_h = 35, .ofs_x = 3, .ofs_y = 0},
    {.bitmap_index = 13362, .adv_w = 526, .box_w = 29, .box_h = 36, .ofs_x = 1, .ofs_y = -1},
    {.bitmap_index = 13493, .adv_w = 350, .box_w = 21, .box_h = 44, .ofs_x = 0, .ofs_y = -1},
    {.bitmap_index = 13609, .adv_w = 576, .box_w = 30, .box_h = 35, .ofs_x = 3, .ofs_y = -1},
    {.bitmap_index = 13741, .adv_w = 524, .box_w = 33, .box_h = 34, .ofs_x = 0, .ofs_y = 0},
    {.bitmap_index = 13882, .adv_w = 748, .box_w = 45, .box_h = 34, .ofs_x = 1, .ofs_y = 0},
    {.bitmap_index = 14074, .adv_w = 525, .box_w = 32, .box_h = 34, .ofs_x = 1, .ofs_y = 0},
    {.bitmap_index = 14210, .adv_w = 523, .box_w = 33, .box_h = 48, .ofs_x = 0, .ofs_y = -14},
    {.bitmap_index = 14408, .adv_w = 525, .box_w = 29, .box_h = 34, .ofs_x = 2, .ofs_y = 0},
    {.bitmap_index = 14532, .adv_w = 335, .box_w = 19, .box_h = 62, .ofs_x = 1, .ofs_y = -11},
    {.bitmap_index = 14680, .adv_w = 260, .box_w = 6, .box_h = 55, .ofs_x = 5, .ofs_y = -9},
    {.bitmap_index = 14722, .adv_w = 335, .box_w = 18, .box_h = 63, .ofs_x = 2, .ofs_y = -12},
    {.bitmap_index = 14864, .adv_w = 656, .box_w = 35, .box_h = 14, .ofs_x = 3, .ofs_y = 12},
    {.bitmap_index = 14926, .adv_w = 403, .box_w = 17, .box_h = 17, .ofs_x = 4, .ofs_y = 29}
};

/*---------------------
 *  CHARACTER MAPPING
 *--------------------*/



/*Collect the unicode lists and glyph_id offsets*/
static const lv_font_fmt_txt_cmap_t cmaps[] =
{
    {
        .range_start = 32, .range_length = 95, .glyph_id_start = 1,
        .unicode_list = NULL, .glyph_id_ofs_list = NULL, .list_length = 0, .type = LV_FONT_FMT_TXT_CMAP_FORMAT0_TINY
    },
    {
        .range_start = 176, .range_length = 1, .glyph_id_start = 96,
        .unicode_list = NULL, .glyph_id_ofs_list = NULL, .list_length = 0, .type = LV_FONT_FMT_TXT_CMAP_FORMAT0_TINY
    }
};

/*-----------------
 *    KERNING
 *----------------*/


/*Pair left and right glyphs for kerning*/
static const uint8_t kern_pair_glyph_ids[] =
{
    1, 53,
    3, 3,
    3, 8,
    8, 3,
    8, 8,
    9, 55,
    9, 56,
    9, 58,
    13, 3,
    13, 8,
    15, 3,
    15, 8,
    16, 16,
    34, 3,
    34, 8,
    34, 32,
    34, 36,
    34, 40,
    34, 48,
    34, 50,
    34, 53,
    34, 54,
    34, 55,
    34, 56,
    34, 58,
    34, 78,
    34, 79,
    34, 80,
    34, 81,
    34, 85,
    34, 86,
    34, 87,
    34, 88,
    34, 90,
    34, 91,
    35, 53,
    35, 55,
    35, 58,
    36, 10,
    36, 53,
    36, 62,
    36, 94,
    37, 13,
    37, 15,
    37, 34,
    37, 53,
    37, 55,
    37, 57,
    37, 58,
    37, 59,
    38, 53,
    38, 68,
    38, 69,
    38, 70,
    38, 71,
    38, 72,
    38, 80,
    38, 82,
    38, 86,
    38, 87,
    38, 88,
    38, 90,
    39, 13,
    39, 15,
    39, 34,
    39, 43,
    39, 53,
    39, 66,
    39, 68,
    39, 69,
    39, 70,
    39, 72,
    39, 80,
    39, 82,
    39, 83,
    39, 86,
    39, 87,
    39, 90,
    41, 34,
    41, 53,
    41, 57,
    41, 58,
    42, 34,
    42, 53,
    42, 57,
    42, 58,
    43, 34,
    44, 14,
    44, 36,
    44, 40,
    44, 48,
    44, 50,
    44, 68,
    44, 69,
    44, 70,
    44, 72,
    44, 78,
    44, 79,
    44, 80,
    44, 81,
    44, 82,
    44, 86,
    44, 87,
    44, 88,
    44, 90,
    45, 34,
    45, 36,
    45, 40,
    45, 48,
    45, 50,
    45, 53,
    45, 54,
    45, 55,
    45, 56,
    45, 58,
    45, 86,
    45, 87,
    45, 88,
    45, 90,
    46, 34,
    46, 53,
    46, 57,
    46, 58,
    47, 34,
    47, 53,
    47, 57,
    47, 58,
    48, 13,
    48, 15,
    48, 34,
    48, 53,
    48, 55,
    48, 57,
    48, 58,
    48, 59,
    49, 13,
    49, 15,
    49, 34,
    49, 43,
    49, 57,
    49, 59,
    49, 66,
    49, 68,
    49, 69,
    49, 70,
    49, 72,
    49, 80,
    49, 82,
    49, 85,
    49, 87,
    49, 90,
    50, 53,
    50, 55,
    50, 56,
    50, 58,
    51, 53,
    51, 55,
    51, 58,
    53, 1,
    53, 13,
    53, 14,
    53, 15,
    53, 34,
    53, 36,
    53, 40,
    53, 43,
    53, 48,
    53, 50,
    53, 52,
    53, 53,
    53, 55,
    53, 56,
    53, 58,
    53, 66,
    53, 68,
    53, 69,
    53, 70,
    53, 72,
    53, 78,
    53, 79,
    53, 80,
    53, 81,
    53, 82,
    53, 83,
    53, 84,
    53, 86,
    53, 87,
    53, 88,
    53, 89,
    53, 90,
    53, 91,
    54, 34,
    55, 10,
    55, 13,
    55, 14,
    55, 15,
    55, 34,
    55, 36,
    55, 40,
    55, 48,
    55, 50,
    55, 62,
    55, 66,
    55, 68,
    55, 69,
    55, 70,
    55, 72,
    55, 80,
    55, 82,
    55, 83,
    55, 86,
    55, 87,
    55, 90,
    55, 94,
    56, 10,
    56, 13,
    56, 14,
    56, 15,
    56, 34,
    56, 53,
    56, 62,
    56, 66,
    56, 68,
    56, 69,
    56, 70,
    56, 72,
    56, 80,
    56, 82,
    56, 83,
    56, 86,
    56, 94,
    57, 14,
    57, 36,
    57, 40,
    57, 48,
    57, 50,
    57, 55,
    57, 68,
    57, 69,
    57, 70,
    57, 72,
    57, 80,
    57, 82,
    57, 86,
    57, 87,
    57, 90,
    58, 7,
    58, 10,
    58, 11,
    58, 13,
    58, 14,
    58, 15,
    58, 34,
    58, 36,
    58, 40,
    58, 43,
    58, 48,
    58, 50,
    58, 52,
    58, 53,
    58, 54,
    58, 55,
    58, 56,
    58, 57,
    58, 58,
    58, 62,
    58, 66,
    58, 68,
    58, 69,
    58, 70,
    58, 71,
    58, 72,
    58, 78,
    58, 79,
    58, 80,
    58, 81,
    58, 82,
    58, 83,
    58, 84,
    58, 85,
    58, 86,
    58, 87,
    58, 89,
    58, 90,
    58, 91,
    58, 94,
    59, 34,
    59, 36,
    59, 40,
    59, 48,
    59, 50,
    59, 68,
    59, 69,
    59, 70,
    59, 72,
    59, 80,
    59, 82,
    59, 86,
    59, 87,
    59, 88,
    59, 90,
    60, 43,
    60, 54,
    66, 3,
    66, 8,
    66, 87,
    66, 90,
    67, 3,
    67, 8,
    67, 87,
    67, 89,
    67, 90,
    67, 91,
    68, 3,
    68, 8,
    70, 3,
    70, 8,
    70, 87,
    70, 90,
    71, 3,
    71, 8,
    71, 10,
    71, 62,
    71, 68,
    71, 69,
    71, 70,
    71, 72,
    71, 82,
    71, 94,
    73, 3,
    73, 8,
    76, 68,
    76, 69,
    76, 70,
    76, 72,
    76, 82,
    78, 3,
    78, 8,
    79, 3,
    79, 8,
    80, 3,
    80, 8,
    80, 87,
    80, 89,
    80, 90,
    80, 91,
    81, 3,
    81, 8,
    81, 87,
    81, 89,
    81, 90,
    81, 91,
    83, 3,
    83, 8,
    83, 13,
    83, 15,
    83, 66,
    83, 68,
    83, 69,
    83, 70,
    83, 71,
    83, 72,
    83, 80,
    83, 82,
    83, 85,
    83, 87,
    83, 88,
    83, 90,
    85, 80,
    87, 3,
    87, 8,
    87, 13,
    87, 15,
    87, 66,
    87, 68,
    87, 69,
    87, 70,
    87, 71,
    87, 72,
    87, 80,
    87, 82,
    88, 13,
    88, 15,
    89, 68,
    89, 69,
    89, 70,
    89, 72,
    89, 80,
    89, 82,
    90, 3,
    90, 8,
    90, 13,
    90, 15,
    90, 66,
    90, 68,
    90, 69,
    90, 70,
    90, 71,
    90, 72,
    90, 80,
    90, 82,
    91, 68,
    91, 69,
    91, 70,
    91, 72,
    91, 80,
    91, 82,
    92, 43,
    92, 54
};

/* Kerning between the respective left and right glyphs
 * 4.4 format which needs to scaled with `kern_scale`*/
static const int8_t kern_pair_values[] =
{
    -17, -14, -14, -14, -14, 6, 10, 7,
    -79, -79, -79, -79, -72, -36, -36, -23,
    -6, -6, -6, -6, -36, -5, -23, -13,
    -42, -12, -12, -4, -12, -5, -3, -15,
    -10, -15, 4, -8, -7, -16, -8, -9,
    -4, -5, -35, -35, -6, -23, -7, -7,
    -13, -7, 6, -6, -6, -6, -5, -6,
    -6, -6, -5, -8, -7, -8, -79, -79,
    -56, -64, 6, -10, -6, -6, -6, -6,
    -6, -6, -8, -7, -7, -7, 5, -9,
    5, -8, 5, -9, 5, -8, -7, -44,
    -9, -9, -9, -9, -8, -8, -8, -8,
    -1, -1, -8, -1, -8, -7, -12, -19,
    -12, 6, -19, -19, -19, -19, -64, -9,
    -60, -30, -81, -6, -37, -17, -37, 5,
    -9, 5, -8, 5, -9, 5, -8, -35,
    -35, -6, -23, -7, -7, -13, -7, -116,
    -116, -51, -55, -14, -10, -3, -4, -4,
    -4, -4, -4, -4, 4, 4, 4, -10,
    -8, -6, -10, -16, -6, -14, -17, -75,
    -79, -75, -33, -8, -8, -65, -8, -8,
    -5, 5, 5, 4, 5, -47, -27, -27,
    -27, -27, -27, -27, -56, -27, -27, -20,
    -24, -21, -24, -15, -23, -24, -18, -7,
    6, -64, -41, -64, -22, -4, -4, -4,
    -4, 5, -14, -13, -13, -13, -13, -14,
    -13, -9, -8, -3, -3, 6, 4, -41,
    -18, -41, -13, 4, 4, -10, -9, -9,
    -9, -9, -9, -9, -6, -6, 4, -41,
    -7, -7, -7, -7, 4, -8, -8, -8,
    -8, -6, -8, -6, -9, -9, -9, 6,
    -15, -68, -40, -68, -42, -9, -9, -28,
    -9, -9, -5, 5, -28, 5, 5, 4,
    5, 5, -19, -19, -19, -19, -7, -19,
    -12, -12, -19, -12, -19, -12, -17, -7,
    -12, -6, -7, -6, -9, 6, 4, -8,
    -8, -8, -8, -6, -6, -6, -6, -6,
    -6, -6, -8, -8, -8, -5, -5, -7,
    -7, -4, -4, -9, -9, -3, -4, -3,
    -4, -3, -3, -4, -4, -4, -4, 5,
    5, 6, 5, -7, -7, -7, -7, -7,
    6, -25, -25, -6, -6, -6, -6, -6,
    -25, -25, -25, -25, -28, -28, -4, -6,
    -4, -5, -9, -9, -3, -4, -3, -4,
    5, 5, -49, -49, -9, -6, -6, -6,
    6, -6, -10, -6, 15, 5, 5, 5,
    -8, 4, 4, -47, -47, -4, -4, -4,
    -4, 4, -4, -4, -4, -37, -37, -6,
    -6, -6, -6, -11, -6, 4, 4, -47,
    -47, -4, -4, -4, -4, 4, -4, -4,
    -4, -5, -5, -5, -5, -5, -5, -6,
    -6
};

/*Collect the kern pair's data in one place*/
static const lv_font_fmt_txt_kern_pair_t kern_pairs =
{
    .glyph_ids = kern_pair_glyph_ids,
    .values = kern_pair_values,
    .pair_cnt = 409,
    .glyph_ids_size = 0
};

/*--------------------
 *  ALL CUSTOM DATA
 *--------------------*/

#if LVGL_VERSION_MAJOR == 8
/*Store all the custom data of the font*/
static  lv_font_fmt_txt_glyph_cache_t cache;
#endif

#if LVGL_VERSION_MAJOR >= 8
static const lv_font_fmt_txt_dsc_t font_dsc = {
#else
static lv_font_fmt_txt_dsc_t font_dsc = {
#endif
    .glyph_bitmap = glyph_bitmap,
    .glyph_dsc = glyph_dsc,
    .cmaps = cmaps,
    .kern_dsc = &kern_pairs,
    .kern_scale = 27,
    .cmap_num = 2,
    .bpp = 1,
    .kern_classes = 0,
    .bitmap_format = 0,
#if LVGL_VERSION_MAJOR == 8
    .cache = &cache
#endif

};



/*-----------------
 *  PUBLIC FONT
 *----------------*/

/*Initialize a public general font descriptor*/
#if LVGL_VERSION_MAJOR >= 8
const lv_font_t roboto_extra_bold_64 = {
#else
lv_font_t roboto_extra_bold_64 = {
#endif
    .get_glyph_dsc = lv_font_get_glyph_dsc_fmt_txt,    /*Function pointer to get glyph's data*/
    .get_glyph_bitmap = lv_font_get_bitmap_fmt_txt,    /*Function pointer to get glyph's bitmap*/
    .line_height = 68,          /*The maximum line height required by the font*/
    .base_line = 14,             /*Baseline measured from the bottom of the line*/
#if !(LVGL_VERSION_MAJOR == 6 && LVGL_VERSION_MINOR == 0)
    .subpx = LV_FONT_SUBPX_NONE,
#endif
#if LV_VERSION_CHECK(7, 4, 0) || LVGL_VERSION_MAJOR >= 8
    .underline_position = -5,
    .underline_thickness = 3,
#endif
    .static_bitmap = 0,
    .dsc = &font_dsc,          /*The custom font data. Will be accessed by `get_glyph_bitmap/dsc` */
#if LV_VERSION_CHECK(8, 2, 0) || LVGL_VERSION_MAJOR >= 9
    .fallback = NULL,
#endif
    .user_data = NULL,
};



#endif /*#if ROBOTO_EXTRA_BOLD_64*/
